{
	"credit": "Made with Blockbench",
	"parent": "./p08",
	"texture_size": [32, 32],
	"textures": {
		"1": "./p08",
		"particle": "./p08"
	},
	"elements": [
		{
			"from": [7.5, 9.75, 1.5],
			"to": [8.5, 10.75, 6.5],
			"rotation": {"angle": 0, "axis": "y", "origin": [8, 0, -2]},
			"faces": {
				"north": {"uv": [0.00313, 15.25313, 0.74688, 15.99688], "texture": "#1"},
				"east": {"uv": [5.50313, 0.00313, 7.99688, 0.49688], "texture": "#1"},
				"west": {"uv": [5.50313, 0.50313, 7.99688, 0.99688], "texture": "#1"},
				"up": {"uv": [3.99688, 7.49688, 3.50313, 5.00313], "texture": "#1"},
				"down": {"uv": [4.49688, 5.00313, 4.00313, 7.49688], "texture": "#1"}
			}
		},
		{
			"from": [7.35, 7.5, 9.5],
			"to": [8.65, 9, 10.5],
			"rotation": {"angle": 0, "axis": "y", "origin": [5.65, 0.13372, -2]},
			"faces": {
				"north": {"uv": [6.50313, 2.00312, 7.24688, 2.74688], "texture": "#1"},
				"east": {"uv": [3.50313, 7.50313, 3.99688, 8.24687], "texture": "#1"},
				"west": {"uv": [4.00313, 7.50313, 4.49688, 8.24687], "texture": "#1"},
				"down": {"uv": [8.24687, 4.00313, 7.50313, 4.49688], "texture": "#1"}
			}
		},
		{
			"from": [7.25, 9, 6.5],
			"to": [8.75, 11, 12.25],
			"rotation": {"angle": 0, "axis": "y", "origin": [12.75, 0, -2]},
			"faces": {
				"north": {"uv": [5.50313, 2.50312, 6.24688, 3.49688], "texture": "#1"},
				"east": {"uv": [1.50313, 3.00313, 4.49688, 3.99688], "texture": "#1"},
				"south": {"uv": [5.50313, 3.50313, 6.24688, 4.49688], "texture": "#1"},
				"west": {"uv": [1.50313, 4.00313, 4.49688, 4.99688], "texture": "#1"},
				"up": {"uv": [2.24688, 7.99688, 1.50313, 5.00313], "texture": "#1"},
				"down": {"uv": [3.24688, 5.00313, 2.50312, 7.99688], "texture": "#1"}
			}
		},
		{
			"from": [7.25, 9.25, 12.25],
			"to": [8.75, 11.25, 13.5],
			"rotation": {"angle": 0, "axis": "x", "origin": [2, 10.25, 13]},
			"faces": {
				"east": {"uv": [5.50313, 4.50313, 6.24688, 5.49688], "texture": "#1"},
				"south": {"uv": [5.50313, 5.50313, 6.24688, 6.49688], "texture": "#1"},
				"west": {"uv": [4.50313, 6.00313, 5.24688, 6.99688], "texture": "#1"},
				"up": {"uv": [7.24688, 3.74688, 6.50313, 3.00313], "texture": "#1"},
				"down": {"uv": [7.24688, 4.00313, 6.50313, 4.74688], "texture": "#1"}
			}
		},
		{
			"from": [7.35, 8.92493, 11.61575],
			"to": [8.65, 9.92493, 13.36575],
			"rotation": {"angle": -22.5, "axis": "x", "origin": [7.9, 9.42493, 12.61575]},
			"faces": {
				"east": {"uv": [7.50313, 2.00312, 8.49687, 2.49688], "texture": "#1"},
				"west": {"uv": [7.50313, 2.50312, 8.49687, 2.99688], "texture": "#1"},
				"down": {"uv": [7.24688, 1.00313, 6.50313, 1.99688], "texture": "#1"}
			}
		},
		{
			"from": [7.3, 3.99963, 10.51589],
			"to": [8.7, 9.74963, 13.01589],
			"rotation": {"angle": -22.5, "axis": "x", "origin": [1.525, 6.89963, 11.76589]},
			"faces": {
				"north": {"uv": [4.50313, 0.00313, 5.24688, 2.99688], "texture": "#1"},
				"east": {"uv": [1.50313, 0.00313, 2.74688, 2.99688], "texture": "#1"},
				"south": {"uv": [4.50313, 3.00313, 5.24688, 5.99688], "texture": "#1"},
				"west": {"uv": [3.00313, 0.00313, 4.24688, 2.99688], "texture": "#1"},
				"down": {"uv": [6.24688, 1.00313, 5.50313, 2.24688], "texture": "#1"}
			}
		},
		{
			"from": [7.35, 4.19873, 12.78052],
			"to": [8.65, 4.69873, 14.03052],
			"rotation": {"angle": 0, "axis": "y", "origin": [5.9, 0.08245, 3.03052]},
			"faces": {
				"east": {"uv": [8.00313, 4.50313, 8.74687, 4.74688], "texture": "#1"},
				"south": {"uv": [8.00313, 5.00313, 8.74687, 5.24688], "texture": "#1"},
				"west": {"uv": [6.00313, 8.00313, 6.74688, 8.24687], "texture": "#1"},
				"up": {"uv": [7.24688, 5.74688, 6.50313, 5.00313], "texture": "#1"},
				"down": {"uv": [6.24688, 6.50313, 5.50313, 7.24688], "texture": "#1"}
			}
		},
		{
			"from": [7.125, 10.5, 11.25],
			"to": [8.875, 11.5, 12.25],
			"rotation": {"angle": 0, "axis": "y", "origin": [9.375, 0, -2]},
			"faces": {
				"north": {"uv": [6.50313, 6.00313, 7.49688, 6.49688], "texture": "#1"},
				"east": {"uv": [0.75313, 15.25313, 1.49688, 15.99688], "texture": "#1"},
				"south": {"uv": [6.50313, 6.50313, 7.49688, 6.99688], "texture": "#1"},
				"west": {"uv": [0.75313, 15.25313, 1.49688, 15.99688], "texture": "#1"},
				"up": {"uv": [5.49688, 7.49688, 4.50313, 7.00313], "texture": "#1"},
				"down": {"uv": [7.49688, 7.00313, 6.50313, 7.49688], "texture": "#1"}
			}
		},
		{
			"from": [7.5, 10.75, 9.25],
			"to": [8.5, 11.25, 11.25],
			"rotation": {"angle": 0, "axis": "y", "origin": [9, 0, -2]},
			"faces": {
				"north": {"uv": [0.50313, 8.50313, 0.99688, 8.74687], "texture": "#1"},
				"east": {"uv": [0.00313, 8.00313, 0.99688, 8.24687], "texture": "#1"},
				"west": {"uv": [8.00313, 0.00313, 8.99687, 0.24688], "texture": "#1"},
				"up": {"uv": [7.99688, 1.99688, 7.50313, 1.00313], "texture": "#1"}
			}
		},
		{
			"from": [7.375, 3.91067, 12.08918],
			"to": [8.625, 4.41067, 13.83918],
			"rotation": {"angle": -22.5, "axis": "x", "origin": [11.875, 3.91067, 13.08918]},
			"faces": {
				"north": {"uv": [3.00313, 8.50313, 3.49688, 8.74687], "texture": "#1"},
				"east": {"uv": [8.00313, 0.50313, 8.99687, 0.74688], "texture": "#1"},
				"south": {"uv": [3.50313, 8.50313, 3.99688, 8.74687], "texture": "#1"},
				"west": {"uv": [1.00313, 8.00313, 1.99688, 8.24687], "texture": "#1"},
				"down": {"uv": [7.99688, 3.00313, 7.50313, 3.99688], "texture": "#1"}
			}
		},
		{
			"from": [7.25, 3.5, 12.45],
			"to": [8.75, 4.25, 13.2],
			"rotation": {"angle": -22.5, "axis": "x", "origin": [7.875, 4.375, 12.875]},
			"faces": {
				"north": {"uv": [7.50313, 5.50313, 8.24687, 5.99688], "texture": "#1"},
				"east": {"uv": [1.50313, 15.25313, 2.24688, 15.99688], "texture": "#1"},
				"south": {"uv": [6.00313, 7.50313, 6.74688, 7.99688], "texture": "#1"},
				"west": {"uv": [1.50313, 15.25313, 2.24688, 15.99688], "texture": "#1"},
				"up": {"uv": [8.24687, 6.49688, 7.50313, 6.00313], "texture": "#1"},
				"down": {"uv": [8.24687, 6.50313, 7.50313, 6.99688], "texture": "#1"}
			}
		},
		{
			"from": [7.75, 10.5, 1.75],
			"to": [8.25, 11, 2.5],
			"rotation": {"angle": 22.5, "axis": "x", "origin": [8, 11, 2.125]},
			"faces": {
				"north": {"uv": [8.50313, 4.00313, 8.74687, 4.24688], "texture": "#1"},
				"east": {"uv": [1.00313, 8.50313, 1.49688, 8.74687], "texture": "#1"},
				"south": {"uv": [4.50313, 8.50313, 4.74688, 8.74687], "texture": "#1"},
				"west": {"uv": [8.50313, 1.00313, 8.99687, 1.24688], "texture": "#1"},
				"up": {"uv": [1.74688, 8.99687, 1.50313, 8.50313], "texture": "#1"}
			}
		},
		{
			"from": [7.5, 11.25, 12.75],
			"to": [8.5, 11.75, 13],
			"rotation": {"angle": 0, "axis": "y", "origin": [7.5, 0, -2]},
			"faces": {
				"north": {"uv": [8.50313, 1.50313, 8.99687, 1.74688], "texture": "#1"},
				"east": {"uv": [5.00313, 8.50313, 5.24688, 8.74687], "texture": "#1"},
				"south": {"uv": [8.50313, 2.00312, 8.99687, 2.24688], "texture": "#1"},
				"west": {"uv": [5.50313, 8.50313, 5.74688, 8.74687], "texture": "#1"},
				"up": {"uv": [8.99687, 2.74688, 8.50313, 2.50312], "texture": "#1"}
			}
		},
		{
			"from": [7.5, 7.5, 7.5],
			"to": [8.5, 9, 8],
			"rotation": {"angle": 0, "axis": "y", "origin": [8, 0, -2]},
			"faces": {
				"north": {"uv": [4.50313, 7.50313, 4.99688, 8.24687], "texture": "#1"},
				"east": {"uv": [2.00312, 8.00313, 2.24688, 8.74687], "texture": "#1"},
				"south": {"uv": [7.50313, 4.50313, 7.99688, 5.24688], "texture": "#1"},
				"west": {"uv": [2.50312, 8.00313, 2.74688, 8.74687], "texture": "#1"},
				"down": {"uv": [3.49688, 8.00313, 3.00313, 8.24687], "texture": "#1"}
			}
		},
		{
			"from": [7.75, 8, 8.75],
			"to": [8.25, 9, 9.25],
			"rotation": {"angle": 0, "axis": "y", "origin": [7.75, 0, -2]},
			"faces": {
				"north": {"uv": [7.50313, 8.00313, 7.74688, 8.49687], "texture": "#1"},
				"east": {"uv": [8.00313, 7.50313, 8.24687, 7.99688], "texture": "#1"},
				"south": {"uv": [8.00313, 8.00313, 8.24687, 8.49687], "texture": "#1"},
				"west": {"uv": [0.00313, 8.50313, 0.24688, 8.99687], "texture": "#1"},
				"down": {"uv": [4.24688, 8.50313, 4.00313, 8.74687], "texture": "#1"}
			}
		},
		{
			"from": [7.5, 7, 8],
			"to": [8.5, 7.5, 9.5],
			"rotation": {"angle": 0, "axis": "y", "origin": [8, 0, -2]},
			"faces": {
				"north": {"uv": [7.00313, 8.00313, 7.49688, 8.24687], "texture": "#1"},
				"east": {"uv": [8.00313, 3.00313, 8.74687, 3.24688], "texture": "#1"},
				"south": {"uv": [8.00313, 7.00313, 8.49687, 7.24688], "texture": "#1"},
				"west": {"uv": [8.00313, 3.50313, 8.74687, 3.74688], "texture": "#1"},
				"up": {"uv": [5.49688, 8.24687, 5.00313, 7.50313], "texture": "#1"},
				"down": {"uv": [5.99688, 7.50313, 5.50313, 8.24687], "texture": "#1"}
			}
		}
	],
	"display": {
		"thirdperson_righthand": {
			"translation": [0, -1.15, -2.75],
			"scale": [0.8, 0.8, 0.75]
		},
		"firstperson_righthand": {
			"rotation": [22, 5, 3],
			"translation": [1, 3.5, -5]
		}
	}
}