{
	"credit": "Made with Blockbench",
	"parent": "./hebel_flare",
	"texture_size": [32, 32],
	"textures": {
		"1": "./hebel_flare",
		"particle": "./hebel_flare"
	},
	"elements": [
		{
			"from": [7.025, 8.5, 8.75],
			"to": [8.975, 10, 17.75],
			"rotation": {"angle": 0, "axis": "y", "origin": [5, 0, 23.5]},
			"faces": {
				"north": {"uv": [9.5, 10, 10.5, 10.75], "texture": "#1"},
				"east": {"uv": [4, 2, 8.5, 2.75], "texture": "#1"},
				"south": {"uv": [10.5, 0, 11.5, 0.75], "texture": "#1"},
				"west": {"uv": [4, 3, 8.5, 3.75], "texture": "#1"},
				"up": {"uv": [1, 4.5, 0, 0], "texture": "#1"},
				"down": {"uv": [2, 0, 1, 4.5], "texture": "#1"}
			}
		},
		{
			"from": [7, 9.75, 8.275],
			"to": [9, 12.25, 11.725],
			"rotation": {"angle": 0, "axis": "y", "origin": [8.4, 9.675, 8.5]},
			"faces": {
				"north": {"uv": [8.5, 2, 9.5, 3.25], "texture": "#1"},
				"east": {"uv": [6.5, 0, 8.25, 1.25], "texture": "#1"},
				"south": {"uv": [4.5, 8.5, 5.5, 9.75], "texture": "#1"},
				"west": {"uv": [2.5, 6.5, 4.25, 7.75], "texture": "#1"},
				"up": {"uv": [4.5, 9.75, 3.5, 8], "texture": "#1"},
				"down": {"uv": [9, 4, 8, 5.75], "texture": "#1"}
			}
		},
		{
			"from": [7.5, 9, 10.275],
			"to": [8.5, 9.75, 11.725],
			"rotation": {"angle": 0, "axis": "y", "origin": [8, 9.675, 8.5]},
			"faces": {
				"north": {"uv": [1.5, 6, 2, 6.5], "texture": "#1"},
				"east": {"uv": [10.5, 3.5, 11.25, 4], "texture": "#1"},
				"south": {"uv": [8, 1.5, 8.5, 2], "texture": "#1"},
				"west": {"uv": [10.5, 4, 11.25, 4.5], "texture": "#1"},
				"down": {"uv": [2.5, 9, 2, 9.75], "texture": "#1"}
			}
		},
		{
			"from": [7.5, 9.5, 8.175],
			"to": [8.5, 10.25, 9.175],
			"rotation": {"angle": 0, "axis": "y", "origin": [8, 9.675, 8.5]},
			"faces": {
				"north": {"uv": [1, 8.5, 1.5, 9], "texture": "#1"},
				"east": {"uv": [8.5, 3.5, 9, 4], "texture": "#1"},
				"south": {"uv": [9, 8, 9.5, 8.5], "texture": "#1"},
				"west": {"uv": [11, 5.5, 11.5, 6], "texture": "#1"},
				"up": {"uv": [6.5, 11.5, 6, 11], "texture": "#1"},
				"down": {"uv": [11.5, 6, 11, 6.5], "texture": "#1"}
			}
		},
		{
			"from": [6.75, 10, 8.25],
			"to": [9.25, 12, 11.75],
			"rotation": {"angle": 0, "axis": "z", "origin": [8.4, 9.675, 8.5]},
			"faces": {
				"north": {"uv": [5.5, 8.5, 6.75, 9.5], "texture": "#1"},
				"east": {"uv": [8.5, 0, 10.25, 1], "texture": "#1"},
				"south": {"uv": [7.125, 8.5, 8.125, 9.5], "texture": "#1"},
				"west": {"uv": [8.5, 1, 10.25, 2], "texture": "#1"},
				"up": {"uv": [7.75, 5.75, 6.5, 4], "texture": "#1"},
				"down": {"uv": [5.75, 6.5, 4.5, 8.25], "texture": "#1"}
			}
		},
		{
			"from": [7, 9.75, 11.725],
			"to": [9, 12.25, 12.275],
			"rotation": {"angle": 0, "axis": "y", "origin": [7, 0, 23.75]},
			"faces": {
				"north": {"uv": [8.5, 8.5, 9.5, 9.75], "texture": "#1"},
				"east": {"uv": [2.5, 11, 2.75, 12.25], "texture": "#1"},
				"south": {"uv": [1, 9, 2, 10.25], "texture": "#1"},
				"west": {"uv": [3, 11, 3.25, 12.25], "texture": "#1"},
				"up": {"uv": [7.5, 11.25, 6.5, 11], "texture": "#1"},
				"down": {"uv": [12, 7, 11, 7.25], "texture": "#1"}
			}
		},
		{
			"from": [6.75, 10, 11.75],
			"to": [9.25, 12, 12.25],
			"rotation": {"angle": 0, "axis": "z", "origin": [8, 11, 9.5]},
			"faces": {
				"north": {"uv": [9, 3.5, 10.25, 4.5], "texture": "#1"},
				"east": {"uv": [7.5, 11, 7.75, 12], "texture": "#1"},
				"south": {"uv": [9, 4.5, 10.25, 5.5], "texture": "#1"},
				"west": {"uv": [11, 7.5, 11.25, 8.5], "texture": "#1"},
				"up": {"uv": [12.25, 3.25, 11, 3], "texture": "#1"},
				"down": {"uv": [5.75, 11, 4.5, 11.25], "texture": "#1"}
			}
		},
		{
			"from": [7, 10, -0.25],
			"to": [9, 12, 8.25],
			"rotation": {"angle": 0, "axis": "y", "origin": [8, 9.675, 8.5]},
			"faces": {
				"north": {"uv": [4.5, 10, 5.5, 11], "texture": "#1"},
				"east": {"uv": [2, 0, 6.25, 1], "texture": "#1"},
				"west": {"uv": [2, 1, 6.25, 2], "texture": "#1"},
				"up": {"uv": [3, 6.25, 2, 2], "texture": "#1"},
				"down": {"uv": [4, 2, 3, 6.25], "texture": "#1"}
			}
		},
		{
			"from": [7.25, 10.25, 6.35],
			"to": [8.75, 11.75, 11.85],
			"rotation": {"angle": 0, "axis": "y", "origin": [9, 9.675, 8.5]},
			"faces": {
				"north": {"uv": [1, 10.5, 1.75, 11.25], "texture": "#1"},
				"east": {"uv": [6, 6.5, 8.75, 7.25], "texture": "#1"},
				"south": {"uv": [10.5, 1, 11.25, 1.75], "texture": "#1"},
				"west": {"uv": [6, 7.5, 8.75, 8.25], "texture": "#1"},
				"up": {"uv": [0.75, 9.75, 0, 7], "texture": "#1"},
				"down": {"uv": [3.25, 8, 2.5, 10.75], "texture": "#1"}
			}
		},
		{
			"from": [7.05, 10.18545, 13.31494],
			"to": [8.95, 11.18545, 15.81494],
			"rotation": {"angle": 22.5, "axis": "x", "origin": [8, 7.53545, 13.31494]},
			"faces": {
				"east": {"uv": [6.5, 1.5, 7.75, 2], "texture": "#1"},
				"west": {"uv": [6.5, 6, 7.75, 6.5], "texture": "#1"},
				"up": {"uv": [10, 6.75, 9, 5.5], "texture": "#1"}
			}
		},
		{
			"from": [7.05, 9.51256, 11.53033],
			"to": [8.95, 11.51256, 14.03033],
			"rotation": {"angle": 45, "axis": "x", "origin": [6, 11.01256, 12.78033]},
			"faces": {
				"east": {"uv": [9, 7, 10.25, 8], "texture": "#1"},
				"west": {"uv": [9.5, 2, 10.75, 3], "texture": "#1"},
				"up": {"uv": [6.5, 10.75, 5.5, 9.5], "texture": "#1"}
			}
		},
		{
			"from": [7.025, 10, 12.25],
			"to": [8.975, 11, 14.75],
			"rotation": {"angle": 0, "axis": "y", "origin": [7, 0, 23]},
			"faces": {
				"east": {"uv": [9.5, 3, 10.75, 3.5], "texture": "#1"},
				"south": {"uv": [8, 6, 9, 6.5], "texture": "#1"},
				"west": {"uv": [10, 6.5, 11.25, 7], "texture": "#1"},
				"up": {"uv": [7.5, 10.75, 6.5, 9.5], "texture": "#1"}
			}
		},
		{
			"from": [7.75, 11, 13.5],
			"to": [8.25, 12, 14.75],
			"rotation": {"angle": 22.5, "axis": "x", "origin": [8, 11.5, 13.5]},
			"faces": {
				"north": {"uv": [11, 9.5, 11.25, 10], "texture": "#1"},
				"east": {"uv": [10.5, 4.5, 11.25, 5], "texture": "#1"},
				"south": {"uv": [11.5, 1, 11.75, 1.5], "texture": "#1"},
				"west": {"uv": [10.5, 5, 11.25, 5.5], "texture": "#1"},
				"up": {"uv": [11.25, 9.25, 11, 8.5], "texture": "#1"},
				"down": {"uv": [9.25, 11, 9, 11.75], "texture": "#1"}
			}
		},
		{
			"from": [7.75, 11.4, 14.75],
			"to": [8.25, 11.9, 15.75],
			"rotation": {"angle": 22.5, "axis": "x", "origin": [8, 11.5, 13.5]},
			"faces": {
				"east": {"uv": [1.5, 11.5, 2, 11.75], "texture": "#1"},
				"south": {"uv": [11.5, 5, 11.75, 5.25], "texture": "#1"},
				"west": {"uv": [11.5, 1.5, 12, 1.75], "texture": "#1"},
				"up": {"uv": [11.75, 2.5, 11.5, 2], "texture": "#1"},
				"down": {"uv": [11.75, 2.5, 11.5, 3], "texture": "#1"}
			}
		},
		{
			"from": [6.975, 6.89158, 16.28335],
			"to": [9.025, 8.89158, 18.78335],
			"rotation": {"angle": -22.5, "axis": "x", "origin": [8, 6.64158, 16.53335]},
			"faces": {
				"north": {"uv": [10, 5.5, 11, 6.5], "texture": "#1"},
				"east": {"uv": [9.5, 8, 10.75, 9], "texture": "#1"},
				"south": {"uv": [8.5, 10, 9.5, 11], "texture": "#1"},
				"west": {"uv": [9.5, 9, 10.75, 10], "texture": "#1"},
				"up": {"uv": [8.5, 10.75, 7.5, 9.5], "texture": "#1"},
				"down": {"uv": [1, 10, 0, 11.25], "texture": "#1"}
			}
		},
		{
			"from": [7, 3.23359, 16.01641],
			"to": [9, 7.73359, 18.51641],
			"rotation": {"angle": 0, "axis": "x", "origin": [8, 9.73359, 15.26641]},
			"faces": {
				"north": {"uv": [5.5, 4, 6.5, 6.25], "texture": "#1"},
				"east": {"uv": [4, 4, 5.25, 6.25], "texture": "#1"},
				"south": {"uv": [1.5, 6.5, 2.5, 8.75], "texture": "#1"},
				"west": {"uv": [0, 4.5, 1.25, 6.75], "texture": "#1"},
				"down": {"uv": [4.5, 10, 3.5, 11.25], "texture": "#1"}
			}
		},
		{
			"from": [7.5, 7.05, 14.5],
			"to": [8.5, 8.55, 15],
			"rotation": {"angle": 0, "axis": "y", "origin": [7, 0, 23.5]},
			"faces": {
				"north": {"uv": [2, 10, 2.5, 10.75], "texture": "#1"},
				"east": {"uv": [9.5, 11, 9.75, 11.75], "texture": "#1"},
				"south": {"uv": [10.5, 7, 11, 7.75], "texture": "#1"},
				"west": {"uv": [10, 11, 10.25, 11.75], "texture": "#1"},
				"down": {"uv": [4, 11.5, 3.5, 11.75], "texture": "#1"}
			}
		},
		{
			"from": [7.75, 7.35, 13.35],
			"to": [8.25, 8.6, 13.85],
			"rotation": {"angle": 0, "axis": "y", "origin": [7.25, 0, 23.5]},
			"faces": {
				"north": {"uv": [10.5, 11, 10.75, 11.75], "texture": "#1"},
				"east": {"uv": [11, 11, 11.25, 11.75], "texture": "#1"},
				"south": {"uv": [0, 11.5, 0.25, 12.25], "texture": "#1"},
				"west": {"uv": [11.5, 0, 11.75, 0.75], "texture": "#1"},
				"down": {"uv": [5.75, 11.5, 5.5, 11.75], "texture": "#1"}
			}
		},
		{
			"from": [7.5, 6.55, 11.75],
			"to": [8.5, 7.05, 14.75],
			"rotation": {"angle": 0, "axis": "y", "origin": [7, 0, 23.5]},
			"faces": {
				"north": {"uv": [11.5, 3.5, 12, 3.75], "texture": "#1"},
				"east": {"uv": [10.5, 10, 12, 10.25], "texture": "#1"},
				"south": {"uv": [4, 11.5, 4.5, 11.75], "texture": "#1"},
				"west": {"uv": [10.5, 10.5, 12, 10.75], "texture": "#1"},
				"up": {"uv": [2, 6, 1.5, 4.5], "texture": "#1"},
				"down": {"uv": [1.5, 7, 1, 8.5], "texture": "#1"}
			}
		},
		{
			"from": [7.5, 7.05, 11.5],
			"to": [8.5, 8.55, 12],
			"rotation": {"angle": 0, "axis": "y", "origin": [7, 0, 23.5]},
			"faces": {
				"north": {"uv": [2, 11, 2.5, 11.75], "texture": "#1"},
				"east": {"uv": [0.5, 11.5, 0.75, 12.25], "texture": "#1"},
				"south": {"uv": [11, 2, 11.5, 2.75], "texture": "#1"},
				"west": {"uv": [1, 11.5, 1.25, 12.25], "texture": "#1"},
				"down": {"uv": [12, 4, 11.5, 4.25], "texture": "#1"}
			}
		},
		{
			"from": [7.525, 5.65, 14.1],
			"to": [8.475, 6.65, 14.6],
			"rotation": {"angle": -22.5, "axis": "x", "origin": [8, 6.05, 14.25]},
			"faces": {
				"north": {"uv": [8, 11, 8.5, 11.5], "texture": "#1"},
				"east": {"uv": [4.5, 11.5, 4.75, 12], "texture": "#1"},
				"south": {"uv": [8.5, 11, 9, 11.5], "texture": "#1"},
				"west": {"uv": [11.5, 4.5, 11.75, 5], "texture": "#1"},
				"down": {"uv": [5.5, 11.5, 5, 11.75], "texture": "#1"}
			}
		}
	],
	"display": {
		"thirdperson_righthand": {
			"rotation": [0, -7, 0],
			"translation": [0.25, -0.25, -4.5],
			"scale": [0.6, 0.6, 0.55]
		},
		"firstperson_righthand": {
			"rotation": [10, -18, 4],
			"translation": [15.5, 0.75, -8.25]
		}
	}
}