{
	"credit": "Made with Blockbench",
	"texture_size": [32, 32],
	"textures": {
		"0": "simple_guns/texture",
		"particle": "simple_guns/texture"
	},
	"elements": [
		{
			"from": [6.5, 8, 7.5],
			"to": [9.5, 11, 13.5],
			"rotation": {"angle": 0, "axis": "y", "origin": [0, 0, -3]},
			"faces": {
				"north": {"uv": [3, 3, 4.5, 4.5], "texture": "#0"},
				"east": {"uv": [0, 3, 3, 4.5], "texture": "#0"},
				"south": {"uv": [7.5, 3, 9, 4.5], "texture": "#0"},
				"west": {"uv": [4.5, 3, 7.5, 4.5], "texture": "#0"},
				"up": {"uv": [4.5, 3, 3, 0], "texture": "#0"},
				"down": {"uv": [6, 0, 4.5, 3], "texture": "#0"}
			}
		},
		{
			"from": [7, 3.5, 9.5],
			"to": [9, 9, 11.5],
			"rotation": {"angle": -22.5, "axis": "x", "origin": [8, 6, 10.5]},
			"faces": {
				"north": {"uv": [13, 13.25, 14, 16], "texture": "#0"},
				"east": {"uv": [12, 13.25, 13, 16], "texture": "#0"},
				"south": {"uv": [15, 13.25, 16, 16], "texture": "#0"},
				"west": {"uv": [14, 13.25, 15, 16], "texture": "#0"},
				"up": {"uv": [14, 13.5, 13, 12.5], "texture": "#0"},
				"down": {"uv": [15, 12.5, 14, 13.5], "texture": "#0"}
			}
		},
		{
			"from": [7, 8.5, 3],
			"to": [9, 10.5, 8],
			"rotation": {"angle": 0, "axis": "y", "origin": [0, 0, -3]},
			"faces": {
				"north": {"uv": [12, 3.5, 13, 4.5], "texture": "#0"},
				"east": {"uv": [10, 3.5, 12, 4.5], "texture": "#0"},
				"south": {"uv": [15, 3.5, 16, 4.5], "texture": "#0"},
				"west": {"uv": [13, 3.5, 15, 4.5], "texture": "#0"},
				"up": {"uv": [13, 3.5, 12, 1.5], "texture": "#0"},
				"down": {"uv": [14, 1.5, 13, 3.5], "texture": "#0"}
			}
		},
		{
			"from": [7.5, 9, 1.5],
			"to": [8.5, 10, 3.5],
			"rotation": {"angle": 0, "axis": "y", "origin": [0, 0, -3]},
			"faces": {
				"north": {"uv": [7.5, 0.5, 8, 1], "texture": "#0"},
				"east": {"uv": [7, 0.5, 7.5, 1], "texture": "#0"},
				"south": {"uv": [8.5, 0.5, 9, 1], "texture": "#0"},
				"west": {"uv": [8, 0.5, 8.5, 1], "texture": "#0"},
				"up": {"uv": [8, 0.5, 7.5, 0], "texture": "#0"},
				"down": {"uv": [8.5, 0, 8, 0.5], "texture": "#0"}
			}
		},
		{
			"from": [7.5625, 6.1875, 8.0625],
			"to": [8.4375, 7.0625, 8.4375],
			"rotation": {"angle": 0, "axis": "y", "origin": [0, 0, -3]},
			"faces": {
				"north": {"uv": [0.5, 15.5, 1, 16], "texture": "#0"},
				"east": {"uv": [0, 15.5, 0.5, 16], "texture": "#0"},
				"south": {"uv": [1.5, 15.5, 2, 16], "texture": "#0"},
				"west": {"uv": [1, 15.5, 1.5, 16], "texture": "#0"},
				"up": {"uv": [1, 15.5, 0.5, 15], "texture": "#0"},
				"down": {"uv": [1.5, 15, 1, 15.5], "texture": "#0"}
			}
		},
		{
			"from": [7.7125, 6.3375, 8.2875],
			"to": [8.2875, 6.9125, 8.9875],
			"rotation": {"angle": 0, "axis": "y", "origin": [0, 0, -3]},
			"faces": {
				"north": {"uv": [0.5, 15.5, 1, 16], "texture": "#0"},
				"east": {"uv": [0, 15.5, 0.5, 16], "texture": "#0"},
				"south": {"uv": [1.5, 15.5, 2, 16], "texture": "#0"},
				"west": {"uv": [1, 15.5, 1.5, 16], "texture": "#0"},
				"up": {"uv": [1, 15.5, 0.5, 15], "texture": "#0"},
				"down": {"uv": [1.5, 15, 1, 15.5], "texture": "#0"}
			}
		},
		{
			"from": [7.5, 6.125, 8.9375],
			"to": [8.5, 7.125, 9.9375],
			"rotation": {"angle": 0, "axis": "y", "origin": [0, 0, -3]},
			"faces": {
				"north": {"uv": [8, 2, 8.5, 2.5], "texture": "#0"},
				"east": {"uv": [7.5, 2, 8, 2.5], "texture": "#0"},
				"south": {"uv": [9, 2, 9.5, 2.5], "texture": "#0"},
				"west": {"uv": [8.5, 2, 9, 2.5], "texture": "#0"},
				"up": {"uv": [8.5, 2, 8, 1.5], "texture": "#0"},
				"down": {"uv": [9, 1.5, 8.5, 2], "texture": "#0"}
			}
		},
		{
			"from": [7.5, 7.3125, 5.5],
			"to": [8.5, 9.3125, 10.5],
			"rotation": {"angle": 0, "axis": "y", "origin": [0, 0.3125, -3]},
			"faces": {
				"north": {"uv": [3, 7.5, 3.5, 8.5], "texture": "#0"},
				"east": {"uv": [0, 7.5, 2.5, 8.5], "texture": "#0"},
				"south": {"uv": [6.5, 7.5, 7, 8.5], "texture": "#0"},
				"west": {"uv": [4, 7.5, 6.5, 8.5], "texture": "#0"},
				"up": {"uv": [3.5, 7.5, 3, 4.5], "texture": "#0"},
				"down": {"uv": [4, 4.5, 3.5, 7.5], "texture": "#0"}
			}
		},
		{
			"from": [7.501, 7.51961, 4.58594],
			"to": [8.499, 8.51961, 6],
			"rotation": {"angle": 45, "axis": "x", "origin": [8, 8.01961, 5.5]},
			"faces": {
				"north": {"uv": [4, 8, 4.5, 8.5], "texture": "#0"},
				"east": {"uv": [3, 8, 3.5, 8.5], "texture": "#0"},
				"south": {"uv": [4, 8, 4.5, 8.5], "texture": "#0"},
				"west": {"uv": [4, 8, 4.5, 8.5], "texture": "#0"},
				"up": {"uv": [4, 8, 4.5, 8.5], "texture": "#0"},
				"down": {"uv": [3.5, 8, 4, 8.5], "texture": "#0"}
			}
		},
		{
			"from": [7.5, 8.3125, 4.5],
			"to": [8.5, 9.3125, 10.5],
			"rotation": {"angle": 0, "axis": "y", "origin": [0, 0.3125, -3]},
			"faces": {
				"north": {"uv": [3, 7.5, 3.5, 8.5], "texture": "#0"},
				"east": {"uv": [0, 7.5, 3, 8], "texture": "#0"},
				"south": {"uv": [6.5, 7.5, 7, 8.5], "texture": "#0"},
				"west": {"uv": [3.5, 7.5, 6.5, 8], "texture": "#0"},
				"up": {"uv": [3.5, 7.5, 3, 4.5], "texture": "#0"},
				"down": {"uv": [4, 4.5, 3.5, 7.5], "texture": "#0"}
			}
		}
	],
	"display": {
		"thirdperson_righthand": {
			"rotation": [0, 4, 0],
			"translation": [-0.25, 0.75, 0.25],
			"scale": [0.7, 0.7, 0.7]
		},
		"thirdperson_lefthand": {
			"rotation": [0, 4, 0],
			"translation": [-0.25, 0.75, 0.25],
			"scale": [0.7, 0.7, 0.7]
		},
		"firstperson_righthand": {
			"translation": [-0.75, 5.5, -2],
			"scale": [0.8, 0.8, 0.8]
		},
		"firstperson_lefthand": {
			"translation": [-0.75, 5.5, -2],
			"scale": [0.8, 0.8, 0.8]
		},
		"ground": {
			"rotation": [0, 0, 90],
			"translation": [0, -2.5, 0],
			"scale": [0.8, 0.8, 0.8]
		},
		"gui": {
			"rotation": [60, 60, -45],
			"translation": [-0.5, 0, 0],
			"scale": [1.3, 1.3, 1.3]
		},
		"head": {
			"rotation": [90, 140, -90],
			"translation": [1.75, -19.25, 3.75]
		},
		"fixed": {
			"rotation": [-7, 69, 90],
			"translation": [-0.25, -14.5, -9.25],
			"scale": [1.4, 1.4, 1.4]
		}
	}
}