{
	"credit": "Made with Blockbench",
	"texture_size": [64, 64],
	"textures": {
		"1": "./ottoman_hat",
		"particle": "./ottoman_hat"
	},
	"elements": [
		{
			"from": [0.75, 8.6279, 0.75],
			"to": [15.25, 16.6279, 15.25],
			"rotation": {"angle": 0, "axis": "y", "origin": [23.99908, 8.95, 7.7788]},
			"faces": {
				"north": {"uv": [7.75, 0, 11.5, 2], "texture": "#1"},
				"east": {"uv": [7.75, 2, 11.5, 4], "texture": "#1"},
				"south": {"uv": [7.75, 4, 11.5, 6], "texture": "#1"},
				"west": {"uv": [0, 8, 3.75, 10], "texture": "#1"},
				"up": {"uv": [7.75, 3.75, 4, 0], "texture": "#1"},
				"down": {"uv": [7.75, 3.75, 4, 7.5], "texture": "#1"}
			}
		},
		{
			"from": [0.775, 3.1, 7.5],
			"to": [15.225, 9.6, 16],
			"rotation": {"angle": 0, "axis": "x", "origin": [8, 7.35, 11.61418]},
			"faces": {
				"north": {"uv": [3.75, 9.75, 7.25, 11.5], "texture": "#1"},
				"east": {"uv": [0, 10, 2.25, 11.75], "texture": "#1"},
				"south": {"uv": [7.25, 9.75, 10.75, 11.5], "texture": "#1"},
				"west": {"uv": [10.75, 9.75, 13, 11.5], "texture": "#1"},
				"up": {"uv": [7.5, 9.75, 4, 7.5], "texture": "#1"},
				"down": {"uv": [11, 7.5, 7.5, 9.75], "texture": "#1"}
			}
		},
		{
			"from": [0.25, 10.6279, 0.25],
			"to": [15.75, 12.6279, 15.75],
			"rotation": {"angle": 0, "axis": "y", "origin": [23.99908, 8.95, 7.7788]},
			"faces": {
				"north": {"uv": [7.75, 6, 11.75, 6.5], "texture": "#1"},
				"east": {"uv": [7.75, 6.5, 11.75, 7], "texture": "#1"},
				"south": {"uv": [7.75, 7, 11.75, 7.5], "texture": "#1"},
				"west": {"uv": [11, 7.5, 15, 8], "texture": "#1"},
				"up": {"uv": [4, 4, 0, 0], "texture": "#1"},
				"down": {"uv": [4, 4, 0, 8], "texture": "#1"}
			}
		}
	],
	"gui_light": "front",
	"overrides": [
		{
			"predicate": {
				"pulling": 1
			},
			"model": "item/bow_pulling_0"
		},
		{
			"predicate": {
				"pulling": 1,
				"pull": 0.3
			},
			"model": "item/bow_pulling_1"
		},
		{
			"predicate": {
				"pulling": 1,
				"pull": 0.3
			},
			"model": "item/bow_pulling_2"
		}
	],
	"display": {
		"thirdperson_righthand": {
			"rotation": [0, 42, 0],
			"translation": [0, 0, 1],
			"scale": [0.3, 0.3, 0.3]
		},
		"thirdperson_lefthand": {
			"rotation": [74, 0, 0],
			"translation": [-3.5, 0.75, 13.75],
			"scale": [0.3, 0.3, 0.3]
		},
		"firstperson_righthand": {
			"rotation": [0, 111, 0],
			"translation": [0, 0.25, -0.25],
			"scale": [0.4, 0.4, 0.4]
		},
		"firstperson_lefthand": {
			"rotation": [-7, 124, -15],
			"translation": [0.25, 3.25, 0],
			"scale": [0.4, 0.4, 0.4]
		},
		"ground": {
			"translation": [0, 1.25, 0],
			"scale": [0.4, 0.4, 0.4]
		},
		"gui": {
			"rotation": [0, -180, 0],
			"translation": [0, -2, 0],
			"scale": [0.7, 0.7, 1]
		},
		"head": {
			"translation": [0, -1.25, 0]
		},
		"fixed": {
			"translation": [0, -1.5, 0.5],
			"scale": [0.7, 0.7, 0.7]
		}
	}
}