{
	"credit": "Made with Blockbench",
	"texture_size": [32, 32],
	"textures": {
		"1": "./bomb",
		"particle": "./bomb"
	},
	"elements": [
		{
			"from": [7.5, 18, 4.5],
			"to": [8.5, 27, 11.5],
			"rotation": {"angle": 0, "axis": "y", "origin": [8, 13.5, 8]},
			"faces": {
				"north": {"uv": [2.5, 4.5, 3, 9], "texture": "#1"},
				"east": {"uv": [0, 0, 3.5, 4.5], "texture": "#1"},
				"south": {"uv": [2.5, 4.5, 3, 9], "texture": "#1"},
				"west": {"uv": [0, 0, 3.5, 4.5], "texture": "#1"},
				"up": {"uv": [3.5, 8, 3, 4.5], "texture": "#1"},
				"down": {"uv": [9.5, 3, 6, 3.5], "texture": "#1"}
			}
		},
		{
			"from": [4.5, 18, 7.5],
			"to": [11.5, 27, 8.5],
			"rotation": {"angle": 0, "axis": "y", "origin": [8, 13.5, 8]},
			"faces": {
				"north": {"uv": [0, 0, 3.5, 4.5], "texture": "#1"},
				"east": {"uv": [2.5, 4.5, 3, 9], "texture": "#1"},
				"south": {"uv": [0, 0, 3.5, 4.5], "texture": "#1"},
				"west": {"uv": [2.5, 4.5, 3, 9], "texture": "#1"},
				"up": {"uv": [9.5, 3, 6, 2.5], "texture": "#1"},
				"down": {"uv": [9.5, 3, 6, 3.5], "texture": "#1"}
			}
		},
		{
			"from": [5.75, 6, 5.75],
			"to": [10.25, 14, 10.25],
			"rotation": {"angle": 0, "axis": "y", "origin": [13.5, 8, 13.5]},
			"faces": {
				"north": {"uv": [3.5, 0, 6, 4], "texture": "#1"},
				"east": {"uv": [3.5, 0, 6, 4], "texture": "#1"},
				"south": {"uv": [3.5, 0, 6, 4], "texture": "#1"},
				"west": {"uv": [3.5, 0, 6, 4], "texture": "#1"},
				"up": {"uv": [2.5, 7, 0, 4.5], "texture": "#1"},
				"down": {"uv": [7.5, 4, 5, 6.5], "texture": "#1"}
			}
		},
		{
			"from": [6.25, 5, 6.25],
			"to": [9.75, 6, 9.75],
			"rotation": {"angle": 0, "axis": "y", "origin": [14, 8, 13]},
			"faces": {
				"north": {"uv": [8, 1, 10, 1.5], "texture": "#1"},
				"east": {"uv": [8, 1, 10, 1.5], "texture": "#1"},
				"south": {"uv": [8, 1, 10, 1.5], "texture": "#1"},
				"west": {"uv": [8, 1, 10, 1.5], "texture": "#1"},
				"down": {"uv": [7, 6.5, 5, 8.5], "texture": "#1"}
			}
		},
		{
			"from": [7.5, 4, 7.5],
			"to": [8.5, 5, 8.5],
			"rotation": {"angle": 0, "axis": "y", "origin": [14, 8, 13]},
			"faces": {
				"north": {"uv": [6, 3.5, 6.5, 4], "texture": "#1"},
				"east": {"uv": [6, 3.5, 6.5, 4], "texture": "#1"},
				"south": {"uv": [6, 3.5, 6.5, 4], "texture": "#1"},
				"west": {"uv": [6, 3.5, 6.5, 4], "texture": "#1"},
				"down": {"uv": [7, 3.5, 6.5, 4], "texture": "#1"}
			}
		},
		{
			"from": [5.5, 27.5, 7.5],
			"to": [10.5, 27.75, 8.5],
			"rotation": {"angle": -22.5, "axis": "y", "origin": [8, 27.625, 8]},
			"faces": {
				"north": {"uv": [8, 1.5, 10.5, 2], "texture": "#1"},
				"east": {"uv": [2, 7, 2.5, 7.5], "texture": "#1"},
				"south": {"uv": [8, 2, 10.5, 2.5], "texture": "#1"},
				"west": {"uv": [7, 3.5, 7.5, 4], "texture": "#1"},
				"up": {"uv": [10.5, 0.5, 8, 0], "texture": "#1"},
				"down": {"uv": [10.5, 0.5, 8, 1], "texture": "#1"}
			}
		},
		{
			"from": [6.25, 14, 6.25],
			"to": [9.75, 18.5, 9.75],
			"rotation": {"angle": 0, "axis": "y", "origin": [14, 8, 13]},
			"faces": {
				"north": {"uv": [6, 0, 8, 2.5], "texture": "#1"},
				"east": {"uv": [6, 0, 8, 2.5], "texture": "#1"},
				"south": {"uv": [6, 0, 8, 2.5], "texture": "#1"},
				"west": {"uv": [6, 0, 8, 2.5], "texture": "#1"},
				"up": {"uv": [2, 9, 0, 7], "texture": "#1"},
				"down": {"uv": [9, 6.5, 7, 8.5], "texture": "#1"}
			}
		},
		{
			"from": [6.75, 18.5, 6.75],
			"to": [9.25, 27.5, 9.25],
			"rotation": {"angle": 0, "axis": "y", "origin": [13.5, 8, 12.5]},
			"faces": {
				"north": {"uv": [3.5, 4, 5, 8.5], "texture": "#1"},
				"east": {"uv": [3.5, 4, 5, 8.5], "texture": "#1"},
				"south": {"uv": [3.5, 4, 5, 8.5], "texture": "#1"},
				"west": {"uv": [3.5, 4, 5, 8.5], "texture": "#1"},
				"up": {"uv": [9, 5, 7.5, 3.5], "texture": "#1"},
				"down": {"uv": [9, 5, 7.5, 6.5], "texture": "#1"}
			}
		}
	],
	"gui_light": "front",
	"display": {
		"thirdperson_righthand": {
			"rotation": [0, -24, 0],
			"translation": [0, -7, -0.75],
			"scale": [0.7, 0.6, 0.7]
		},
		"thirdperson_lefthand": {
			"translation": [0, 3.25, -0.5],
			"scale": [0.4, 0.4, 0.4]
		},
		"firstperson_righthand": {
			"rotation": [11, 0, 0],
			"translation": [-9, -10.25, -7.75],
			"scale": [1, 0.9, 1]
		},
		"firstperson_lefthand": {
			"translation": [-9, -1, -5]
		},
		"ground": {
			"translation": [0, -0.25, 0],
			"scale": [0.5, 0.5, 0.5]
		},
		"gui": {
			"translation": [0, -5.5, 0],
			"scale": [0.7, 0.7, 0.7]
		},
		"fixed": {
			"rotation": [0, -90, 0],
			"translation": [0, -7.5, -2],
			"scale": [1, 0.9, 1]
		}
	}
}