{
	"credit": "Made with Blockbench",
	"parent": "item/handheld",
	"textures": {
		"particle": "./pipe",
		"layer0": "./pipe"
	},
	"display": {
		"thirdperson_righthand": {
			"rotation": [0, -90, 53],
			"translation": [0, 4.25, 0.25],
			"scale": [0.9, 0.9, 0.9]
		},
		"thirdperson_lefthand": {
			"rotation": [0, 90, -55],
			"translation": [0, 4, 0.5],
			"scale": [0.85, 0.85, 0.85]
		},
		"firstperson_righthand": {
			"rotation": [-4, -88, 27],
			"translation": [1.63, 4.7, 1.13],
			"scale": [0.7, 0.7, 0.68]
		},
		"firstperson_lefthand": {
			"rotation": [0, 90, -25],
			"translation": [1.13, 3.2, 1.13],
			"scale": [0.68, 0.68, 0.68]
		},
		"ground": {
			"rotation": [0, 0, 45],
			"translation": [0, 3.75, 0],
			"scale": [0.6, 0.6, 0.6]
		},
		"fixed": {
			"rotation": [0, 0, 90],
			"scale": [1.1, 1.1, 1]
		}
	}
}