{
	"credit": "Made with Blockbench",
	"parent": "item/handheld",
	"textures": {
		"particle": "./spike",
		"layer0": "./spike"
	},
	"display": {
		"thirdperson_righthand": {
			"rotation": [-75, -90, 55],
			"translation": [0, 1, -3.25]
		},
		"thirdperson_lefthand": {
			"rotation": [0, 90, -55],
			"translation": [0, 4, 0.5],
			"scale": [0.85, 0.85, 0.85]
		},
		"firstperson_righthand": {
			"rotation": [-50, -90, 29.5],
			"translation": [1.38, 6.45, 0.13],
			"scale": [0.7, 0.7, 0.68]
		},
		"firstperson_lefthand": {
			"rotation": [0, 90, -25],
			"translation": [1.13, 3.2, 1.13],
			"scale": [0.68, 0.68, 0.68]
		},
		"ground": {
			"rotation": [0, 0, 45],
			"translation": [0, 3.75, 0],
			"scale": [0.6, 0.6, 0.6]
		},
		"fixed": {
			"rotation": [0, 0, 90],
			"scale": [1.1, 1.1, 1]
		}
	}
}