{
	"credit": "Made with Blockbench",
	"ambientocclusion": false,
	"textures": {
		"4": "block/barricate/sandbag_post",
		"particle": "block/barricate/sandbag"
	},
	"elements": [
		{
			"from": [7, 0, 7],
			"to": [9, 11, 9],
			"faces": {
				"north": {"uv": [0, 0, 2, 11], "texture": "#4"},
				"east": {"uv": [2, 0, 4, 11], "texture": "#4"},
				"south": {"uv": [4, 0, 6, 11], "texture": "#4"},
				"west": {"uv": [6, 0, 8, 11], "texture": "#4"},
				"up": {"uv": [10, 2, 8, 0], "texture": "#4"},
				"down": {"uv": [10, 2, 8, 4], "texture": "#4"}
			}
		}
	]
}