{
	"credit": "Made with Blockbench",
	"ambientocclusion": false,
	"textures": {
		"4": "block/barricate/sandbag"
	},
	"elements": [
		{
			"from": [5.75, 0, 0.75],
			"to": [9.75, 4, 9.75],
			"rotation": {"angle": 0, "axis": "y", "origin": [2, 0, 0]},
			"faces": {
				"north": {"uv": [6, 4, 8, 6], "texture": "#4"},
				"east": {"uv": [4, 2, 8.5, 4], "texture": "#4"},
				"south": {"uv": [6, 4, 8, 6], "texture": "#4"},
				"west": {"uv": [4, 2, 8.5, 4], "texture": "#4"},
				"up": {"uv": [6, 8.5, 4, 4], "texture": "#4"},
				"down": {"uv": [6, 8.5, 4, 4], "texture": "#4"}
			}
		},
		{
			"from": [6.25, 3.9, 2.25],
			"to": [10.25, 7.9, 11.25],
			"rotation": {"angle": 0, "axis": "y", "origin": [2, 0, 0]},
			"faces": {
				"north": {"uv": [6, 4, 8, 6], "texture": "#4"},
				"east": {"uv": [4, 2, 8.5, 4], "texture": "#4"},
				"south": {"uv": [6, 4, 8, 6], "texture": "#4"},
				"west": {"uv": [4, 2, 8.5, 4], "texture": "#4"},
				"up": {"uv": [6, 8.5, 4, 4], "texture": "#4"},
				"down": {"uv": [6, 8.5, 4, 4], "texture": "#4"}
			}
		},
		{
			"from": [5.4, 7.9, 3.95],
			"to": [9.4, 11.9, 12.95],
			"rotation": {"angle": 0, "axis": "y", "origin": [2, 0, 0]},
			"faces": {
				"north": {"uv": [6, 4, 8, 6], "texture": "#4"},
				"east": {"uv": [4, 2, 8.5, 4], "texture": "#4"},
				"south": {"uv": [6, 4, 8, 6], "texture": "#4"},
				"west": {"uv": [4, 2, 8.5, 4], "texture": "#4"},
				"up": {"uv": [6, 8.5, 4, 4], "texture": "#4"},
				"down": {"uv": [6, 8.5, 4, 4], "texture": "#4"}
			}
		},
		{
			"from": [7, 11.8, 5.5],
			"to": [11, 13.8, 16.5],
			"rotation": {"angle": 0, "axis": "y", "origin": [1.25, 0, 0]},
			"faces": {
				"north": {"uv": [5.5, 1, 7.5, 2], "texture": "#4"},
				"east": {"uv": [5.5, 0, 11, 1], "texture": "#4"},
				"south": {"uv": [5.5, 1, 7.5, 2], "texture": "#4"},
				"west": {"uv": [5.5, 0, 11, 1], "texture": "#4"},
				"up": {"uv": [4, 7.5, 2, 2], "texture": "#4"},
				"down": {"uv": [4, 7.5, 2, 2], "texture": "#4"}
			}
		},
		{
			"from": [4, -0.1, 6],
			"to": [8, 3.9, 15],
			"rotation": {"angle": 0, "axis": "y", "origin": [5, 0, 0]},
			"faces": {
				"north": {"uv": [6, 4, 8, 6], "texture": "#4"},
				"east": {"uv": [4, 2, 8.5, 4], "texture": "#4"},
				"south": {"uv": [6, 4, 8, 6], "texture": "#4"},
				"west": {"uv": [4, 2, 8.5, 4], "texture": "#4"},
				"up": {"uv": [6, 8.5, 4, 4], "texture": "#4"},
				"down": {"uv": [6, 8.5, 4, 4], "texture": "#4"}
			}
		},
		{
			"from": [7.5, 0.2, 4.25],
			"to": [11.5, 4.2, 13.25],
			"rotation": {"angle": 0, "axis": "y", "origin": [4, 0, 16]},
			"faces": {
				"north": {"uv": [8, 4, 6, 6], "texture": "#4"},
				"east": {"uv": [8.5, 2, 4, 4], "texture": "#4"},
				"south": {"uv": [8, 4, 6, 6], "texture": "#4"},
				"west": {"uv": [8.5, 2, 4, 4], "texture": "#4"},
				"up": {"uv": [6, 4, 4, 8.5], "texture": "#4"},
				"down": {"uv": [6, 4, 4, 8.5], "texture": "#4"}
			}
		},
		{
			"from": [7.75, 7.85, 5.5],
			"to": [11.75, 11.85, 16.5],
			"rotation": {"angle": 0, "axis": "y", "origin": [-19, 0, 16.75]},
			"faces": {
				"north": {"uv": [8, 6, 6, 8], "texture": "#4"},
				"east": {"uv": [5.5, 0, 0, 2], "texture": "#4"},
				"south": {"uv": [8, 6, 6, 8], "texture": "#4"},
				"west": {"uv": [5.5, 0, 0, 2], "texture": "#4"},
				"up": {"uv": [2, 2, 0, 7.5], "texture": "#4"},
				"down": {"uv": [2, 2, 0, 7.5], "texture": "#4"}
			}
		},
		{
			"from": [4, 8.1, 6],
			"to": [8, 12.1, 15],
			"rotation": {"angle": 0, "axis": "y", "origin": [5, 0, 0]},
			"faces": {
				"north": {"uv": [6, 4, 8, 6], "texture": "#4"},
				"east": {"uv": [4, 2, 8.5, 4], "texture": "#4"},
				"south": {"uv": [6, 4, 8, 6], "texture": "#4"},
				"west": {"uv": [4, 2, 8.5, 4], "texture": "#4"},
				"up": {"uv": [6, 8.5, 4, 4], "texture": "#4"},
				"down": {"uv": [6, 8.5, 4, 4], "texture": "#4"}
			}
		}
	]
}