{
	"parent": "item/generated",
	"textures": {
		"layer0": "item/crossbow_standby"
	},
	"display": {
        "thirdperson_righthand": {
            "rotation": [ -90, 0, -60 ],
            "translation": [ 2, 0.1, -3 ],
            "scale": [ 0.9, 0.9, 0.9 ]
        },
        "thirdperson_lefthand": {
            "rotation": [ -90, 0, 30 ],
            "translation": [ 2, 0.1, -3 ],
            "scale": [ 0.9, 0.9, 0.9 ]
        },
        "firstperson_righthand": {
            "rotation": [ -90, 0, -55 ],
            "translation": [ 1.13, 3.2, 1.13],
            "scale": [ 0.68, 0.68, 0.68 ]
        },
        "firstperson_lefthand": {
            "rotation": [ -90, 0, 35 ],
            "translation": [ 1.13, 3.2, 1.13],
            "scale": [ 0.68, 0.68, 0.68 ]
        }
    },
	"overrides": [
	
		{ "predicate": { "pulling": 1 }, "model": "item/crossbow_pulling_0"},
		{ "predicate": { "pulling": 1, "pull": 0.58 }, "model": "item/crossbow_pulling_1"},
		{ "predicate": { "pulling": 1, "pull": 1.0 }, "model": "item/crossbow_pulling_2"},
		{ "predicate": { "charged": 1 }, "model": "item/crossbow_arrow"},
		{ "predicate": { "charged": 1, "firework": 1 }, "model": "item/crossbow_firework"},
		
		{ "predicate": { "custom_model_data": 191316612 }, "model": "item/simple_guns/guns/shot/flamethrower"},
		{ "predicate": { "custom_model_data": 191316612, "charged": 1 }, "model": "item/simple_guns/guns/flamethrower"},

		{ "predicate": { "custom_model_data": 1913161147 }, "model": "item/simple_guns/guns/shot/ak47"},
		{ "predicate": { "custom_model_data": 1913161147, "charged": 1 }, "model": "item/simple_guns/guns/ak47"},

		{ "predicate": { "custom_model_data": 1913161393 }, "model": "item/simple_guns/guns/shot/pistol"},
		{ "predicate": { "custom_model_data": 1913161393, "charged": 1 }, "model": "item/simple_guns/guns/pistol"},

		{ "predicate": { "custom_model_data": 1913161512 }, "model": "item/simple_guns/guns/shot/missile_launcher"},
		{ "predicate": { "custom_model_data": 1913161512, "charged": 1 }, "model": "item/simple_guns/guns/missile_launcher"},

		{ "predicate": { "custom_model_data": 1913161774 }, "model": "item/simple_guns/guns/shot/sniper"},
		{ "predicate": { "custom_model_data": 1913161774, "charged": 1 }, "model": "item/simple_guns/guns/sniper"},

		{ "predicate": { "custom_model_data": 1913161987 }, "model": "item/simple_guns/guns/shot/shotgun"},
		{ "predicate": { "custom_model_data": 1913161987, "charged": 1 }, "model": "item/simple_guns/guns/shotgun"},

		{ "predicate": { "custom_model_data": 1913162371 }, "model": "item/simple_guns/guns/shot/watergun"},
		{ "predicate": { "custom_model_data": 1913162371, "charged": 1 }, "model": "item/simple_guns/guns/watergun"}
	]
}