{
	"credit": "Made with Blockbench",
	"texture_size": [64, 64],
	"textures": {
		"1": "./german_pickelhaube_cover",
		"particle": "./german_pickelhaube_cover"
	},
	"elements": [
		{
			"from": [0.5, 8.6279, 0],
			"to": [15.5, 15.6279, 15.25],
			"rotation": {"angle": 0, "axis": "y", "origin": [23.74908, 7.95, 8.0288]},
			"faces": {
				"north": {"uv": [3.75, 0, 7.5, 1.75], "texture": "#1"},
				"east": {"uv": [3.75, 1.75, 7.5, 3.5], "texture": "#1"},
				"south": {"uv": [3.75, 3.5, 7.5, 5.25], "texture": "#1"},
				"west": {"uv": [3.75, 5.25, 7.5, 7], "texture": "#1"},
				"up": {"uv": [3.75, 3.75, 0, 0], "texture": "#1"},
				"down": {"uv": [3.75, 3.75, 0, 7.5], "texture": "#1"}
			}
		},
		{
			"from": [0.75, 6.4925, 13.95208],
			"to": [15.25, 9.9925, 15.95208],
			"rotation": {"angle": -22.5, "axis": "x", "origin": [8, 7.4925, 14.95208]},
			"faces": {
				"north": {"uv": [3.75, 7, 7.5, 8], "texture": "#1"},
				"east": {"uv": [3.75, 8, 4.25, 9], "texture": "#1"},
				"south": {"uv": [0, 7.5, 3.75, 8.5], "texture": "#1"},
				"west": {"uv": [4.25, 8, 4.75, 9], "texture": "#1"},
				"down": {"uv": [11.25, 1.5, 7.5, 2], "texture": "#1"}
			}
		},
		{
			"from": [0.75, 7.08349, -0.37114],
			"to": [15.25, 10.58349, 0.62886],
			"rotation": {"angle": 22.5, "axis": "x", "origin": [8.25, 9.08349, -0.37114]},
			"faces": {
				"north": {"uv": [7.5, 0, 11.25, 0.75], "texture": "#1"},
				"east": {"uv": [7, 8, 7.25, 8.75], "texture": "#1"},
				"south": {"uv": [7.5, 0.75, 11.25, 1.5], "texture": "#1"},
				"west": {"uv": [7.25, 8, 7.5, 8.75], "texture": "#1"},
				"down": {"uv": [11.25, 5.5, 7.5, 5.75], "texture": "#1"}
			}
		},
		{
			"from": [6.5, 15.1279, 6.5],
			"to": [9.5, 17.1279, 9.5],
			"rotation": {"angle": 0, "axis": "y", "origin": [6.5, -0.1221, 7.5]},
			"faces": {
				"north": {"uv": [4.75, 8, 5.5, 8.5], "texture": "#1"},
				"east": {"uv": [5.5, 8, 6.25, 8.5], "texture": "#1"},
				"south": {"uv": [6.25, 8, 7, 8.5], "texture": "#1"},
				"west": {"uv": [8, 6.25, 8.75, 6.75], "texture": "#1"}
			}
		},
		{
			"from": [6, 17.1279, 6],
			"to": [10, 18.1279, 10],
			"rotation": {"angle": 0, "axis": "y", "origin": [6, -0.1221, 7]},
			"faces": {
				"north": {"uv": [8, 6.75, 9, 7], "texture": "#1"},
				"east": {"uv": [8, 7, 9, 7.25], "texture": "#1"},
				"south": {"uv": [8, 7.25, 9, 7.5], "texture": "#1"},
				"west": {"uv": [8, 7.5, 9, 7.75], "texture": "#1"},
				"up": {"uv": [8.5, 4.5, 7.5, 3.5], "texture": "#1"},
				"down": {"uv": [8.5, 4.5, 7.5, 5.5], "texture": "#1"}
			}
		},
		{
			"from": [0.325, 1, 5.5],
			"to": [15.675, 11, 6.5],
			"rotation": {"angle": 22.5, "axis": "x", "origin": [23.675, 5, 4.5]},
			"faces": {
				"east": {"uv": [7.5, 6.25, 7.75, 8.75], "texture": "#1"},
				"west": {"uv": [7.75, 6.25, 8, 8.75], "texture": "#1"},
				"up": {"uv": [11.25, 6, 7.5, 5.75], "texture": "#1"},
				"down": {"uv": [11.25, 6, 7.5, 6.25], "texture": "#1"}
			}
		},
		{
			"from": [8, 18, 5.5],
			"to": [8, 24, 10.5],
			"rotation": {"angle": -45, "axis": "y", "origin": [8, 22, 8]},
			"faces": {
				"east": {"uv": [7.5, 2, 8.75, 3.5], "texture": "#1"},
				"west": {"uv": [7.5, 2, 8.75, 3.5], "texture": "#1"}
			}
		},
		{
			"from": [5.5, 18, 8],
			"to": [10.5, 24, 8],
			"rotation": {"angle": -45, "axis": "y", "origin": [8, 22, 8]},
			"faces": {
				"north": {"uv": [7.5, 2, 8.75, 3.5], "texture": "#1"},
				"south": {"uv": [7.5, 2, 8.75, 3.5], "texture": "#1"}
			}
		}
	],
	"gui_light": "front",
	"overrides": [
		{
			"predicate": {
				"pulling": 1
			},
			"model": "item/bow_pulling_0"
		},
		{
			"predicate": {
				"pulling": 1,
				"pull": 0.3
			},
			"model": "item/bow_pulling_1"
		},
		{
			"predicate": {
				"pulling": 1,
				"pull": 0.3
			},
			"model": "item/bow_pulling_2"
		}
	],
	"display": {
		"thirdperson_righthand": {
			"rotation": [0, 42, 0],
			"translation": [0, 0, 1],
			"scale": [0.3, 0.3, 0.3]
		},
		"thirdperson_lefthand": {
			"rotation": [74, 0, 0],
			"translation": [-3.5, 0.75, 13.75],
			"scale": [0.3, 0.3, 0.3]
		},
		"firstperson_righthand": {
			"rotation": [0, 111, 0],
			"translation": [0, 0.25, -0.25],
			"scale": [0.4, 0.4, 0.4]
		},
		"firstperson_lefthand": {
			"rotation": [-7, 124, -15],
			"translation": [0.25, 3.25, 0],
			"scale": [0.4, 0.4, 0.4]
		},
		"ground": {
			"translation": [0, 1.25, 0],
			"scale": [0.35, 0.35, 0.35]
		},
		"gui": {
			"rotation": [0, -180, 0],
			"translation": [0, -3.5, 0],
			"scale": [0.7, 0.7, 0.7]
		},
		"head": {
			"rotation": [2, 0, 0],
			"translation": [0, -0.15, 0]
		},
		"fixed": {
			"translation": [0, -1.5, 0],
			"scale": [0.7, 0.7, 0.7]
		}
	}
}