{
	"credit": "Made with Blockbench",
	"textures": {
		"1": "block/orange_concrete",
		"3": "block/brown_concrete_powder",
		"5": "block/black_concrete_powder"
	},
	"elements": [
		{
			"from": [4.98497, 6.93998, -3.95509],
			"to": [9.83497, 8.53998, 8.79491],
			"rotation": {"angle": 0, "axis": "y", "origin": [9.00685, 7.73999, 7.04491]},
			"faces": {
				"north": {"uv": [9.5, 7.5, 9.5, 7.5], "texture": "#3"},
				"east": {"uv": [9.5, 7.5, 9.5, 7.5], "texture": "#3"},
				"south": {"uv": [9.5, 7.5, 9.5, 7.5], "texture": "#3"},
				"west": {"uv": [9.5, 7.5, 9.5, 7.5], "texture": "#3"},
				"up": {"uv": [9.5, 7.5, 9.5, 7.5], "texture": "#3"},
				"down": {"uv": [9.5, 7.5, 9.5, 7.5], "texture": "#3"}
			}
		},
		{
			"from": [8.20674, 7.16192, -3.95509],
			"to": [9.80674, 11.76192, 8.79491],
			"rotation": {"angle": 22.5, "axis": "z", "origin": [9.00685, 7.73999, 7.04491]},
			"faces": {
				"north": {"uv": [9.5, 7.5, 9.5, 7.5], "rotation": 270, "texture": "#3"},
				"east": {"uv": [9.5, 7.5, 9.5, 7.5], "rotation": 270, "texture": "#3"},
				"south": {"uv": [9.5, 7.5, 9.5, 7.5], "rotation": 270, "texture": "#3"},
				"west": {"uv": [9.5, 7.5, 9.5, 7.5], "rotation": 270, "texture": "#3"},
				"up": {"uv": [9.5, 7.5, 9.5, 7.5], "rotation": 270, "texture": "#3"},
				"down": {"uv": [9.5, 7.5, 9.5, 7.5], "rotation": 270, "texture": "#3"}
			}
		},
		{
			"from": [4.98507, 6.9399, -3.95509],
			"to": [9.58507, 8.5399, 8.79491],
			"rotation": {"angle": -45, "axis": "z", "origin": [9.00685, 7.73999, 7.04491]},
			"faces": {
				"north": {"uv": [9.5, 7.5, 9.5, 7.5], "texture": "#3"},
				"east": {"uv": [9.5, 7.5, 9.5, 7.5], "texture": "#3"},
				"south": {"uv": [9.5, 7.5, 9.5, 7.5], "texture": "#3"},
				"west": {"uv": [9.5, 7.5, 9.5, 7.5], "texture": "#3"},
				"up": {"uv": [9.5, 7.5, 9.5, 7.5], "texture": "#3"},
				"down": {"uv": [9.5, 7.5, 9.5, 7.5], "texture": "#3"}
			}
		},
		{
			"from": [4.98514, 6.94006, -3.95509],
			"to": [9.58514, 8.54006, 8.79491],
			"rotation": {"angle": -22.5, "axis": "z", "origin": [9.00685, 7.73999, 7.04491]},
			"faces": {
				"north": {"uv": [9.5, 7.5, 9.5, 7.5], "texture": "#3"},
				"east": {"uv": [9.5, 7.5, 9.5, 7.5], "texture": "#3"},
				"south": {"uv": [9.5, 7.5, 9.5, 7.5], "texture": "#3"},
				"west": {"uv": [9.5, 7.5, 9.5, 7.5], "texture": "#3"},
				"up": {"uv": [9.5, 7.5, 9.5, 7.5], "texture": "#3"},
				"down": {"uv": [9.5, 7.5, 9.5, 7.5], "texture": "#3"}
			}
		},
		{
			"from": [8.20673, 3.71822, -3.95509],
			"to": [9.80673, 8.56822, 8.79491],
			"rotation": {"angle": 0, "axis": "z", "origin": [9.00685, 7.73999, 7.04491]},
			"faces": {
				"north": {"uv": [9.5, 7.5, 9.5, 7.5], "rotation": 90, "texture": "#3"},
				"east": {"uv": [9.5, 7.5, 9.5, 7.5], "rotation": 90, "texture": "#3"},
				"south": {"uv": [9.5, 7.5, 9.5, 7.5], "rotation": 90, "texture": "#3"},
				"west": {"uv": [9.5, 7.5, 9.5, 7.5], "rotation": 90, "texture": "#3"},
				"up": {"uv": [9.5, 7.5, 9.5, 7.5], "rotation": 90, "texture": "#3"},
				"down": {"uv": [9.5, 7.5, 9.5, 7.5], "rotation": 90, "texture": "#3"}
			}
		},
		{
			"from": [8.20683, 3.71814, -3.95509],
			"to": [9.80683, 8.56814, 8.79491],
			"rotation": {"angle": -22.5, "axis": "z", "origin": [9.00685, 7.73999, 7.04491]},
			"faces": {
				"north": {"uv": [9.5, 7.5, 9.5, 7.5], "rotation": 90, "texture": "#3"},
				"east": {"uv": [9.5, 7.5, 9.5, 7.5], "rotation": 90, "texture": "#3"},
				"south": {"uv": [9.5, 7.5, 9.5, 7.5], "rotation": 90, "texture": "#3"},
				"west": {"uv": [9.5, 7.5, 9.5, 7.5], "rotation": 90, "texture": "#3"},
				"up": {"uv": [9.5, 7.5, 9.5, 7.5], "rotation": 90, "texture": "#3"},
				"down": {"uv": [9.5, 7.5, 9.5, 7.5], "rotation": 90, "texture": "#3"}
			}
		},
		{
			"from": [4.98491, 6.94017, -3.95509],
			"to": [9.83491, 8.54017, 8.79491],
			"rotation": {"angle": 45, "axis": "z", "origin": [9.00685, 7.73999, 7.04491]},
			"faces": {
				"north": {"uv": [9.5, 7.5, 9.5, 7.5], "texture": "#3"},
				"east": {"uv": [9.5, 7.5, 9.5, 7.5], "texture": "#3"},
				"south": {"uv": [9.5, 7.5, 9.5, 7.5], "texture": "#3"},
				"west": {"uv": [9.5, 7.5, 9.5, 7.5], "texture": "#3"},
				"up": {"uv": [9.5, 7.5, 9.5, 7.5], "texture": "#3"},
				"down": {"uv": [9.5, 7.5, 9.5, 7.5], "texture": "#3"}
			}
		},
		{
			"from": [4.98509, 6.93993, -3.95509],
			"to": [9.83509, 8.53993, 8.79491],
			"rotation": {"angle": 22.5, "axis": "z", "origin": [9.00685, 7.73999, 7.04491]},
			"faces": {
				"north": {"uv": [9.5, 7.5, 9.5, 7.5], "texture": "#3"},
				"east": {"uv": [9.5, 7.5, 9.5, 7.5], "texture": "#3"},
				"south": {"uv": [9.5, 7.5, 9.5, 7.5], "texture": "#3"},
				"west": {"uv": [9.5, 7.5, 9.5, 7.5], "texture": "#3"},
				"up": {"uv": [9.5, 7.5, 9.5, 7.5], "texture": "#3"},
				"down": {"uv": [9.5, 7.5, 9.5, 7.5], "texture": "#3"}
			}
		},
		{
			"from": [8.20685, 3.71817, -3.95509],
			"to": [9.80685, 8.56817, 8.79491],
			"rotation": {"angle": 22.5, "axis": "z", "origin": [9.00685, 7.73999, 7.04491]},
			"faces": {
				"north": {"uv": [9.5, 7.5, 9.5, 7.5], "rotation": 90, "texture": "#3"},
				"east": {"uv": [9.5, 7.5, 9.5, 7.5], "rotation": 90, "texture": "#3"},
				"south": {"uv": [9.5, 7.5, 9.5, 7.5], "rotation": 90, "texture": "#3"},
				"west": {"uv": [9.5, 7.5, 9.5, 7.5], "rotation": 90, "texture": "#3"},
				"up": {"uv": [9.5, 7.5, 9.5, 7.5], "rotation": 90, "texture": "#3"},
				"down": {"uv": [9.5, 7.5, 9.5, 7.5], "rotation": 90, "texture": "#3"}
			}
		},
		{
			"from": [8.20699, 3.71809, -3.95509],
			"to": [9.80699, 8.56809, 8.79491],
			"rotation": {"angle": 45, "axis": "z", "origin": [9.00685, 7.73999, 7.04491]},
			"faces": {
				"north": {"uv": [9.5, 7.5, 9.5, 7.5], "rotation": 90, "texture": "#3"},
				"east": {"uv": [9.5, 7.5, 9.5, 7.5], "rotation": 90, "texture": "#3"},
				"south": {"uv": [9.5, 7.5, 9.5, 7.5], "rotation": 90, "texture": "#3"},
				"west": {"uv": [9.5, 7.5, 9.5, 7.5], "rotation": 90, "texture": "#3"},
				"up": {"uv": [9.5, 7.5, 9.5, 7.5], "rotation": 90, "texture": "#3"},
				"down": {"uv": [9.5, 7.5, 9.5, 7.5], "rotation": 90, "texture": "#3"}
			}
		},
		{
			"from": [8.42881, 6.93998, -3.95509],
			"to": [13.02881, 8.53998, 8.79491],
			"rotation": {"angle": 0, "axis": "z", "origin": [9.00685, 7.73999, 7.04491]},
			"faces": {
				"north": {"uv": [9.5, 7.5, 9.5, 7.5], "rotation": 180, "texture": "#3"},
				"east": {"uv": [9.5, 7.5, 9.5, 7.5], "rotation": 180, "texture": "#3"},
				"south": {"uv": [9.5, 7.5, 9.5, 7.5], "rotation": 180, "texture": "#3"},
				"west": {"uv": [9.5, 7.5, 9.5, 7.5], "rotation": 180, "texture": "#3"},
				"up": {"uv": [9.5, 7.5, 9.5, 7.5], "rotation": 180, "texture": "#3"},
				"down": {"uv": [9.5, 7.5, 9.5, 7.5], "rotation": 180, "texture": "#3"}
			}
		},
		{
			"from": [8.42891, 6.9399, -3.95509],
			"to": [13.02891, 8.5399, 8.79491],
			"rotation": {"angle": -22.5, "axis": "z", "origin": [9.00685, 7.73999, 7.04491]},
			"faces": {
				"north": {"uv": [9.5, 7.5, 9.5, 7.5], "rotation": 180, "texture": "#3"},
				"east": {"uv": [9.5, 7.5, 9.5, 7.5], "rotation": 180, "texture": "#3"},
				"south": {"uv": [9.5, 7.5, 9.5, 7.5], "rotation": 180, "texture": "#3"},
				"west": {"uv": [9.5, 7.5, 9.5, 7.5], "rotation": 180, "texture": "#3"},
				"up": {"uv": [9.5, 7.5, 9.5, 7.5], "rotation": 180, "texture": "#3"},
				"down": {"uv": [9.5, 7.5, 9.5, 7.5], "rotation": 180, "texture": "#3"}
			}
		},
		{
			"from": [8.42882, 6.94016, -3.95509],
			"to": [13.02882, 8.54016, 8.79491],
			"rotation": {"angle": 22.5, "axis": "z", "origin": [9.00685, 7.73999, 7.04491]},
			"faces": {
				"north": {"uv": [9.5, 7.5, 9.5, 7.5], "rotation": 180, "texture": "#3"},
				"east": {"uv": [9.5, 7.5, 9.5, 7.5], "rotation": 180, "texture": "#3"},
				"south": {"uv": [9.5, 7.5, 9.5, 7.5], "rotation": 180, "texture": "#3"},
				"west": {"uv": [9.5, 7.5, 9.5, 7.5], "rotation": 180, "texture": "#3"},
				"up": {"uv": [9.5, 7.5, 9.5, 7.5], "rotation": 180, "texture": "#3"},
				"down": {"uv": [9.5, 7.5, 9.5, 7.5], "rotation": 180, "texture": "#3"}
			}
		},
		{
			"from": [8.42867, 6.93991, -3.95509],
			"to": [13.02867, 8.53991, 8.79491],
			"rotation": {"angle": 45, "axis": "z", "origin": [9.00685, 7.73999, 7.04491]},
			"faces": {
				"north": {"uv": [9.5, 7.5, 9.5, 7.5], "rotation": 180, "texture": "#3"},
				"east": {"uv": [9.5, 7.5, 9.5, 7.5], "rotation": 180, "texture": "#3"},
				"south": {"uv": [9.5, 7.5, 9.5, 7.5], "rotation": 180, "texture": "#3"},
				"west": {"uv": [9.5, 7.5, 9.5, 7.5], "rotation": 180, "texture": "#3"},
				"up": {"uv": [9.5, 7.5, 9.5, 7.5], "rotation": 180, "texture": "#3"},
				"down": {"uv": [9.5, 7.5, 9.5, 7.5], "rotation": 180, "texture": "#3"}
			}
		},
		{
			"from": [8.20675, 10.1617, -3.95509],
			"to": [9.80675, 11.7617, 8.79491],
			"rotation": {"angle": -22.5, "axis": "z", "origin": [9.00685, 7.73999, 7.04491]},
			"faces": {
				"north": {"uv": [9.5, 7.5, 9.5, 7.5], "rotation": 270, "texture": "#3"},
				"east": {"uv": [9.5, 7.5, 9.5, 7.5], "rotation": 270, "texture": "#3"},
				"south": {"uv": [9.5, 7.5, 9.5, 7.5], "rotation": 270, "texture": "#3"},
				"west": {"uv": [9.5, 7.5, 9.5, 7.5], "rotation": 270, "texture": "#3"},
				"up": {"uv": [9.5, 7.5, 9.5, 7.5], "rotation": 270, "texture": "#3"},
				"down": {"uv": [9.5, 7.5, 9.5, 7.5], "rotation": 270, "texture": "#3"}
			}
		},
		{
			"from": [8.20673, 7.16174, -3.95509],
			"to": [9.80673, 11.76174, 8.79491],
			"rotation": {"angle": 0, "axis": "z", "origin": [9.00685, 7.73999, 7.04491]},
			"faces": {
				"north": {"uv": [9.5, 7.5, 9.5, 7.5], "rotation": 270, "texture": "#3"},
				"east": {"uv": [9.5, 7.5, 9.5, 7.5], "rotation": 270, "texture": "#3"},
				"south": {"uv": [9.5, 7.5, 9.5, 7.5], "rotation": 270, "texture": "#3"},
				"west": {"uv": [9.5, 7.5, 9.5, 7.5], "rotation": 270, "texture": "#3"},
				"up": {"uv": [9.5, 7.5, 9.5, 7.5], "rotation": 270, "texture": "#3"},
				"down": {"uv": [9.5, 7.5, 9.5, 7.5], "rotation": 270, "texture": "#3"}
			}
		},
		{
			"from": [8.32709, 10.02943, 8.5955],
			"to": [9.69107, 11.18029, 14.48844],
			"rotation": {"angle": 0, "axis": "z", "origin": [9.00908, 7.75169, 11.79197]},
			"faces": {
				"north": {"uv": [9.5, 7.5, 9.5, 7.5], "rotation": 270, "texture": "#3"},
				"east": {"uv": [9.5, 7.5, 9.5, 7.5], "rotation": 270, "texture": "#3"},
				"south": {"uv": [9.5, 7.5, 9.5, 7.5], "rotation": 270, "texture": "#3"},
				"west": {"uv": [9.5, 7.5, 9.5, 7.5], "rotation": 270, "texture": "#3"},
				"up": {"uv": [9.5, 7.5, 9.5, 7.5], "rotation": 270, "texture": "#3"},
				"down": {"uv": [9.5, 7.5, 9.5, 7.5], "rotation": 270, "texture": "#3"}
			}
		},
		{
			"from": [10.84835, 7.20098, 13.4955],
			"to": [11.77767, 8.3024, 19.13844],
			"rotation": {"angle": 22.5, "axis": "z", "origin": [9.00908, 7.75169, 18.44197]},
			"faces": {
				"north": {"uv": [3, 9, 3, 9], "rotation": 180, "texture": "#1"},
				"east": {"uv": [3, 9, 3, 9], "rotation": 180, "texture": "#1"},
				"south": {"uv": [3, 9, 3, 9], "rotation": 180, "texture": "#1"},
				"west": {"uv": [6, 4, 6, 4], "rotation": 180, "texture": "#1"},
				"up": {"uv": [3, 9, 3, 9], "rotation": 180, "texture": "#1"},
				"down": {"uv": [3, 9, 3, 9], "rotation": 180, "texture": "#1"}
			}
		},
		{
			"from": [8.45837, 4.9831, 13.4955],
			"to": [9.55978, 5.91241, 19.13844],
			"rotation": {"angle": -45, "axis": "z", "origin": [9.00908, 7.75169, 18.44197]},
			"faces": {
				"north": {"uv": [3, 9, 3, 9], "rotation": 90, "texture": "#1"},
				"east": {"uv": [3, 9, 3, 9], "rotation": 90, "texture": "#1"},
				"south": {"uv": [3, 9, 3, 9], "rotation": 90, "texture": "#1"},
				"west": {"uv": [6, 4, 6, 4], "rotation": 90, "texture": "#1"},
				"up": {"uv": [3, 9, 3, 9], "rotation": 90, "texture": "#1"},
				"down": {"uv": [3, 9, 3, 9], "rotation": 90, "texture": "#1"}
			}
		},
		{
			"from": [8.45837, 4.9831, 13.4955],
			"to": [9.55978, 5.91241, 19.13844],
			"rotation": {"angle": 0, "axis": "y", "origin": [9.00908, 7.75169, 18.44197]},
			"faces": {
				"north": {"uv": [3, 9, 3, 9], "rotation": 90, "texture": "#1"},
				"east": {"uv": [3, 9, 3, 9], "rotation": 90, "texture": "#1"},
				"south": {"uv": [3, 9, 3, 9], "rotation": 90, "texture": "#1"},
				"west": {"uv": [6, 4, 6, 4], "rotation": 90, "texture": "#1"},
				"up": {"uv": [3, 9, 3, 9], "rotation": 90, "texture": "#1"},
				"down": {"uv": [3, 9, 3, 9], "rotation": 90, "texture": "#1"}
			}
		},
		{
			"from": [8.45837, 4.9831, 13.4955],
			"to": [9.55978, 5.91241, 19.13844],
			"rotation": {"angle": -22.5, "axis": "z", "origin": [9.00908, 7.75169, 18.44197]},
			"faces": {
				"north": {"uv": [3, 9, 3, 9], "rotation": 90, "texture": "#1"},
				"east": {"uv": [3, 9, 3, 9], "rotation": 90, "texture": "#1"},
				"south": {"uv": [3, 9, 3, 9], "rotation": 90, "texture": "#1"},
				"west": {"uv": [6, 4, 6, 4], "rotation": 90, "texture": "#1"},
				"up": {"uv": [3, 9, 3, 9], "rotation": 90, "texture": "#1"},
				"down": {"uv": [3, 9, 3, 9], "rotation": 90, "texture": "#1"}
			}
		},
		{
			"from": [6.24048, 7.20098, 13.4955],
			"to": [7.1698, 8.3024, 19.13844],
			"rotation": {"angle": 22.5, "axis": "z", "origin": [9.00908, 7.75169, 18.44197]},
			"faces": {
				"north": {"uv": [3, 9, 3, 9], "texture": "#1"},
				"east": {"uv": [3, 9, 3, 9], "texture": "#1"},
				"south": {"uv": [3, 9, 3, 9], "texture": "#1"},
				"west": {"uv": [6, 4, 6, 4], "texture": "#1"},
				"up": {"uv": [3, 9, 3, 9], "texture": "#1"},
				"down": {"uv": [3, 9, 3, 9], "texture": "#1"}
			}
		},
		{
			"from": [6.24048, 7.20098, 13.4955],
			"to": [7.1698, 8.3024, 19.13844],
			"rotation": {"angle": 0, "axis": "y", "origin": [9.00908, 7.75169, 18.44197]},
			"faces": {
				"north": {"uv": [3, 9, 3, 9], "texture": "#1"},
				"east": {"uv": [3, 9, 3, 9], "texture": "#1"},
				"south": {"uv": [3, 9, 3, 9], "texture": "#1"},
				"west": {"uv": [6, 4, 6, 4], "texture": "#1"},
				"up": {"uv": [3, 9, 3, 9], "texture": "#1"},
				"down": {"uv": [3, 9, 3, 9], "texture": "#1"}
			}
		},
		{
			"from": [6.24048, 7.20098, 13.4955],
			"to": [7.1698, 8.3024, 19.13844],
			"rotation": {"angle": -22.5, "axis": "z", "origin": [9.00908, 7.75169, 18.44197]},
			"faces": {
				"north": {"uv": [3, 9, 3, 9], "texture": "#1"},
				"east": {"uv": [3, 9, 3, 9], "texture": "#1"},
				"south": {"uv": [3, 9, 3, 9], "texture": "#1"},
				"west": {"uv": [6, 4, 6, 4], "texture": "#1"},
				"up": {"uv": [3, 9, 3, 9], "texture": "#1"},
				"down": {"uv": [3, 9, 3, 9], "texture": "#1"}
			}
		},
		{
			"from": [6.24048, 7.20098, 13.4955],
			"to": [7.1698, 8.3024, 19.13844],
			"rotation": {"angle": -45, "axis": "z", "origin": [9.00908, 7.75169, 18.44197]},
			"faces": {
				"north": {"uv": [3, 9, 3, 9], "texture": "#1"},
				"east": {"uv": [3, 9, 3, 9], "texture": "#1"},
				"south": {"uv": [3, 9, 3, 9], "texture": "#1"},
				"west": {"uv": [6, 4, 6, 4], "texture": "#1"},
				"up": {"uv": [3, 9, 3, 9], "texture": "#1"},
				"down": {"uv": [3, 9, 3, 9], "texture": "#1"}
			}
		},
		{
			"from": [8.45837, 9.59096, 13.4955],
			"to": [9.55978, 10.52028, 19.13844],
			"rotation": {"angle": 22.5, "axis": "z", "origin": [9.00908, 7.75169, 18.44197]},
			"faces": {
				"north": {"uv": [3, 9, 3, 9], "rotation": 270, "texture": "#1"},
				"east": {"uv": [3, 9, 3, 9], "rotation": 270, "texture": "#1"},
				"south": {"uv": [3, 9, 3, 9], "rotation": 270, "texture": "#1"},
				"west": {"uv": [6, 4, 6, 4], "rotation": 270, "texture": "#1"},
				"up": {"uv": [3, 9, 3, 9], "rotation": 270, "texture": "#1"},
				"down": {"uv": [3, 9, 3, 9], "rotation": 270, "texture": "#1"}
			}
		},
		{
			"from": [8.45837, 4.9831, 13.4955],
			"to": [9.55978, 5.91241, 19.13844],
			"rotation": {"angle": 22.5, "axis": "z", "origin": [9.00908, 7.75169, 18.44197]},
			"faces": {
				"north": {"uv": [3, 9, 3, 9], "rotation": 90, "texture": "#1"},
				"east": {"uv": [3, 9, 3, 9], "rotation": 90, "texture": "#1"},
				"south": {"uv": [3, 9, 3, 9], "rotation": 90, "texture": "#1"},
				"west": {"uv": [6, 4, 6, 4], "rotation": 90, "texture": "#1"},
				"up": {"uv": [3, 9, 3, 9], "rotation": 90, "texture": "#1"},
				"down": {"uv": [3, 9, 3, 9], "rotation": 90, "texture": "#1"}
			}
		},
		{
			"from": [10.84835, 7.20098, 13.4955],
			"to": [11.77767, 8.3024, 19.13844],
			"rotation": {"angle": 0, "axis": "y", "origin": [9.00908, 7.75169, 18.44197]},
			"faces": {
				"north": {"uv": [3, 9, 3, 9], "rotation": 180, "texture": "#1"},
				"east": {"uv": [3, 9, 3, 9], "rotation": 180, "texture": "#1"},
				"south": {"uv": [3, 9, 3, 9], "rotation": 180, "texture": "#1"},
				"west": {"uv": [6, 4, 6, 4], "rotation": 180, "texture": "#1"},
				"up": {"uv": [3, 9, 3, 9], "rotation": 180, "texture": "#1"},
				"down": {"uv": [3, 9, 3, 9], "rotation": 180, "texture": "#1"}
			}
		},
		{
			"from": [10.84835, 7.20098, 13.4955],
			"to": [11.77767, 8.3024, 19.13844],
			"rotation": {"angle": -22.5, "axis": "z", "origin": [9.00908, 7.75169, 18.44197]},
			"faces": {
				"north": {"uv": [3, 9, 3, 9], "rotation": 180, "texture": "#1"},
				"east": {"uv": [3, 9, 3, 9], "rotation": 180, "texture": "#1"},
				"south": {"uv": [3, 9, 3, 9], "rotation": 180, "texture": "#1"},
				"west": {"uv": [6, 4, 6, 4], "rotation": 180, "texture": "#1"},
				"up": {"uv": [3, 9, 3, 9], "rotation": 180, "texture": "#1"},
				"down": {"uv": [3, 9, 3, 9], "rotation": 180, "texture": "#1"}
			}
		},
		{
			"from": [8.45837, 4.9831, 13.4955],
			"to": [9.55978, 5.91241, 19.13844],
			"rotation": {"angle": 45, "axis": "z", "origin": [9.00908, 7.75169, 18.44197]},
			"faces": {
				"north": {"uv": [3, 9, 3, 9], "rotation": 90, "texture": "#1"},
				"east": {"uv": [3, 9, 3, 9], "rotation": 90, "texture": "#1"},
				"south": {"uv": [3, 9, 3, 9], "rotation": 90, "texture": "#1"},
				"west": {"uv": [6, 4, 6, 4], "rotation": 90, "texture": "#1"},
				"up": {"uv": [3, 9, 3, 9], "rotation": 90, "texture": "#1"},
				"down": {"uv": [3, 9, 3, 9], "rotation": 90, "texture": "#1"}
			}
		},
		{
			"from": [8.45837, 9.59096, 13.4955],
			"to": [9.55978, 10.52028, 19.13844],
			"rotation": {"angle": -45, "axis": "z", "origin": [9.00908, 7.75169, 18.44197]},
			"faces": {
				"north": {"uv": [3, 9, 3, 9], "rotation": 270, "texture": "#1"},
				"east": {"uv": [3, 9, 3, 9], "rotation": 270, "texture": "#1"},
				"south": {"uv": [3, 9, 3, 9], "rotation": 270, "texture": "#1"},
				"west": {"uv": [6, 4, 6, 4], "rotation": 270, "texture": "#1"},
				"up": {"uv": [3, 9, 3, 9], "rotation": 270, "texture": "#1"},
				"down": {"uv": [3, 9, 3, 9], "rotation": 270, "texture": "#1"}
			}
		},
		{
			"from": [8.45837, 9.59096, 13.4955],
			"to": [9.55978, 10.52028, 19.13844],
			"rotation": {"angle": -22.5, "axis": "z", "origin": [9.00908, 7.75169, 18.44197]},
			"faces": {
				"north": {"uv": [3, 9, 3, 9], "rotation": 270, "texture": "#1"},
				"east": {"uv": [3, 9, 3, 9], "rotation": 270, "texture": "#1"},
				"south": {"uv": [3, 9, 3, 9], "rotation": 270, "texture": "#1"},
				"west": {"uv": [6, 4, 6, 4], "rotation": 270, "texture": "#1"},
				"up": {"uv": [3, 9, 3, 9], "rotation": 270, "texture": "#1"},
				"down": {"uv": [3, 9, 3, 9], "rotation": 270, "texture": "#1"}
			}
		},
		{
			"from": [8.45837, 9.59096, 13.4955],
			"to": [9.55978, 10.52028, 19.13844],
			"rotation": {"angle": 0, "axis": "y", "origin": [9.00908, 7.75169, 18.44197]},
			"faces": {
				"north": {"uv": [3, 9, 3, 9], "rotation": 270, "texture": "#1"},
				"east": {"uv": [3, 9, 3, 9], "rotation": 270, "texture": "#1"},
				"south": {"uv": [3, 9, 3, 9], "rotation": 270, "texture": "#1"},
				"west": {"uv": [6, 4, 6, 4], "rotation": 270, "texture": "#1"},
				"up": {"uv": [3, 9, 3, 9], "rotation": 270, "texture": "#1"},
				"down": {"uv": [3, 9, 3, 9], "rotation": 270, "texture": "#1"}
			}
		},
		{
			"from": [8.32709, 10.02943, 8.5955],
			"to": [9.69107, 11.18029, 14.48844],
			"rotation": {"angle": -22.5, "axis": "z", "origin": [9.00908, 7.75169, 11.79197]},
			"faces": {
				"north": {"uv": [9.5, 7.5, 9.5, 7.5], "rotation": 270, "texture": "#3"},
				"east": {"uv": [9.5, 7.5, 9.5, 7.5], "rotation": 270, "texture": "#3"},
				"south": {"uv": [9.5, 7.5, 9.5, 7.5], "rotation": 270, "texture": "#3"},
				"west": {"uv": [9.5, 7.5, 9.5, 7.5], "rotation": 270, "texture": "#3"},
				"up": {"uv": [9.5, 7.5, 9.5, 7.5], "rotation": 270, "texture": "#3"},
				"down": {"uv": [9.5, 7.5, 9.5, 7.5], "rotation": 270, "texture": "#3"}
			}
		},
		{
			"from": [8.32709, 10.02943, 8.5955],
			"to": [9.69107, 11.18029, 14.48844],
			"rotation": {"angle": -45, "axis": "z", "origin": [9.00908, 7.75169, 11.79197]},
			"faces": {
				"north": {"uv": [9.5, 7.5, 9.5, 7.5], "rotation": 270, "texture": "#3"},
				"east": {"uv": [9.5, 7.5, 9.5, 7.5], "rotation": 270, "texture": "#3"},
				"south": {"uv": [9.5, 7.5, 9.5, 7.5], "rotation": 270, "texture": "#3"},
				"west": {"uv": [9.5, 7.5, 9.5, 7.5], "rotation": 270, "texture": "#3"},
				"up": {"uv": [9.5, 7.5, 9.5, 7.5], "rotation": 270, "texture": "#3"},
				"down": {"uv": [9.5, 7.5, 9.5, 7.5], "rotation": 270, "texture": "#3"}
			}
		},
		{
			"from": [8.32709, 4.32309, 8.5955],
			"to": [9.69107, 5.47395, 14.48844],
			"rotation": {"angle": 22.5, "axis": "z", "origin": [9.00908, 7.75169, 11.79197]},
			"faces": {
				"north": {"uv": [9.5, 7.5, 9.5, 7.5], "rotation": 90, "texture": "#3"},
				"east": {"uv": [9.5, 7.5, 9.5, 7.5], "rotation": 90, "texture": "#3"},
				"south": {"uv": [9.5, 7.5, 9.5, 7.5], "rotation": 90, "texture": "#3"},
				"west": {"uv": [9.5, 7.5, 9.5, 7.5], "rotation": 90, "texture": "#3"},
				"up": {"uv": [9.5, 7.5, 9.5, 7.5], "rotation": 90, "texture": "#3"},
				"down": {"uv": [9.5, 7.5, 9.5, 7.5], "rotation": 90, "texture": "#3"}
			}
		},
		{
			"from": [8.32709, 4.32309, 8.5955],
			"to": [9.69107, 5.47395, 14.48844],
			"rotation": {"angle": -45, "axis": "z", "origin": [9.00908, 7.75169, 11.79197]},
			"faces": {
				"north": {"uv": [9.5, 7.5, 9.5, 7.5], "rotation": 90, "texture": "#3"},
				"east": {"uv": [9.5, 7.5, 9.5, 7.5], "rotation": 90, "texture": "#3"},
				"south": {"uv": [9.5, 7.5, 9.5, 7.5], "rotation": 90, "texture": "#3"},
				"west": {"uv": [9.5, 7.5, 9.5, 7.5], "rotation": 90, "texture": "#3"},
				"up": {"uv": [9.5, 7.5, 9.5, 7.5], "rotation": 90, "texture": "#3"},
				"down": {"uv": [9.5, 7.5, 9.5, 7.5], "rotation": 90, "texture": "#3"}
			}
		},
		{
			"from": [8.32709, 4.32309, 8.5955],
			"to": [9.69107, 5.47395, 14.48844],
			"rotation": {"angle": 0, "axis": "z", "origin": [9.00908, 7.75169, 11.79197]},
			"faces": {
				"north": {"uv": [9.5, 7.5, 9.5, 7.5], "rotation": 90, "texture": "#3"},
				"east": {"uv": [9.5, 7.5, 9.5, 7.5], "rotation": 90, "texture": "#3"},
				"south": {"uv": [9.5, 7.5, 9.5, 7.5], "rotation": 90, "texture": "#3"},
				"west": {"uv": [9.5, 7.5, 9.5, 7.5], "rotation": 90, "texture": "#3"},
				"up": {"uv": [9.5, 7.5, 9.5, 7.5], "rotation": 90, "texture": "#3"},
				"down": {"uv": [9.5, 7.5, 9.5, 7.5], "rotation": 90, "texture": "#3"}
			}
		},
		{
			"from": [8.32709, 4.32309, 8.5955],
			"to": [9.69107, 5.47395, 14.48844],
			"rotation": {"angle": -22.5, "axis": "z", "origin": [9.00908, 7.75169, 11.79197]},
			"faces": {
				"north": {"uv": [9.5, 7.5, 9.5, 7.5], "rotation": 90, "texture": "#3"},
				"east": {"uv": [9.5, 7.5, 9.5, 7.5], "rotation": 90, "texture": "#3"},
				"south": {"uv": [9.5, 7.5, 9.5, 7.5], "rotation": 90, "texture": "#3"},
				"west": {"uv": [9.5, 7.5, 9.5, 7.5], "rotation": 90, "texture": "#3"},
				"up": {"uv": [9.5, 7.5, 9.5, 7.5], "rotation": 90, "texture": "#3"},
				"down": {"uv": [9.5, 7.5, 9.5, 7.5], "rotation": 90, "texture": "#3"}
			}
		},
		{
			"from": [5.58048, 7.0697, 8.5955],
			"to": [6.73134, 8.43368, 14.48844],
			"rotation": {"angle": 22.5, "axis": "z", "origin": [9.00908, 7.75169, 11.79197]},
			"faces": {
				"north": {"uv": [9.5, 7.5, 9.5, 7.5], "texture": "#3"},
				"east": {"uv": [9.5, 7.5, 9.5, 7.5], "texture": "#3"},
				"south": {"uv": [9.5, 7.5, 9.5, 7.5], "texture": "#3"},
				"west": {"uv": [9.5, 7.5, 9.5, 7.5], "texture": "#3"},
				"up": {"uv": [9.5, 7.5, 9.5, 7.5], "texture": "#3"},
				"down": {"uv": [9.5, 7.5, 9.5, 7.5], "texture": "#3"}
			}
		},
		{
			"from": [5.58048, 7.0697, 8.5955],
			"to": [6.73134, 8.43368, 14.48844],
			"rotation": {"angle": 0, "axis": "z", "origin": [9.00908, 7.75169, 11.79197]},
			"faces": {
				"north": {"uv": [9.5, 7.5, 9.5, 7.5], "texture": "#3"},
				"east": {"uv": [9.5, 7.5, 9.5, 7.5], "texture": "#3"},
				"south": {"uv": [9.5, 7.5, 9.5, 7.5], "texture": "#3"},
				"west": {"uv": [9.5, 7.5, 9.5, 7.5], "texture": "#3"},
				"up": {"uv": [9.5, 7.5, 9.5, 7.5], "texture": "#3"},
				"down": {"uv": [9.5, 7.5, 9.5, 7.5], "texture": "#3"}
			}
		},
		{
			"from": [5.58048, 7.0697, 8.5955],
			"to": [6.73134, 8.43368, 14.48844],
			"rotation": {"angle": -22.5, "axis": "z", "origin": [9.00908, 7.75169, 11.79197]},
			"faces": {
				"north": {"uv": [9.5, 7.5, 9.5, 7.5], "texture": "#3"},
				"east": {"uv": [9.5, 7.5, 9.5, 7.5], "texture": "#3"},
				"south": {"uv": [9.5, 7.5, 9.5, 7.5], "texture": "#3"},
				"west": {"uv": [9.5, 7.5, 9.5, 7.5], "texture": "#3"},
				"up": {"uv": [9.5, 7.5, 9.5, 7.5], "texture": "#3"},
				"down": {"uv": [9.5, 7.5, 9.5, 7.5], "texture": "#3"}
			}
		},
		{
			"from": [5.58048, 7.0697, 8.5955],
			"to": [6.73134, 8.43368, 14.48844],
			"rotation": {"angle": -45, "axis": "z", "origin": [9.00908, 7.75169, 11.79197]},
			"faces": {
				"north": {"uv": [9.5, 7.5, 9.5, 7.5], "texture": "#3"},
				"east": {"uv": [9.5, 7.5, 9.5, 7.5], "texture": "#3"},
				"south": {"uv": [9.5, 7.5, 9.5, 7.5], "texture": "#3"},
				"west": {"uv": [9.5, 7.5, 9.5, 7.5], "texture": "#3"},
				"up": {"uv": [9.5, 7.5, 9.5, 7.5], "texture": "#3"},
				"down": {"uv": [9.5, 7.5, 9.5, 7.5], "texture": "#3"}
			}
		},
		{
			"from": [8.32709, 10.02943, 8.5955],
			"to": [9.69107, 11.18029, 14.48844],
			"rotation": {"angle": 22.5, "axis": "z", "origin": [9.00908, 7.75169, 11.79197]},
			"faces": {
				"north": {"uv": [9.5, 7.5, 9.5, 7.5], "rotation": 270, "texture": "#3"},
				"east": {"uv": [9.5, 7.5, 9.5, 7.5], "rotation": 270, "texture": "#3"},
				"south": {"uv": [9.5, 7.5, 9.5, 7.5], "rotation": 270, "texture": "#3"},
				"west": {"uv": [9.5, 7.5, 9.5, 7.5], "rotation": 270, "texture": "#3"},
				"up": {"uv": [9.5, 7.5, 9.5, 7.5], "rotation": 270, "texture": "#3"},
				"down": {"uv": [9.5, 7.5, 9.5, 7.5], "rotation": 270, "texture": "#3"}
			}
		},
		{
			"from": [11.28682, 7.0697, 8.5955],
			"to": [12.43767, 8.43368, 14.48844],
			"rotation": {"angle": 0, "axis": "z", "origin": [9.00908, 7.75169, 11.79197]},
			"faces": {
				"north": {"uv": [9.5, 7.5, 9.5, 7.5], "rotation": 180, "texture": "#3"},
				"east": {"uv": [9.5, 7.5, 9.5, 7.5], "rotation": 180, "texture": "#3"},
				"south": {"uv": [9.5, 7.5, 9.5, 7.5], "rotation": 180, "texture": "#3"},
				"west": {"uv": [9.5, 7.5, 9.5, 7.5], "rotation": 180, "texture": "#3"},
				"up": {"uv": [9.5, 7.5, 9.5, 7.5], "rotation": 180, "texture": "#3"},
				"down": {"uv": [9.5, 7.5, 9.5, 7.5], "rotation": 180, "texture": "#3"}
			}
		},
		{
			"from": [11.28682, 7.0697, 8.5955],
			"to": [12.43767, 8.43368, 14.48844],
			"rotation": {"angle": -22.5, "axis": "z", "origin": [9.00908, 7.75169, 11.79197]},
			"faces": {
				"north": {"uv": [9.5, 7.5, 9.5, 7.5], "rotation": 180, "texture": "#3"},
				"east": {"uv": [9.5, 7.5, 9.5, 7.5], "rotation": 180, "texture": "#3"},
				"south": {"uv": [9.5, 7.5, 9.5, 7.5], "rotation": 180, "texture": "#3"},
				"west": {"uv": [9.5, 7.5, 9.5, 7.5], "rotation": 180, "texture": "#3"},
				"up": {"uv": [9.5, 7.5, 9.5, 7.5], "rotation": 180, "texture": "#3"},
				"down": {"uv": [9.5, 7.5, 9.5, 7.5], "rotation": 180, "texture": "#3"}
			}
		},
		{
			"from": [8.32709, 4.32309, 8.5955],
			"to": [9.69107, 5.47395, 14.48844],
			"rotation": {"angle": 45, "axis": "z", "origin": [9.00908, 7.75169, 11.79197]},
			"faces": {
				"north": {"uv": [9.5, 7.5, 9.5, 7.5], "rotation": 90, "texture": "#3"},
				"east": {"uv": [9.5, 7.5, 9.5, 7.5], "rotation": 90, "texture": "#3"},
				"south": {"uv": [9.5, 7.5, 9.5, 7.5], "rotation": 90, "texture": "#3"},
				"west": {"uv": [9.5, 7.5, 9.5, 7.5], "rotation": 90, "texture": "#3"},
				"up": {"uv": [9.5, 7.5, 9.5, 7.5], "rotation": 90, "texture": "#3"},
				"down": {"uv": [9.5, 7.5, 9.5, 7.5], "rotation": 90, "texture": "#3"}
			}
		},
		{
			"from": [11.28682, 7.0697, 8.5955],
			"to": [12.43767, 8.43368, 14.48844],
			"rotation": {"angle": 22.5, "axis": "z", "origin": [9.00908, 7.75169, 11.79197]},
			"faces": {
				"north": {"uv": [9.5, 7.5, 9.5, 7.5], "rotation": 180, "texture": "#3"},
				"east": {"uv": [9.5, 7.5, 9.5, 7.5], "rotation": 180, "texture": "#3"},
				"south": {"uv": [9.5, 7.5, 9.5, 7.5], "rotation": 180, "texture": "#3"},
				"west": {"uv": [9.5, 7.5, 9.5, 7.5], "rotation": 180, "texture": "#3"},
				"up": {"uv": [9.5, 7.5, 9.5, 7.5], "rotation": 180, "texture": "#3"},
				"down": {"uv": [9.5, 7.5, 9.5, 7.5], "rotation": 180, "texture": "#3"}
			}
		},
		{
			"from": [8.78463, 7.57029, 24.4455],
			"to": [9.23352, 8.88004, 26.83844],
			"rotation": {"angle": 0, "axis": "y", "origin": [9.00908, 7.75169, 25.64197]},
			"faces": {
				"north": {"uv": [15.5, 11.5, 15.5, 11.5], "rotation": 270, "texture": "#5"},
				"east": {"uv": [15.5, 11.5, 15.5, 11.5], "rotation": 270, "texture": "#5"},
				"south": {"uv": [15.5, 11.5, 15.5, 11.5], "rotation": 270, "texture": "#5"},
				"west": {"uv": [15.5, 11.5, 15.5, 11.5], "rotation": 270, "texture": "#5"},
				"up": {"uv": [15.5, 11.5, 15.5, 11.5], "rotation": 270, "texture": "#5"},
				"down": {"uv": [15.5, 11.5, 15.5, 11.5], "rotation": 270, "texture": "#5"}
			}
		},
		{
			"from": [8.78463, 7.57029, 24.4455],
			"to": [9.23352, 8.88004, 26.83844],
			"rotation": {"angle": -22.5, "axis": "z", "origin": [9.00908, 7.75169, 25.64197]},
			"faces": {
				"north": {"uv": [15.5, 11.5, 15.5, 11.5], "rotation": 270, "texture": "#5"},
				"east": {"uv": [15.5, 11.5, 15.5, 11.5], "rotation": 270, "texture": "#5"},
				"south": {"uv": [15.5, 11.5, 15.5, 11.5], "rotation": 270, "texture": "#5"},
				"west": {"uv": [15.5, 11.5, 15.5, 11.5], "rotation": 270, "texture": "#5"},
				"up": {"uv": [15.5, 11.5, 15.5, 11.5], "rotation": 270, "texture": "#5"},
				"down": {"uv": [15.5, 11.5, 15.5, 11.5], "rotation": 270, "texture": "#5"}
			}
		},
		{
			"from": [8.78463, 7.57029, 24.4455],
			"to": [9.23352, 8.88004, 26.83844],
			"rotation": {"angle": -45, "axis": "z", "origin": [9.00908, 7.75169, 25.64197]},
			"faces": {
				"north": {"uv": [15.5, 11.5, 15.5, 11.5], "rotation": 270, "texture": "#5"},
				"east": {"uv": [15.5, 11.5, 15.5, 11.5], "rotation": 270, "texture": "#5"},
				"south": {"uv": [15.5, 11.5, 15.5, 11.5], "rotation": 270, "texture": "#5"},
				"west": {"uv": [15.5, 11.5, 15.5, 11.5], "rotation": 270, "texture": "#5"},
				"up": {"uv": [15.5, 11.5, 15.5, 11.5], "rotation": 270, "texture": "#5"},
				"down": {"uv": [15.5, 11.5, 15.5, 11.5], "rotation": 270, "texture": "#5"}
			}
		},
		{
			"from": [8.82768, 7.52724, 24.4455],
			"to": [10.13743, 7.97613, 26.83844],
			"rotation": {"angle": 22.5, "axis": "z", "origin": [9.00908, 7.75169, 25.64197]},
			"faces": {
				"north": {"uv": [15.5, 11.5, 15.5, 11.5], "rotation": 180, "texture": "#5"},
				"east": {"uv": [15.5, 11.5, 15.5, 11.5], "rotation": 180, "texture": "#5"},
				"south": {"uv": [15.5, 11.5, 15.5, 11.5], "rotation": 180, "texture": "#5"},
				"west": {"uv": [15.5, 11.5, 15.5, 11.5], "rotation": 180, "texture": "#5"},
				"up": {"uv": [15.5, 11.5, 15.5, 11.5], "rotation": 180, "texture": "#5"},
				"down": {"uv": [15.5, 11.5, 15.5, 11.5], "rotation": 180, "texture": "#5"}
			}
		},
		{
			"from": [8.82768, 7.52724, 24.4455],
			"to": [10.13743, 7.97613, 26.83844],
			"rotation": {"angle": 0, "axis": "y", "origin": [9.00908, 7.75169, 25.64197]},
			"faces": {
				"north": {"uv": [15.5, 11.5, 15.5, 11.5], "rotation": 180, "texture": "#5"},
				"east": {"uv": [15.5, 11.5, 15.5, 11.5], "rotation": 180, "texture": "#5"},
				"south": {"uv": [15.5, 11.5, 15.5, 11.5], "rotation": 180, "texture": "#5"},
				"west": {"uv": [15.5, 11.5, 15.5, 11.5], "rotation": 180, "texture": "#5"},
				"up": {"uv": [15.5, 11.5, 15.5, 11.5], "rotation": 180, "texture": "#5"},
				"down": {"uv": [15.5, 11.5, 15.5, 11.5], "rotation": 180, "texture": "#5"}
			}
		},
		{
			"from": [8.82768, 7.52724, 24.4455],
			"to": [10.13743, 7.97613, 26.83844],
			"rotation": {"angle": -22.5, "axis": "z", "origin": [9.00908, 7.75169, 25.64197]},
			"faces": {
				"north": {"uv": [15.5, 11.5, 15.5, 11.5], "rotation": 180, "texture": "#5"},
				"east": {"uv": [15.5, 11.5, 15.5, 11.5], "rotation": 180, "texture": "#5"},
				"south": {"uv": [15.5, 11.5, 15.5, 11.5], "rotation": 180, "texture": "#5"},
				"west": {"uv": [15.5, 11.5, 15.5, 11.5], "rotation": 180, "texture": "#5"},
				"up": {"uv": [15.5, 11.5, 15.5, 11.5], "rotation": 180, "texture": "#5"},
				"down": {"uv": [15.5, 11.5, 15.5, 11.5], "rotation": 180, "texture": "#5"}
			}
		},
		{
			"from": [8.78463, 7.57029, 24.4455],
			"to": [9.23352, 8.88004, 26.83844],
			"rotation": {"angle": 22.5, "axis": "z", "origin": [9.00908, 7.75169, 25.64197]},
			"faces": {
				"north": {"uv": [15.5, 11.5, 15.5, 11.5], "rotation": 270, "texture": "#5"},
				"east": {"uv": [15.5, 11.5, 15.5, 11.5], "rotation": 270, "texture": "#5"},
				"south": {"uv": [15.5, 11.5, 15.5, 11.5], "rotation": 270, "texture": "#5"},
				"west": {"uv": [15.5, 11.5, 15.5, 11.5], "rotation": 270, "texture": "#5"},
				"up": {"uv": [15.5, 11.5, 15.5, 11.5], "rotation": 270, "texture": "#5"},
				"down": {"uv": [15.5, 11.5, 15.5, 11.5], "rotation": 270, "texture": "#5"}
			}
		},
		{
			"from": [7.88073, 7.52724, 24.4455],
			"to": [9.19047, 7.97613, 26.83844],
			"rotation": {"angle": -45, "axis": "z", "origin": [9.00908, 7.75169, 25.64197]},
			"faces": {
				"north": {"uv": [15.5, 11.5, 15.5, 11.5], "texture": "#5"},
				"east": {"uv": [15.5, 11.5, 15.5, 11.5], "texture": "#5"},
				"south": {"uv": [15.5, 11.5, 15.5, 11.5], "texture": "#5"},
				"west": {"uv": [15.5, 11.5, 15.5, 11.5], "texture": "#5"},
				"up": {"uv": [15.5, 11.5, 15.5, 11.5], "texture": "#5"},
				"down": {"uv": [15.5, 11.5, 15.5, 11.5], "texture": "#5"}
			}
		},
		{
			"from": [7.88073, 7.52724, 24.4455],
			"to": [9.19047, 7.97613, 26.83844],
			"rotation": {"angle": -22.5, "axis": "z", "origin": [9.00908, 7.75169, 25.64197]},
			"faces": {
				"north": {"uv": [15.5, 11.5, 15.5, 11.5], "texture": "#5"},
				"east": {"uv": [15.5, 11.5, 15.5, 11.5], "texture": "#5"},
				"south": {"uv": [15.5, 11.5, 15.5, 11.5], "texture": "#5"},
				"west": {"uv": [15.5, 11.5, 15.5, 11.5], "texture": "#5"},
				"up": {"uv": [15.5, 11.5, 15.5, 11.5], "texture": "#5"},
				"down": {"uv": [15.5, 11.5, 15.5, 11.5], "texture": "#5"}
			}
		},
		{
			"from": [7.88073, 7.52724, 24.4455],
			"to": [9.19047, 7.97613, 26.83844],
			"rotation": {"angle": 0, "axis": "y", "origin": [9.00908, 7.75169, 25.64197]},
			"faces": {
				"north": {"uv": [15.5, 11.5, 15.5, 11.5], "texture": "#5"},
				"east": {"uv": [15.5, 11.5, 15.5, 11.5], "texture": "#5"},
				"south": {"uv": [15.5, 11.5, 15.5, 11.5], "texture": "#5"},
				"west": {"uv": [15.5, 11.5, 15.5, 11.5], "texture": "#5"},
				"up": {"uv": [15.5, 11.5, 15.5, 11.5], "texture": "#5"},
				"down": {"uv": [15.5, 11.5, 15.5, 11.5], "texture": "#5"}
			}
		},
		{
			"from": [7.88073, 7.52724, 24.4455],
			"to": [9.19047, 7.97613, 26.83844],
			"rotation": {"angle": 22.5, "axis": "z", "origin": [9.00908, 7.75169, 25.64197]},
			"faces": {
				"north": {"uv": [15.5, 11.5, 15.5, 11.5], "texture": "#5"},
				"east": {"uv": [15.5, 11.5, 15.5, 11.5], "texture": "#5"},
				"south": {"uv": [15.5, 11.5, 15.5, 11.5], "texture": "#5"},
				"west": {"uv": [15.5, 11.5, 15.5, 11.5], "texture": "#5"},
				"up": {"uv": [15.5, 11.5, 15.5, 11.5], "texture": "#5"},
				"down": {"uv": [15.5, 11.5, 15.5, 11.5], "texture": "#5"}
			}
		},
		{
			"from": [8.78463, 6.62334, 24.4455],
			"to": [9.23352, 7.93309, 26.83844],
			"rotation": {"angle": -45, "axis": "z", "origin": [9.00908, 7.75169, 25.64197]},
			"faces": {
				"north": {"uv": [15.5, 11.5, 15.5, 11.5], "rotation": 90, "texture": "#5"},
				"east": {"uv": [15.5, 11.5, 15.5, 11.5], "rotation": 90, "texture": "#5"},
				"south": {"uv": [15.5, 11.5, 15.5, 11.5], "rotation": 90, "texture": "#5"},
				"west": {"uv": [15.5, 11.5, 15.5, 11.5], "rotation": 90, "texture": "#5"},
				"up": {"uv": [15.5, 11.5, 15.5, 11.5], "rotation": 90, "texture": "#5"},
				"down": {"uv": [15.5, 11.5, 15.5, 11.5], "rotation": 90, "texture": "#5"}
			}
		},
		{
			"from": [8.78463, 6.62334, 24.4455],
			"to": [9.23352, 7.93309, 26.83844],
			"rotation": {"angle": -22.5, "axis": "z", "origin": [9.00908, 7.75169, 25.64197]},
			"faces": {
				"north": {"uv": [15.5, 11.5, 15.5, 11.5], "rotation": 90, "texture": "#5"},
				"east": {"uv": [15.5, 11.5, 15.5, 11.5], "rotation": 90, "texture": "#5"},
				"south": {"uv": [15.5, 11.5, 15.5, 11.5], "rotation": 90, "texture": "#5"},
				"west": {"uv": [15.5, 11.5, 15.5, 11.5], "rotation": 90, "texture": "#5"},
				"up": {"uv": [15.5, 11.5, 15.5, 11.5], "rotation": 90, "texture": "#5"},
				"down": {"uv": [15.5, 11.5, 15.5, 11.5], "rotation": 90, "texture": "#5"}
			}
		},
		{
			"from": [8.78463, 6.62334, 24.4455],
			"to": [9.23352, 7.93309, 26.83844],
			"rotation": {"angle": 0, "axis": "y", "origin": [9.00908, 7.75169, 25.64197]},
			"faces": {
				"north": {"uv": [15.5, 11.5, 15.5, 11.5], "rotation": 90, "texture": "#5"},
				"east": {"uv": [15.5, 11.5, 15.5, 11.5], "rotation": 90, "texture": "#5"},
				"south": {"uv": [15.5, 11.5, 15.5, 11.5], "rotation": 90, "texture": "#5"},
				"west": {"uv": [15.5, 11.5, 15.5, 11.5], "rotation": 90, "texture": "#5"},
				"up": {"uv": [15.5, 11.5, 15.5, 11.5], "rotation": 90, "texture": "#5"},
				"down": {"uv": [15.5, 11.5, 15.5, 11.5], "rotation": 90, "texture": "#5"}
			}
		},
		{
			"from": [8.78463, 6.62334, 24.4455],
			"to": [9.23352, 7.93309, 26.83844],
			"rotation": {"angle": 22.5, "axis": "z", "origin": [9.00908, 7.75169, 25.64197]},
			"faces": {
				"north": {"uv": [15.5, 11.5, 15.5, 11.5], "rotation": 90, "texture": "#5"},
				"east": {"uv": [15.5, 11.5, 15.5, 11.5], "rotation": 90, "texture": "#5"},
				"south": {"uv": [15.5, 11.5, 15.5, 11.5], "rotation": 90, "texture": "#5"},
				"west": {"uv": [15.5, 11.5, 15.5, 11.5], "rotation": 90, "texture": "#5"},
				"up": {"uv": [15.5, 11.5, 15.5, 11.5], "rotation": 90, "texture": "#5"},
				"down": {"uv": [15.5, 11.5, 15.5, 11.5], "rotation": 90, "texture": "#5"}
			}
		},
		{
			"from": [8.78463, 6.62334, 24.4455],
			"to": [9.23352, 7.93309, 26.83844],
			"rotation": {"angle": 45, "axis": "z", "origin": [9.00908, 7.75169, 25.64197]},
			"faces": {
				"north": {"uv": [15.5, 11.5, 15.5, 11.5], "rotation": 90, "texture": "#5"},
				"east": {"uv": [15.5, 11.5, 15.5, 11.5], "rotation": 90, "texture": "#5"},
				"south": {"uv": [15.5, 11.5, 15.5, 11.5], "rotation": 90, "texture": "#5"},
				"west": {"uv": [15.5, 11.5, 15.5, 11.5], "rotation": 90, "texture": "#5"},
				"up": {"uv": [15.5, 11.5, 15.5, 11.5], "rotation": 90, "texture": "#5"},
				"down": {"uv": [15.5, 11.5, 15.5, 11.5], "rotation": 90, "texture": "#5"}
			}
		},
		{
			"from": [8.67425, 6.06838, 22.0455],
			"to": [9.34391, 6.63341, 24.43844],
			"rotation": {"angle": 0, "axis": "y", "origin": [9.00908, 7.75169, 23.24197]},
			"faces": {
				"north": {"uv": [15.5, 11.5, 15.5, 11.5], "rotation": 90, "texture": "#5"},
				"east": {"uv": [15.5, 11.5, 15.5, 11.5], "rotation": 90, "texture": "#5"},
				"south": {"uv": [15.5, 11.5, 15.5, 11.5], "rotation": 90, "texture": "#5"},
				"west": {"uv": [15.5, 11.5, 15.5, 11.5], "rotation": 90, "texture": "#5"},
				"up": {"uv": [15.5, 11.5, 15.5, 11.5], "rotation": 90, "texture": "#5"},
				"down": {"uv": [15.5, 11.5, 15.5, 11.5], "rotation": 90, "texture": "#5"}
			}
		},
		{
			"from": [8.67425, 6.06838, 22.0455],
			"to": [9.34391, 6.63341, 24.43844],
			"rotation": {"angle": 22.5, "axis": "z", "origin": [9.00908, 7.75169, 23.24197]},
			"faces": {
				"north": {"uv": [15.5, 11.5, 15.5, 11.5], "rotation": 90, "texture": "#5"},
				"east": {"uv": [15.5, 11.5, 15.5, 11.5], "rotation": 90, "texture": "#5"},
				"south": {"uv": [15.5, 11.5, 15.5, 11.5], "rotation": 90, "texture": "#5"},
				"west": {"uv": [15.5, 11.5, 15.5, 11.5], "rotation": 90, "texture": "#5"},
				"up": {"uv": [15.5, 11.5, 15.5, 11.5], "rotation": 90, "texture": "#5"},
				"down": {"uv": [15.5, 11.5, 15.5, 11.5], "rotation": 90, "texture": "#5"}
			}
		},
		{
			"from": [8.67425, 6.06838, 22.0455],
			"to": [9.34391, 6.63341, 24.43844],
			"rotation": {"angle": 45, "axis": "z", "origin": [9.00908, 7.75169, 23.24197]},
			"faces": {
				"north": {"uv": [15.5, 11.5, 15.5, 11.5], "rotation": 90, "texture": "#5"},
				"east": {"uv": [15.5, 11.5, 15.5, 11.5], "rotation": 90, "texture": "#5"},
				"south": {"uv": [15.5, 11.5, 15.5, 11.5], "rotation": 90, "texture": "#5"},
				"west": {"uv": [15.5, 11.5, 15.5, 11.5], "rotation": 90, "texture": "#5"},
				"up": {"uv": [15.5, 11.5, 15.5, 11.5], "rotation": 90, "texture": "#5"},
				"down": {"uv": [15.5, 11.5, 15.5, 11.5], "rotation": 90, "texture": "#5"}
			}
		},
		{
			"from": [7.32577, 7.41686, 22.0455],
			"to": [7.8908, 8.08652, 24.43844],
			"rotation": {"angle": 0, "axis": "y", "origin": [9.00908, 7.75169, 23.24197]},
			"faces": {
				"north": {"uv": [15.5, 11.5, 15.5, 11.5], "texture": "#5"},
				"east": {"uv": [15.5, 11.5, 15.5, 11.5], "texture": "#5"},
				"south": {"uv": [15.5, 11.5, 15.5, 11.5], "texture": "#5"},
				"west": {"uv": [15.5, 11.5, 15.5, 11.5], "texture": "#5"},
				"up": {"uv": [15.5, 11.5, 15.5, 11.5], "texture": "#5"},
				"down": {"uv": [15.5, 11.5, 15.5, 11.5], "texture": "#5"}
			}
		},
		{
			"from": [7.32577, 7.41686, 22.0455],
			"to": [7.8908, 8.08652, 24.43844],
			"rotation": {"angle": 22.5, "axis": "z", "origin": [9.00908, 7.75169, 23.24197]},
			"faces": {
				"north": {"uv": [15.5, 11.5, 15.5, 11.5], "texture": "#5"},
				"east": {"uv": [15.5, 11.5, 15.5, 11.5], "texture": "#5"},
				"south": {"uv": [15.5, 11.5, 15.5, 11.5], "texture": "#5"},
				"west": {"uv": [15.5, 11.5, 15.5, 11.5], "texture": "#5"},
				"up": {"uv": [15.5, 11.5, 15.5, 11.5], "texture": "#5"},
				"down": {"uv": [15.5, 11.5, 15.5, 11.5], "texture": "#5"}
			}
		},
		{
			"from": [8.67425, 6.06838, 22.0455],
			"to": [9.34391, 6.63341, 24.43844],
			"rotation": {"angle": -45, "axis": "z", "origin": [9.00908, 7.75169, 23.24197]},
			"faces": {
				"north": {"uv": [15.5, 11.5, 15.5, 11.5], "rotation": 90, "texture": "#5"},
				"east": {"uv": [15.5, 11.5, 15.5, 11.5], "rotation": 90, "texture": "#5"},
				"south": {"uv": [15.5, 11.5, 15.5, 11.5], "rotation": 90, "texture": "#5"},
				"west": {"uv": [15.5, 11.5, 15.5, 11.5], "rotation": 90, "texture": "#5"},
				"up": {"uv": [15.5, 11.5, 15.5, 11.5], "rotation": 90, "texture": "#5"},
				"down": {"uv": [15.5, 11.5, 15.5, 11.5], "rotation": 90, "texture": "#5"}
			}
		},
		{
			"from": [8.67425, 6.06838, 22.0455],
			"to": [9.34391, 6.63341, 24.43844],
			"rotation": {"angle": -22.5, "axis": "z", "origin": [9.00908, 7.75169, 23.24197]},
			"faces": {
				"north": {"uv": [15.5, 11.5, 15.5, 11.5], "rotation": 90, "texture": "#5"},
				"east": {"uv": [15.5, 11.5, 15.5, 11.5], "rotation": 90, "texture": "#5"},
				"south": {"uv": [15.5, 11.5, 15.5, 11.5], "rotation": 90, "texture": "#5"},
				"west": {"uv": [15.5, 11.5, 15.5, 11.5], "rotation": 90, "texture": "#5"},
				"up": {"uv": [15.5, 11.5, 15.5, 11.5], "rotation": 90, "texture": "#5"},
				"down": {"uv": [15.5, 11.5, 15.5, 11.5], "rotation": 90, "texture": "#5"}
			}
		},
		{
			"from": [10.12736, 7.41686, 22.0455],
			"to": [10.69238, 8.08652, 24.43844],
			"rotation": {"angle": -22.5, "axis": "z", "origin": [9.00908, 7.75169, 23.24197]},
			"faces": {
				"north": {"uv": [15.5, 11.5, 15.5, 11.5], "rotation": 180, "texture": "#5"},
				"east": {"uv": [15.5, 11.5, 15.5, 11.5], "rotation": 180, "texture": "#5"},
				"south": {"uv": [15.5, 11.5, 15.5, 11.5], "rotation": 180, "texture": "#5"},
				"west": {"uv": [15.5, 11.5, 15.5, 11.5], "rotation": 180, "texture": "#5"},
				"up": {"uv": [15.5, 11.5, 15.5, 11.5], "rotation": 180, "texture": "#5"},
				"down": {"uv": [15.5, 11.5, 15.5, 11.5], "rotation": 180, "texture": "#5"}
			}
		},
		{
			"from": [10.12736, 7.41686, 22.0455],
			"to": [10.69238, 8.08652, 24.43844],
			"rotation": {"angle": 0, "axis": "y", "origin": [9.00908, 7.75169, 23.24197]},
			"faces": {
				"north": {"uv": [15.5, 11.5, 15.5, 11.5], "rotation": 180, "texture": "#5"},
				"east": {"uv": [15.5, 11.5, 15.5, 11.5], "rotation": 180, "texture": "#5"},
				"south": {"uv": [15.5, 11.5, 15.5, 11.5], "rotation": 180, "texture": "#5"},
				"west": {"uv": [15.5, 11.5, 15.5, 11.5], "rotation": 180, "texture": "#5"},
				"up": {"uv": [15.5, 11.5, 15.5, 11.5], "rotation": 180, "texture": "#5"},
				"down": {"uv": [15.5, 11.5, 15.5, 11.5], "rotation": 180, "texture": "#5"}
			}
		},
		{
			"from": [7.32577, 7.41686, 22.0455],
			"to": [7.8908, 8.08652, 24.43844],
			"rotation": {"angle": -22.5, "axis": "z", "origin": [9.00908, 7.75169, 23.24197]},
			"faces": {
				"north": {"uv": [15.5, 11.5, 15.5, 11.5], "texture": "#5"},
				"east": {"uv": [15.5, 11.5, 15.5, 11.5], "texture": "#5"},
				"south": {"uv": [15.5, 11.5, 15.5, 11.5], "texture": "#5"},
				"west": {"uv": [15.5, 11.5, 15.5, 11.5], "texture": "#5"},
				"up": {"uv": [15.5, 11.5, 15.5, 11.5], "texture": "#5"},
				"down": {"uv": [15.5, 11.5, 15.5, 11.5], "texture": "#5"}
			}
		},
		{
			"from": [7.32577, 7.41686, 22.0455],
			"to": [7.8908, 8.08652, 24.43844],
			"rotation": {"angle": -45, "axis": "z", "origin": [9.00908, 7.75169, 23.24197]},
			"faces": {
				"north": {"uv": [15.5, 11.5, 15.5, 11.5], "texture": "#5"},
				"east": {"uv": [15.5, 11.5, 15.5, 11.5], "texture": "#5"},
				"south": {"uv": [15.5, 11.5, 15.5, 11.5], "texture": "#5"},
				"west": {"uv": [15.5, 11.5, 15.5, 11.5], "texture": "#5"},
				"up": {"uv": [15.5, 11.5, 15.5, 11.5], "texture": "#5"},
				"down": {"uv": [15.5, 11.5, 15.5, 11.5], "texture": "#5"}
			}
		},
		{
			"from": [8.67425, 8.86997, 22.0455],
			"to": [9.34391, 9.43499, 24.43844],
			"rotation": {"angle": 22.5, "axis": "z", "origin": [9.00908, 7.75169, 23.24197]},
			"faces": {
				"north": {"uv": [15.5, 11.5, 15.5, 11.5], "rotation": 270, "texture": "#5"},
				"east": {"uv": [15.5, 11.5, 15.5, 11.5], "rotation": 270, "texture": "#5"},
				"south": {"uv": [15.5, 11.5, 15.5, 11.5], "rotation": 270, "texture": "#5"},
				"west": {"uv": [15.5, 11.5, 15.5, 11.5], "rotation": 270, "texture": "#5"},
				"up": {"uv": [15.5, 11.5, 15.5, 11.5], "rotation": 270, "texture": "#5"},
				"down": {"uv": [15.5, 11.5, 15.5, 11.5], "rotation": 270, "texture": "#5"}
			}
		},
		{
			"from": [8.67425, 8.86997, 22.0455],
			"to": [9.34391, 9.43499, 24.43844],
			"rotation": {"angle": 0, "axis": "y", "origin": [9.00908, 7.75169, 23.24197]},
			"faces": {
				"north": {"uv": [15.5, 11.5, 15.5, 11.5], "rotation": 270, "texture": "#5"},
				"east": {"uv": [15.5, 11.5, 15.5, 11.5], "rotation": 270, "texture": "#5"},
				"south": {"uv": [15.5, 11.5, 15.5, 11.5], "rotation": 270, "texture": "#5"},
				"west": {"uv": [15.5, 11.5, 15.5, 11.5], "rotation": 270, "texture": "#5"},
				"up": {"uv": [15.5, 11.5, 15.5, 11.5], "rotation": 270, "texture": "#5"},
				"down": {"uv": [15.5, 11.5, 15.5, 11.5], "rotation": 270, "texture": "#5"}
			}
		},
		{
			"from": [8.67425, 8.86997, 22.0455],
			"to": [9.34391, 9.43499, 24.43844],
			"rotation": {"angle": -22.5, "axis": "z", "origin": [9.00908, 7.75169, 23.24197]},
			"faces": {
				"north": {"uv": [15.5, 11.5, 15.5, 11.5], "rotation": 270, "texture": "#5"},
				"east": {"uv": [15.5, 11.5, 15.5, 11.5], "rotation": 270, "texture": "#5"},
				"south": {"uv": [15.5, 11.5, 15.5, 11.5], "rotation": 270, "texture": "#5"},
				"west": {"uv": [15.5, 11.5, 15.5, 11.5], "rotation": 270, "texture": "#5"},
				"up": {"uv": [15.5, 11.5, 15.5, 11.5], "rotation": 270, "texture": "#5"},
				"down": {"uv": [15.5, 11.5, 15.5, 11.5], "rotation": 270, "texture": "#5"}
			}
		},
		{
			"from": [8.67425, 8.86997, 22.0455],
			"to": [9.34391, 9.43499, 24.43844],
			"rotation": {"angle": -45, "axis": "z", "origin": [9.00908, 7.75169, 23.24197]},
			"faces": {
				"north": {"uv": [15.5, 11.5, 15.5, 11.5], "rotation": 270, "texture": "#5"},
				"east": {"uv": [15.5, 11.5, 15.5, 11.5], "rotation": 270, "texture": "#5"},
				"south": {"uv": [15.5, 11.5, 15.5, 11.5], "rotation": 270, "texture": "#5"},
				"west": {"uv": [15.5, 11.5, 15.5, 11.5], "rotation": 270, "texture": "#5"},
				"up": {"uv": [15.5, 11.5, 15.5, 11.5], "rotation": 270, "texture": "#5"},
				"down": {"uv": [15.5, 11.5, 15.5, 11.5], "rotation": 270, "texture": "#5"}
			}
		},
		{
			"from": [10.12736, 7.41686, 22.0455],
			"to": [10.69238, 8.08652, 24.43844],
			"rotation": {"angle": 22.5, "axis": "z", "origin": [9.00908, 7.75169, 23.24197]},
			"faces": {
				"north": {"uv": [15.5, 11.5, 15.5, 11.5], "rotation": 180, "texture": "#5"},
				"east": {"uv": [15.5, 11.5, 15.5, 11.5], "rotation": 180, "texture": "#5"},
				"south": {"uv": [15.5, 11.5, 15.5, 11.5], "rotation": 180, "texture": "#5"},
				"west": {"uv": [15.5, 11.5, 15.5, 11.5], "rotation": 180, "texture": "#5"},
				"up": {"uv": [15.5, 11.5, 15.5, 11.5], "rotation": 180, "texture": "#5"},
				"down": {"uv": [15.5, 11.5, 15.5, 11.5], "rotation": 180, "texture": "#5"}
			}
		},
		{
			"from": [8.56851, 9.22311, 19.1455],
			"to": [9.44964, 9.96656, 22.03844],
			"rotation": {"angle": 0, "axis": "y", "origin": [9.00908, 7.75169, 20.84197]},
			"faces": {
				"north": {"uv": [0, 0, 4, 4], "rotation": 270, "texture": "#1"},
				"east": {"uv": [0, 0, 4, 4], "rotation": 270, "texture": "#1"},
				"south": {"uv": [0, 0, 4, 4], "rotation": 270, "texture": "#1"},
				"west": {"uv": [0, 0, 4, 4], "rotation": 270, "texture": "#1"},
				"up": {"uv": [0, 0, 4, 4], "rotation": 270, "texture": "#1"},
				"down": {"uv": [0, 0, 4, 4], "rotation": 270, "texture": "#1"}
			}
		},
		{
			"from": [8.56851, 9.22311, 19.1455],
			"to": [9.44964, 9.96656, 22.03844],
			"rotation": {"angle": -22.5, "axis": "z", "origin": [9.00908, 7.75169, 20.84197]},
			"faces": {
				"north": {"uv": [0, 0, 4, 4], "rotation": 270, "texture": "#1"},
				"east": {"uv": [0, 0, 4, 4], "rotation": 270, "texture": "#1"},
				"south": {"uv": [0, 0, 4, 4], "rotation": 270, "texture": "#1"},
				"west": {"uv": [0, 0, 4, 4], "rotation": 270, "texture": "#1"},
				"up": {"uv": [0, 0, 4, 4], "rotation": 270, "texture": "#1"},
				"down": {"uv": [0, 0, 4, 4], "rotation": 270, "texture": "#1"}
			}
		},
		{
			"from": [8.56851, 9.22311, 19.1455],
			"to": [9.44964, 9.96656, 22.03844],
			"rotation": {"angle": -45, "axis": "z", "origin": [9.00908, 7.75169, 20.84197]},
			"faces": {
				"north": {"uv": [0, 0, 4, 4], "rotation": 270, "texture": "#1"},
				"east": {"uv": [0, 0, 4, 4], "rotation": 270, "texture": "#1"},
				"south": {"uv": [0, 0, 4, 4], "rotation": 270, "texture": "#1"},
				"west": {"uv": [0, 0, 4, 4], "rotation": 270, "texture": "#1"},
				"up": {"uv": [0, 0, 4, 4], "rotation": 270, "texture": "#1"},
				"down": {"uv": [0, 0, 4, 4], "rotation": 270, "texture": "#1"}
			}
		},
		{
			"from": [10.4805, 7.31112, 19.1455],
			"to": [11.22395, 8.19225, 22.03844],
			"rotation": {"angle": 22.5, "axis": "z", "origin": [9.00908, 7.75169, 20.84197]},
			"faces": {
				"north": {"uv": [0, 0, 4, 4], "rotation": 180, "texture": "#1"},
				"east": {"uv": [0, 0, 4, 4], "rotation": 180, "texture": "#1"},
				"south": {"uv": [0, 0, 4, 4], "rotation": 180, "texture": "#1"},
				"west": {"uv": [0, 0, 4, 4], "rotation": 180, "texture": "#1"},
				"up": {"uv": [0, 0, 4, 4], "rotation": 180, "texture": "#1"},
				"down": {"uv": [0, 0, 4, 4], "rotation": 180, "texture": "#1"}
			}
		},
		{
			"from": [10.4805, 7.31112, 19.1455],
			"to": [11.22395, 8.19225, 22.03844],
			"rotation": {"angle": 0, "axis": "y", "origin": [9.00908, 7.75169, 20.84197]},
			"faces": {
				"north": {"uv": [0, 0, 4, 4], "rotation": 180, "texture": "#1"},
				"east": {"uv": [0, 0, 4, 4], "rotation": 180, "texture": "#1"},
				"south": {"uv": [0, 0, 4, 4], "rotation": 180, "texture": "#1"},
				"west": {"uv": [0, 0, 4, 4], "rotation": 180, "texture": "#1"},
				"up": {"uv": [0, 0, 4, 4], "rotation": 180, "texture": "#1"},
				"down": {"uv": [0, 0, 4, 4], "rotation": 180, "texture": "#1"}
			}
		},
		{
			"from": [10.4805, 7.31112, 19.1455],
			"to": [11.22395, 8.19225, 22.03844],
			"rotation": {"angle": -22.5, "axis": "z", "origin": [9.00908, 7.75169, 20.84197]},
			"faces": {
				"north": {"uv": [0, 0, 4, 4], "rotation": 180, "texture": "#1"},
				"east": {"uv": [0, 0, 4, 4], "rotation": 180, "texture": "#1"},
				"south": {"uv": [0, 0, 4, 4], "rotation": 180, "texture": "#1"},
				"west": {"uv": [0, 0, 4, 4], "rotation": 180, "texture": "#1"},
				"up": {"uv": [0, 0, 4, 4], "rotation": 180, "texture": "#1"},
				"down": {"uv": [0, 0, 4, 4], "rotation": 180, "texture": "#1"}
			}
		},
		{
			"from": [8.56851, 9.22311, 19.1455],
			"to": [9.44964, 9.96656, 22.03844],
			"rotation": {"angle": 22.5, "axis": "z", "origin": [9.00908, 7.75169, 20.84197]},
			"faces": {
				"north": {"uv": [0, 0, 4, 4], "rotation": 270, "texture": "#1"},
				"east": {"uv": [0, 0, 4, 4], "rotation": 270, "texture": "#1"},
				"south": {"uv": [0, 0, 4, 4], "rotation": 270, "texture": "#1"},
				"west": {"uv": [0, 0, 4, 4], "rotation": 270, "texture": "#1"},
				"up": {"uv": [0, 0, 4, 4], "rotation": 270, "texture": "#1"},
				"down": {"uv": [0, 0, 4, 4], "rotation": 270, "texture": "#1"}
			}
		},
		{
			"from": [6.7942, 7.31112, 19.1455],
			"to": [7.53766, 8.19225, 22.03844],
			"rotation": {"angle": -45, "axis": "z", "origin": [9.00908, 7.75169, 20.84197]},
			"faces": {
				"north": {"uv": [0, 0, 4, 4], "texture": "#1"},
				"east": {"uv": [0, 0, 4, 4], "texture": "#1"},
				"south": {"uv": [0, 0, 4, 4], "texture": "#1"},
				"west": {"uv": [0, 0, 4, 4], "texture": "#1"},
				"up": {"uv": [0, 0, 4, 4], "texture": "#1"},
				"down": {"uv": [0, 0, 4, 4], "texture": "#1"}
			}
		},
		{
			"from": [6.7942, 7.31112, 19.1455],
			"to": [7.53766, 8.19225, 22.03844],
			"rotation": {"angle": -22.5, "axis": "z", "origin": [9.00908, 7.75169, 20.84197]},
			"faces": {
				"north": {"uv": [0, 0, 4, 4], "texture": "#1"},
				"east": {"uv": [0, 0, 4, 4], "texture": "#1"},
				"south": {"uv": [0, 0, 4, 4], "texture": "#1"},
				"west": {"uv": [0, 0, 4, 4], "texture": "#1"},
				"up": {"uv": [0, 0, 4, 4], "texture": "#1"},
				"down": {"uv": [0, 0, 4, 4], "texture": "#1"}
			}
		},
		{
			"from": [6.7942, 7.31112, 19.1455],
			"to": [7.53766, 8.19225, 22.03844],
			"rotation": {"angle": 0, "axis": "y", "origin": [9.00908, 7.75169, 20.84197]},
			"faces": {
				"north": {"uv": [0, 0, 4, 4], "texture": "#1"},
				"east": {"uv": [0, 0, 4, 4], "texture": "#1"},
				"south": {"uv": [0, 0, 4, 4], "texture": "#1"},
				"west": {"uv": [0, 0, 4, 4], "texture": "#1"},
				"up": {"uv": [0, 0, 4, 4], "texture": "#1"},
				"down": {"uv": [0, 0, 4, 4], "texture": "#1"}
			}
		},
		{
			"from": [6.7942, 7.31112, 19.1455],
			"to": [7.53766, 8.19225, 22.03844],
			"rotation": {"angle": 22.5, "axis": "z", "origin": [9.00908, 7.75169, 20.84197]},
			"faces": {
				"north": {"uv": [0, 0, 4, 4], "texture": "#1"},
				"east": {"uv": [0, 0, 4, 4], "texture": "#1"},
				"south": {"uv": [0, 0, 4, 4], "texture": "#1"},
				"west": {"uv": [0, 0, 4, 4], "texture": "#1"},
				"up": {"uv": [0, 0, 4, 4], "texture": "#1"},
				"down": {"uv": [0, 0, 4, 4], "texture": "#1"}
			}
		},
		{
			"from": [8.56851, 5.53681, 19.1455],
			"to": [9.44964, 6.28027, 22.03844],
			"rotation": {"angle": -45, "axis": "z", "origin": [9.00908, 7.75169, 20.84197]},
			"faces": {
				"north": {"uv": [0, 0, 4, 4], "rotation": 90, "texture": "#1"},
				"east": {"uv": [0, 0, 4, 4], "rotation": 90, "texture": "#1"},
				"south": {"uv": [0, 0, 4, 4], "rotation": 90, "texture": "#1"},
				"west": {"uv": [0, 0, 4, 4], "rotation": 90, "texture": "#1"},
				"up": {"uv": [0, 0, 4, 4], "rotation": 90, "texture": "#1"},
				"down": {"uv": [0, 0, 4, 4], "rotation": 90, "texture": "#1"}
			}
		},
		{
			"from": [8.56851, 5.53681, 19.1455],
			"to": [9.44964, 6.28027, 22.03844],
			"rotation": {"angle": 45, "axis": "z", "origin": [9.00908, 7.75169, 20.84197]},
			"faces": {
				"north": {"uv": [0, 0, 4, 4], "rotation": 90, "texture": "#1"},
				"east": {"uv": [0, 0, 4, 4], "rotation": 90, "texture": "#1"},
				"south": {"uv": [0, 0, 4, 4], "rotation": 90, "texture": "#1"},
				"west": {"uv": [0, 0, 4, 4], "rotation": 90, "texture": "#1"},
				"up": {"uv": [0, 0, 4, 4], "rotation": 90, "texture": "#1"},
				"down": {"uv": [0, 0, 4, 4], "rotation": 90, "texture": "#1"}
			}
		},
		{
			"from": [8.56851, 5.53681, 19.1455],
			"to": [9.44964, 6.28027, 22.03844],
			"rotation": {"angle": 22.5, "axis": "z", "origin": [9.00908, 7.75169, 20.84197]},
			"faces": {
				"north": {"uv": [0, 0, 4, 4], "rotation": 90, "texture": "#1"},
				"east": {"uv": [0, 0, 4, 4], "rotation": 90, "texture": "#1"},
				"south": {"uv": [0, 0, 4, 4], "rotation": 90, "texture": "#1"},
				"west": {"uv": [0, 0, 4, 4], "rotation": 90, "texture": "#1"},
				"up": {"uv": [0, 0, 4, 4], "rotation": 90, "texture": "#1"},
				"down": {"uv": [0, 0, 4, 4], "rotation": 90, "texture": "#1"}
			}
		},
		{
			"from": [8.56851, 5.53681, 19.1455],
			"to": [9.44964, 6.28027, 22.03844],
			"rotation": {"angle": 0, "axis": "y", "origin": [9.00908, 7.75169, 20.84197]},
			"faces": {
				"north": {"uv": [0, 0, 4, 4], "rotation": 90, "texture": "#1"},
				"east": {"uv": [0, 0, 4, 4], "rotation": 90, "texture": "#1"},
				"south": {"uv": [0, 0, 4, 4], "rotation": 90, "texture": "#1"},
				"west": {"uv": [0, 0, 4, 4], "rotation": 90, "texture": "#1"},
				"up": {"uv": [0, 0, 4, 4], "rotation": 90, "texture": "#1"},
				"down": {"uv": [0, 0, 4, 4], "rotation": 90, "texture": "#1"}
			}
		},
		{
			"from": [8.56851, 5.53681, 19.1455],
			"to": [9.44964, 6.28027, 22.03844],
			"rotation": {"angle": -22.5, "axis": "z", "origin": [9.00908, 7.75169, 20.84197]},
			"faces": {
				"north": {"uv": [0, 0, 4, 4], "rotation": 90, "texture": "#1"},
				"east": {"uv": [0, 0, 4, 4], "rotation": 90, "texture": "#1"},
				"south": {"uv": [0, 0, 4, 4], "rotation": 90, "texture": "#1"},
				"west": {"uv": [0, 0, 4, 4], "rotation": 90, "texture": "#1"},
				"up": {"uv": [0, 0, 4, 4], "rotation": 90, "texture": "#1"},
				"down": {"uv": [0, 0, 4, 4], "rotation": 90, "texture": "#1"}
			}
		},
		{
			"from": [4.98497, 6.93998, -4.95509],
			"to": [9.83497, 8.53998, -4.45509],
			"rotation": {"angle": 0, "axis": "y", "origin": [9.00685, 7.73999, 7.04491]},
			"faces": {
				"north": {"uv": [9.5, 7.5, 9.5, 7.5], "texture": "#3"},
				"east": {"uv": [9.5, 7.5, 9.5, 7.5], "texture": "#3"},
				"south": {"uv": [9.5, 7.5, 9.5, 7.5], "texture": "#3"},
				"west": {"uv": [9.5, 7.5, 9.5, 7.5], "texture": "#3"},
				"up": {"uv": [9.5, 7.5, 9.5, 7.5], "texture": "#3"},
				"down": {"uv": [9.5, 7.5, 9.5, 7.5], "texture": "#3"}
			}
		},
		{
			"from": [8.20674, 7.16192, -4.95509],
			"to": [9.80674, 11.76192, -4.45509],
			"rotation": {"angle": 22.5, "axis": "z", "origin": [9.00685, 7.73999, 7.04491]},
			"faces": {
				"north": {"uv": [9.5, 7.5, 9.5, 7.5], "rotation": 270, "texture": "#3"},
				"east": {"uv": [9.5, 7.5, 9.5, 7.5], "rotation": 270, "texture": "#3"},
				"south": {"uv": [9.5, 7.5, 9.5, 7.5], "rotation": 270, "texture": "#3"},
				"west": {"uv": [9.5, 7.5, 9.5, 7.5], "rotation": 270, "texture": "#3"},
				"up": {"uv": [9.5, 7.5, 9.5, 7.5], "rotation": 270, "texture": "#3"},
				"down": {"uv": [9.5, 7.5, 9.5, 7.5], "rotation": 270, "texture": "#3"}
			}
		},
		{
			"from": [4.98507, 6.9399, -4.95509],
			"to": [9.58507, 8.5399, -4.45509],
			"rotation": {"angle": -45, "axis": "z", "origin": [9.00685, 7.73999, 7.04491]},
			"faces": {
				"north": {"uv": [9.5, 7.5, 9.5, 7.5], "texture": "#3"},
				"east": {"uv": [9.5, 7.5, 9.5, 7.5], "texture": "#3"},
				"south": {"uv": [9.5, 7.5, 9.5, 7.5], "texture": "#3"},
				"west": {"uv": [9.5, 7.5, 9.5, 7.5], "texture": "#3"},
				"up": {"uv": [9.5, 7.5, 9.5, 7.5], "texture": "#3"},
				"down": {"uv": [9.5, 7.5, 9.5, 7.5], "texture": "#3"}
			}
		},
		{
			"from": [4.98514, 6.94006, -4.95509],
			"to": [9.58514, 8.54006, -4.45509],
			"rotation": {"angle": -22.5, "axis": "z", "origin": [9.00685, 7.73999, 7.04491]},
			"faces": {
				"north": {"uv": [9.5, 7.5, 9.5, 7.5], "texture": "#3"},
				"east": {"uv": [9.5, 7.5, 9.5, 7.5], "texture": "#3"},
				"south": {"uv": [9.5, 7.5, 9.5, 7.5], "texture": "#3"},
				"west": {"uv": [9.5, 7.5, 9.5, 7.5], "texture": "#3"},
				"up": {"uv": [9.5, 7.5, 9.5, 7.5], "texture": "#3"},
				"down": {"uv": [9.5, 7.5, 9.5, 7.5], "texture": "#3"}
			}
		},
		{
			"from": [8.20673, 3.71822, -4.95509],
			"to": [9.80673, 8.56822, -4.45509],
			"rotation": {"angle": 0, "axis": "y", "origin": [9.00685, 7.73999, 7.04491]},
			"faces": {
				"north": {"uv": [9.5, 7.5, 9.5, 7.5], "rotation": 90, "texture": "#3"},
				"east": {"uv": [9.5, 7.5, 9.5, 7.5], "rotation": 90, "texture": "#3"},
				"south": {"uv": [9.5, 7.5, 9.5, 7.5], "rotation": 90, "texture": "#3"},
				"west": {"uv": [9.5, 7.5, 9.5, 7.5], "rotation": 90, "texture": "#3"},
				"up": {"uv": [9.5, 7.5, 9.5, 7.5], "rotation": 90, "texture": "#3"},
				"down": {"uv": [9.5, 7.5, 9.5, 7.5], "rotation": 90, "texture": "#3"}
			}
		},
		{
			"from": [8.20683, 3.71814, -4.95509],
			"to": [9.80683, 8.56814, -4.45509],
			"rotation": {"angle": -22.5, "axis": "z", "origin": [9.00685, 7.73999, 7.04491]},
			"faces": {
				"north": {"uv": [9.5, 7.5, 9.5, 7.5], "rotation": 90, "texture": "#3"},
				"east": {"uv": [9.5, 7.5, 9.5, 7.5], "rotation": 90, "texture": "#3"},
				"south": {"uv": [9.5, 7.5, 9.5, 7.5], "rotation": 90, "texture": "#3"},
				"west": {"uv": [9.5, 7.5, 9.5, 7.5], "rotation": 90, "texture": "#3"},
				"up": {"uv": [9.5, 7.5, 9.5, 7.5], "rotation": 90, "texture": "#3"},
				"down": {"uv": [9.5, 7.5, 9.5, 7.5], "rotation": 90, "texture": "#3"}
			}
		},
		{
			"from": [4.98491, 6.94017, -4.95509],
			"to": [9.83491, 8.54017, -4.45509],
			"rotation": {"angle": 45, "axis": "z", "origin": [9.00685, 7.73999, 7.04491]},
			"faces": {
				"north": {"uv": [9.5, 7.5, 9.5, 7.5], "texture": "#3"},
				"east": {"uv": [9.5, 7.5, 9.5, 7.5], "texture": "#3"},
				"south": {"uv": [9.5, 7.5, 9.5, 7.5], "texture": "#3"},
				"west": {"uv": [9.5, 7.5, 9.5, 7.5], "texture": "#3"},
				"up": {"uv": [9.5, 7.5, 9.5, 7.5], "texture": "#3"},
				"down": {"uv": [9.5, 7.5, 9.5, 7.5], "texture": "#3"}
			}
		},
		{
			"from": [4.98509, 6.93993, -4.95509],
			"to": [9.83509, 8.53993, -4.45509],
			"rotation": {"angle": 22.5, "axis": "z", "origin": [9.00685, 7.73999, 7.04491]},
			"faces": {
				"north": {"uv": [9.5, 7.5, 9.5, 7.5], "texture": "#3"},
				"east": {"uv": [9.5, 7.5, 9.5, 7.5], "texture": "#3"},
				"south": {"uv": [9.5, 7.5, 9.5, 7.5], "texture": "#3"},
				"west": {"uv": [9.5, 7.5, 9.5, 7.5], "texture": "#3"},
				"up": {"uv": [9.5, 7.5, 9.5, 7.5], "texture": "#3"},
				"down": {"uv": [9.5, 7.5, 9.5, 7.5], "texture": "#3"}
			}
		},
		{
			"from": [8.20685, 3.71817, -4.95509],
			"to": [9.80685, 8.56817, -4.45509],
			"rotation": {"angle": 22.5, "axis": "z", "origin": [9.00685, 7.73999, 7.04491]},
			"faces": {
				"north": {"uv": [9.5, 7.5, 9.5, 7.5], "rotation": 90, "texture": "#3"},
				"east": {"uv": [9.5, 7.5, 9.5, 7.5], "rotation": 90, "texture": "#3"},
				"south": {"uv": [9.5, 7.5, 9.5, 7.5], "rotation": 90, "texture": "#3"},
				"west": {"uv": [9.5, 7.5, 9.5, 7.5], "rotation": 90, "texture": "#3"},
				"up": {"uv": [9.5, 7.5, 9.5, 7.5], "rotation": 90, "texture": "#3"},
				"down": {"uv": [9.5, 7.5, 9.5, 7.5], "rotation": 90, "texture": "#3"}
			}
		},
		{
			"from": [8.20699, 3.71809, -4.95509],
			"to": [9.80699, 8.56809, -4.45509],
			"rotation": {"angle": 45, "axis": "z", "origin": [9.00685, 7.73999, 7.04491]},
			"faces": {
				"north": {"uv": [9.5, 7.5, 9.5, 7.5], "rotation": 90, "texture": "#3"},
				"east": {"uv": [9.5, 7.5, 9.5, 7.5], "rotation": 90, "texture": "#3"},
				"south": {"uv": [9.5, 7.5, 9.5, 7.5], "rotation": 90, "texture": "#3"},
				"west": {"uv": [9.5, 7.5, 9.5, 7.5], "rotation": 90, "texture": "#3"},
				"up": {"uv": [9.5, 7.5, 9.5, 7.5], "rotation": 90, "texture": "#3"},
				"down": {"uv": [9.5, 7.5, 9.5, 7.5], "rotation": 90, "texture": "#3"}
			}
		},
		{
			"from": [8.42881, 6.93998, -4.95509],
			"to": [13.02881, 8.53998, -4.45509],
			"rotation": {"angle": 0, "axis": "y", "origin": [9.00685, 7.73999, 7.04491]},
			"faces": {
				"north": {"uv": [9.5, 7.5, 9.5, 7.5], "rotation": 180, "texture": "#3"},
				"east": {"uv": [9.5, 7.5, 9.5, 7.5], "rotation": 180, "texture": "#3"},
				"south": {"uv": [9.5, 7.5, 9.5, 7.5], "rotation": 180, "texture": "#3"},
				"west": {"uv": [9.5, 7.5, 9.5, 7.5], "rotation": 180, "texture": "#3"},
				"up": {"uv": [9.5, 7.5, 9.5, 7.5], "rotation": 180, "texture": "#3"},
				"down": {"uv": [9.5, 7.5, 9.5, 7.5], "rotation": 180, "texture": "#3"}
			}
		},
		{
			"from": [8.42891, 6.9399, -4.95509],
			"to": [13.02891, 8.5399, -4.45509],
			"rotation": {"angle": -22.5, "axis": "z", "origin": [9.00685, 7.73999, 7.04491]},
			"faces": {
				"north": {"uv": [9.5, 7.5, 9.5, 7.5], "rotation": 180, "texture": "#3"},
				"east": {"uv": [9.5, 7.5, 9.5, 7.5], "rotation": 180, "texture": "#3"},
				"south": {"uv": [9.5, 7.5, 9.5, 7.5], "rotation": 180, "texture": "#3"},
				"west": {"uv": [9.5, 7.5, 9.5, 7.5], "rotation": 180, "texture": "#3"},
				"up": {"uv": [9.5, 7.5, 9.5, 7.5], "rotation": 180, "texture": "#3"},
				"down": {"uv": [9.5, 7.5, 9.5, 7.5], "rotation": 180, "texture": "#3"}
			}
		},
		{
			"from": [8.42882, 6.94016, -4.95509],
			"to": [13.02882, 8.54016, -4.45509],
			"rotation": {"angle": 22.5, "axis": "z", "origin": [9.00685, 7.73999, 7.04491]},
			"faces": {
				"north": {"uv": [9.5, 7.5, 9.5, 7.5], "rotation": 180, "texture": "#3"},
				"east": {"uv": [9.5, 7.5, 9.5, 7.5], "rotation": 180, "texture": "#3"},
				"south": {"uv": [9.5, 7.5, 9.5, 7.5], "rotation": 180, "texture": "#3"},
				"west": {"uv": [9.5, 7.5, 9.5, 7.5], "rotation": 180, "texture": "#3"},
				"up": {"uv": [9.5, 7.5, 9.5, 7.5], "rotation": 180, "texture": "#3"},
				"down": {"uv": [9.5, 7.5, 9.5, 7.5], "rotation": 180, "texture": "#3"}
			}
		},
		{
			"from": [8.42867, 6.93991, -4.95509],
			"to": [13.02867, 8.53991, -4.45509],
			"rotation": {"angle": 45, "axis": "z", "origin": [9.00685, 7.73999, 7.04491]},
			"faces": {
				"north": {"uv": [9.5, 7.5, 9.5, 7.5], "rotation": 180, "texture": "#3"},
				"east": {"uv": [9.5, 7.5, 9.5, 7.5], "rotation": 180, "texture": "#3"},
				"south": {"uv": [9.5, 7.5, 9.5, 7.5], "rotation": 180, "texture": "#3"},
				"west": {"uv": [9.5, 7.5, 9.5, 7.5], "rotation": 180, "texture": "#3"},
				"up": {"uv": [9.5, 7.5, 9.5, 7.5], "rotation": 180, "texture": "#3"},
				"down": {"uv": [9.5, 7.5, 9.5, 7.5], "rotation": 180, "texture": "#3"}
			}
		},
		{
			"from": [8.20675, 10.1617, -4.95509],
			"to": [9.80675, 11.7617, -4.45509],
			"rotation": {"angle": -22.5, "axis": "z", "origin": [9.00685, 7.73999, 7.04491]},
			"faces": {
				"north": {"uv": [9.5, 7.5, 9.5, 7.5], "rotation": 270, "texture": "#3"},
				"east": {"uv": [9.5, 7.5, 9.5, 7.5], "rotation": 270, "texture": "#3"},
				"south": {"uv": [9.5, 7.5, 9.5, 7.5], "rotation": 270, "texture": "#3"},
				"west": {"uv": [9.5, 7.5, 9.5, 7.5], "rotation": 270, "texture": "#3"},
				"up": {"uv": [9.5, 7.5, 9.5, 7.5], "rotation": 270, "texture": "#3"},
				"down": {"uv": [9.5, 7.5, 9.5, 7.5], "rotation": 270, "texture": "#3"}
			}
		},
		{
			"from": [8.20673, 7.16174, -4.95509],
			"to": [9.80673, 11.76174, -4.45509],
			"rotation": {"angle": 0, "axis": "y", "origin": [9.00685, 7.73999, 7.04491]},
			"faces": {
				"north": {"uv": [9.5, 7.5, 9.5, 7.5], "rotation": 270, "texture": "#3"},
				"east": {"uv": [9.5, 7.5, 9.5, 7.5], "rotation": 270, "texture": "#3"},
				"south": {"uv": [9.5, 7.5, 9.5, 7.5], "rotation": 270, "texture": "#3"},
				"west": {"uv": [9.5, 7.5, 9.5, 7.5], "rotation": 270, "texture": "#3"},
				"up": {"uv": [9.5, 7.5, 9.5, 7.5], "rotation": 270, "texture": "#3"},
				"down": {"uv": [9.5, 7.5, 9.5, 7.5], "rotation": 270, "texture": "#3"}
			}
		},
		{
			"from": [5.38247, 7.03006, -4.45509],
			"to": [9.75911, 8.4739, -3.95509],
			"rotation": {"angle": 0, "axis": "y", "origin": [9.01182, 7.75198, 7.04491]},
			"faces": {
				"north": {"uv": [10.5, 8.5, 10.5, 8.5], "texture": "#3"},
				"east": {"uv": [10.5, 8.5, 10.5, 8.5], "texture": "#3"},
				"south": {"uv": [10.5, 8.5, 10.5, 8.5], "texture": "#3"},
				"west": {"uv": [10.5, 8.5, 10.5, 8.5], "texture": "#3"},
				"up": {"uv": [10.5, 8.5, 10.5, 8.5], "texture": "#3"},
				"down": {"uv": [10.5, 8.5, 10.5, 8.5], "texture": "#3"}
			}
		},
		{
			"from": [8.2898, 7.23033, -4.45509],
			"to": [9.73364, 11.38137, -3.95509],
			"rotation": {"angle": 22.5, "axis": "z", "origin": [9.01182, 7.75198, 7.04491]},
			"faces": {
				"north": {"uv": [10.5, 8.5, 10.5, 8.5], "rotation": 270, "texture": "#3"},
				"east": {"uv": [10.5, 8.5, 10.5, 8.5], "rotation": 270, "texture": "#3"},
				"south": {"uv": [10.5, 8.5, 10.5, 8.5], "rotation": 270, "texture": "#3"},
				"west": {"uv": [10.5, 8.5, 10.5, 8.5], "rotation": 270, "texture": "#3"},
				"up": {"uv": [10.5, 8.5, 10.5, 8.5], "rotation": 270, "texture": "#3"},
				"down": {"uv": [10.5, 8.5, 10.5, 8.5], "rotation": 270, "texture": "#3"}
			}
		},
		{
			"from": [5.38263, 7.03013, -4.45509],
			"to": [9.53367, 8.47397, -3.95509],
			"rotation": {"angle": -22.5, "axis": "z", "origin": [9.01182, 7.75198, 7.04491]},
			"faces": {
				"north": {"uv": [10.5, 8.5, 10.5, 8.5], "texture": "#3"},
				"east": {"uv": [10.5, 8.5, 10.5, 8.5], "texture": "#3"},
				"south": {"uv": [10.5, 8.5, 10.5, 8.5], "texture": "#3"},
				"west": {"uv": [10.5, 8.5, 10.5, 8.5], "texture": "#3"},
				"up": {"uv": [10.5, 8.5, 10.5, 8.5], "texture": "#3"},
				"down": {"uv": [10.5, 8.5, 10.5, 8.5], "texture": "#3"}
			}
		},
		{
			"from": [8.28979, 4.12274, -4.45509],
			"to": [9.73363, 8.49938, -3.95509],
			"rotation": {"angle": 0, "axis": "y", "origin": [9.01182, 7.75198, 7.04491]},
			"faces": {
				"north": {"uv": [10.5, 8.5, 10.5, 8.5], "rotation": 90, "texture": "#3"},
				"east": {"uv": [10.5, 8.5, 10.5, 8.5], "rotation": 90, "texture": "#3"},
				"south": {"uv": [10.5, 8.5, 10.5, 8.5], "rotation": 90, "texture": "#3"},
				"west": {"uv": [10.5, 8.5, 10.5, 8.5], "rotation": 90, "texture": "#3"},
				"up": {"uv": [10.5, 8.5, 10.5, 8.5], "rotation": 90, "texture": "#3"},
				"down": {"uv": [10.5, 8.5, 10.5, 8.5], "rotation": 90, "texture": "#3"}
			}
		},
		{
			"from": [8.28988, 4.12267, -4.45509],
			"to": [9.73372, 8.49931, -3.95509],
			"rotation": {"angle": -22.5, "axis": "z", "origin": [9.01182, 7.75198, 7.04491]},
			"faces": {
				"north": {"uv": [10.5, 8.5, 10.5, 8.5], "rotation": 90, "texture": "#3"},
				"east": {"uv": [10.5, 8.5, 10.5, 8.5], "rotation": 90, "texture": "#3"},
				"south": {"uv": [10.5, 8.5, 10.5, 8.5], "rotation": 90, "texture": "#3"},
				"west": {"uv": [10.5, 8.5, 10.5, 8.5], "rotation": 90, "texture": "#3"},
				"up": {"uv": [10.5, 8.5, 10.5, 8.5], "rotation": 90, "texture": "#3"},
				"down": {"uv": [10.5, 8.5, 10.5, 8.5], "rotation": 90, "texture": "#3"}
			}
		},
		{
			"from": [5.38242, 7.03023, -4.45509],
			"to": [9.75906, 8.47407, -3.95509],
			"rotation": {"angle": 45, "axis": "z", "origin": [9.01182, 7.75198, 7.04491]},
			"faces": {
				"north": {"uv": [10.5, 8.5, 10.5, 8.5], "texture": "#3"},
				"east": {"uv": [10.5, 8.5, 10.5, 8.5], "texture": "#3"},
				"south": {"uv": [10.5, 8.5, 10.5, 8.5], "texture": "#3"},
				"west": {"uv": [10.5, 8.5, 10.5, 8.5], "texture": "#3"},
				"up": {"uv": [10.5, 8.5, 10.5, 8.5], "texture": "#3"},
				"down": {"uv": [10.5, 8.5, 10.5, 8.5], "texture": "#3"}
			}
		},
		{
			"from": [5.38258, 7.03001, -4.45509],
			"to": [9.75922, 8.47385, -3.95509],
			"rotation": {"angle": 22.5, "axis": "z", "origin": [9.01182, 7.75198, 7.04491]},
			"faces": {
				"north": {"uv": [10.5, 8.5, 10.5, 8.5], "texture": "#3"},
				"east": {"uv": [10.5, 8.5, 10.5, 8.5], "texture": "#3"},
				"south": {"uv": [10.5, 8.5, 10.5, 8.5], "texture": "#3"},
				"west": {"uv": [10.5, 8.5, 10.5, 8.5], "texture": "#3"},
				"up": {"uv": [10.5, 8.5, 10.5, 8.5], "texture": "#3"},
				"down": {"uv": [10.5, 8.5, 10.5, 8.5], "texture": "#3"}
			}
		},
		{
			"from": [8.2899, 4.12269, -4.45509],
			"to": [9.73374, 8.49933, -3.95509],
			"rotation": {"angle": 22.5, "axis": "z", "origin": [9.01182, 7.75198, 7.04491]},
			"faces": {
				"north": {"uv": [10.5, 8.5, 10.5, 8.5], "rotation": 90, "texture": "#3"},
				"east": {"uv": [10.5, 8.5, 10.5, 8.5], "rotation": 90, "texture": "#3"},
				"south": {"uv": [10.5, 8.5, 10.5, 8.5], "rotation": 90, "texture": "#3"},
				"west": {"uv": [10.5, 8.5, 10.5, 8.5], "rotation": 90, "texture": "#3"},
				"up": {"uv": [10.5, 8.5, 10.5, 8.5], "rotation": 90, "texture": "#3"},
				"down": {"uv": [10.5, 8.5, 10.5, 8.5], "rotation": 90, "texture": "#3"}
			}
		},
		{
			"from": [8.29002, 4.12262, -4.45509],
			"to": [9.73386, 8.49926, -3.95509],
			"rotation": {"angle": 45, "axis": "z", "origin": [9.01182, 7.75198, 7.04491]},
			"faces": {
				"north": {"uv": [10.5, 8.5, 10.5, 8.5], "rotation": 90, "texture": "#3"},
				"east": {"uv": [10.5, 8.5, 10.5, 8.5], "rotation": 90, "texture": "#3"},
				"south": {"uv": [10.5, 8.5, 10.5, 8.5], "rotation": 90, "texture": "#3"},
				"west": {"uv": [10.5, 8.5, 10.5, 8.5], "rotation": 90, "texture": "#3"},
				"up": {"uv": [10.5, 8.5, 10.5, 8.5], "rotation": 90, "texture": "#3"},
				"down": {"uv": [10.5, 8.5, 10.5, 8.5], "rotation": 90, "texture": "#3"}
			}
		},
		{
			"from": [8.49019, 7.03006, -4.45509],
			"to": [12.64123, 8.4739, -3.95509],
			"rotation": {"angle": 0, "axis": "y", "origin": [9.01182, 7.75198, 7.04491]},
			"faces": {
				"north": {"uv": [10.5, 8.5, 10.5, 8.5], "rotation": 180, "texture": "#3"},
				"east": {"uv": [10.5, 8.5, 10.5, 8.5], "rotation": 180, "texture": "#3"},
				"south": {"uv": [10.5, 8.5, 10.5, 8.5], "rotation": 180, "texture": "#3"},
				"west": {"uv": [10.5, 8.5, 10.5, 8.5], "rotation": 180, "texture": "#3"},
				"up": {"uv": [10.5, 8.5, 10.5, 8.5], "rotation": 180, "texture": "#3"},
				"down": {"uv": [10.5, 8.5, 10.5, 8.5], "rotation": 180, "texture": "#3"}
			}
		},
		{
			"from": [8.49029, 7.02998, -4.45509],
			"to": [12.64133, 8.47382, -3.95509],
			"rotation": {"angle": -22.5, "axis": "z", "origin": [9.01182, 7.75198, 7.04491]},
			"faces": {
				"north": {"uv": [10.5, 8.5, 10.5, 8.5], "rotation": 180, "texture": "#3"},
				"east": {"uv": [10.5, 8.5, 10.5, 8.5], "rotation": 180, "texture": "#3"},
				"south": {"uv": [10.5, 8.5, 10.5, 8.5], "rotation": 180, "texture": "#3"},
				"west": {"uv": [10.5, 8.5, 10.5, 8.5], "rotation": 180, "texture": "#3"},
				"up": {"uv": [10.5, 8.5, 10.5, 8.5], "rotation": 180, "texture": "#3"},
				"down": {"uv": [10.5, 8.5, 10.5, 8.5], "rotation": 180, "texture": "#3"}
			}
		},
		{
			"from": [8.4902, 7.03022, -4.45509],
			"to": [12.64124, 8.47406, -3.95509],
			"rotation": {"angle": 22.5, "axis": "z", "origin": [9.01182, 7.75198, 7.04491]},
			"faces": {
				"north": {"uv": [10.5, 8.5, 10.5, 8.5], "rotation": 180, "texture": "#3"},
				"east": {"uv": [10.5, 8.5, 10.5, 8.5], "rotation": 180, "texture": "#3"},
				"south": {"uv": [10.5, 8.5, 10.5, 8.5], "rotation": 180, "texture": "#3"},
				"west": {"uv": [10.5, 8.5, 10.5, 8.5], "rotation": 180, "texture": "#3"},
				"up": {"uv": [10.5, 8.5, 10.5, 8.5], "rotation": 180, "texture": "#3"},
				"down": {"uv": [10.5, 8.5, 10.5, 8.5], "rotation": 180, "texture": "#3"}
			}
		},
		{
			"from": [8.49007, 7.02999, -4.45509],
			"to": [12.64111, 8.47383, -3.95509],
			"rotation": {"angle": 45, "axis": "z", "origin": [9.01182, 7.75198, 7.04491]},
			"faces": {
				"north": {"uv": [10.5, 8.5, 10.5, 8.5], "rotation": 180, "texture": "#3"},
				"east": {"uv": [10.5, 8.5, 10.5, 8.5], "rotation": 180, "texture": "#3"},
				"south": {"uv": [10.5, 8.5, 10.5, 8.5], "rotation": 180, "texture": "#3"},
				"west": {"uv": [10.5, 8.5, 10.5, 8.5], "rotation": 180, "texture": "#3"},
				"up": {"uv": [10.5, 8.5, 10.5, 8.5], "rotation": 180, "texture": "#3"},
				"down": {"uv": [10.5, 8.5, 10.5, 8.5], "rotation": 180, "texture": "#3"}
			}
		},
		{
			"from": [8.28981, 9.93734, -4.45509],
			"to": [9.73365, 11.38118, -3.95509],
			"rotation": {"angle": -22.5, "axis": "z", "origin": [9.01182, 7.75198, 7.04491]},
			"faces": {
				"north": {"uv": [10.5, 8.5, 10.5, 8.5], "rotation": 270, "texture": "#3"},
				"east": {"uv": [10.5, 8.5, 10.5, 8.5], "rotation": 270, "texture": "#3"},
				"south": {"uv": [10.5, 8.5, 10.5, 8.5], "rotation": 270, "texture": "#3"},
				"west": {"uv": [10.5, 8.5, 10.5, 8.5], "rotation": 270, "texture": "#3"},
				"up": {"uv": [10.5, 8.5, 10.5, 8.5], "rotation": 270, "texture": "#3"},
				"down": {"uv": [10.5, 8.5, 10.5, 8.5], "rotation": 270, "texture": "#3"}
			}
		},
		{
			"from": [8.28979, 7.23017, -4.45509],
			"to": [9.73363, 11.38121, -3.95509],
			"rotation": {"angle": 0, "axis": "y", "origin": [9.01182, 7.75198, 7.04491]},
			"faces": {
				"north": {"uv": [10.5, 8.5, 10.5, 8.5], "rotation": 270, "texture": "#3"},
				"east": {"uv": [10.5, 8.5, 10.5, 8.5], "rotation": 270, "texture": "#3"},
				"south": {"uv": [10.5, 8.5, 10.5, 8.5], "rotation": 270, "texture": "#3"},
				"west": {"uv": [10.5, 8.5, 10.5, 8.5], "rotation": 270, "texture": "#3"},
				"up": {"uv": [10.5, 8.5, 10.5, 8.5], "rotation": 270, "texture": "#3"},
				"down": {"uv": [10.5, 8.5, 10.5, 8.5], "rotation": 270, "texture": "#3"}
			}
		},
		{
			"from": [5.38256, 7.02998, -4.45509],
			"to": [9.5336, 8.47382, -3.95509],
			"rotation": {"angle": -45, "axis": "z", "origin": [9.01182, 7.75198, 7.04491]},
			"faces": {
				"north": {"uv": [10.5, 8.5, 10.5, 8.5], "texture": "#3"},
				"east": {"uv": [10.5, 8.5, 10.5, 8.5], "texture": "#3"},
				"south": {"uv": [10.5, 8.5, 10.5, 8.5], "texture": "#3"},
				"west": {"uv": [10.5, 8.5, 10.5, 8.5], "texture": "#3"},
				"up": {"uv": [10.5, 8.5, 10.5, 8.5], "texture": "#3"},
				"down": {"uv": [10.5, 8.5, 10.5, 8.5], "texture": "#3"}
			}
		}
	],
	"display": {
		"thirdperson_righthand": {
			"rotation": [0, -90, 0],
			"translation": [0.25, 0.25, 1],
			"scale": [0.08, 0.08, 0.08]
		},
		"thirdperson_lefthand": {
			"rotation": [0, -90, 0],
			"translation": [0.25, 0.25, 1],
			"scale": [0.08, 0.08, 0.08]
		},
		"firstperson_righthand": {
			"rotation": [0, -90, 0],
			"translation": [1.25, -5.25, 1.25],
			"scale": [0.08, 0.08, 0.08]
		},
		"firstperson_lefthand": {
			"rotation": [0, -90, 0],
			"translation": [1.25, -5.25, 1.25],
			"scale": [0.08, 0.08, 0.08]
		},
		"ground": {
			"rotation": [0, -90, 0],
			"translation": [0.5, 0.5, -0.25],
			"scale": [0.1, 0.1, 0.1]
		},
		"gui": {
			"rotation": [72, -136, -56],
			"translation": [1, -0.5, 0],
			"scale": [0.6, 0.6, 0.6]
		},
		"head": {
			"rotation": [0, -90, 0],
			"translation": [4, -23.25, 3.5],
			"scale": [0.1, 0.1, 0.1]
		},
		"fixed": {
			"rotation": [0, -107, 0],
			"translation": [1.25, -15.5, -3.75],
			"scale": [0.2, 0.2, 0.2]
		}
	}
}