{
	"credit": "Made with Blockbench",
	"textures": {
		"0": "simple_guns/scope",
		"1": "block/light_gray_stained_glass",
		"2": "simple_guns/gray",
		"3": "simple_guns/spas",
		"particle": "simple_guns/scope"
	},
	"elements": [
		{
			"from": [4.23497, 6.93998, -6.70509],
			"to": [4.33497, 8.53998, 8.04491],
			"rotation": {"angle": 0, "axis": "y", "origin": [8.25685, 7.73999, 4.29491]},
			"faces": {
				"north": {"uv": [7.5, 7.5, 7.5, 7.5], "texture": "#0"},
				"east": {"uv": [3.5, 4.5, 12.5, 5.75], "texture": "#0"},
				"south": {"uv": [7.5, 7.5, 7.5, 7.5], "texture": "#0"},
				"west": {"uv": [3.5, 4.5, 12.5, 5.75], "texture": "#0"},
				"up": {"uv": [7.5, 7.5, 7.5, 7.5], "texture": "#0"},
				"down": {"uv": [7.5, 7.5, 7.5, 7.5], "texture": "#0"}
			}
		},
		{
			"from": [4.23497, 6.93998, -6.70509],
			"to": [4.33497, 8.53998, 8.04491],
			"rotation": {"angle": -22.5, "axis": "z", "origin": [8.25685, 7.73999, 4.29491]},
			"faces": {
				"north": {"uv": [7.5, 7.5, 7.5, 7.5], "texture": "#0"},
				"east": {"uv": [3.5, 4.5, 12.5, 5.75], "rotation": 180, "texture": "#0"},
				"south": {"uv": [7.5, 7.5, 7.5, 7.5], "texture": "#0"},
				"west": {"uv": [3.5, 4.5, 12.5, 5.75], "rotation": 180, "texture": "#0"},
				"up": {"uv": [7.5, 7.5, 7.5, 7.5], "texture": "#0"},
				"down": {"uv": [7.5, 7.5, 7.5, 7.5], "texture": "#0"}
			}
		},
		{
			"from": [4.23497, 6.93998, -6.70509],
			"to": [4.33497, 8.53998, 8.04491],
			"rotation": {"angle": -45, "axis": "z", "origin": [8.25685, 7.73999, 4.29491]},
			"faces": {
				"north": {"uv": [7.5, 7.5, 7.5, 7.5], "texture": "#0"},
				"east": {"uv": [3.5, 4.5, 12.5, 5.75], "texture": "#0"},
				"south": {"uv": [7.5, 7.5, 7.5, 7.5], "texture": "#0"},
				"west": {"uv": [3.5, 4.5, 12.5, 5.75], "texture": "#0"},
				"up": {"uv": [7.5, 7.5, 7.5, 7.5], "texture": "#0"},
				"down": {"uv": [7.5, 7.5, 7.5, 7.5], "texture": "#0"}
			}
		},
		{
			"from": [7.45684, 11.66187, -6.70509],
			"to": [9.05684, 11.76187, 8.04491],
			"rotation": {"angle": 22.5, "axis": "z", "origin": [8.25685, 7.73999, 4.29491]},
			"faces": {
				"north": {"uv": [7.5, 7.5, 7.5, 7.5], "rotation": 270, "texture": "#0"},
				"east": {"uv": [7.5, 7.5, 7.5, 7.5], "rotation": 90, "texture": "#0"},
				"south": {"uv": [7.5, 7.5, 7.5, 7.5], "rotation": 90, "texture": "#0"},
				"west": {"uv": [7.5, 7.5, 7.5, 7.5], "rotation": 90, "texture": "#0"},
				"up": {"uv": [3.5, 4.5, 12.5, 5.75], "rotation": 270, "texture": "#0"},
				"down": {"uv": [3.5, 4.5, 12.5, 5.75], "rotation": 270, "texture": "#0"}
			}
		},
		{
			"from": [7.45684, 11.66187, -6.70509],
			"to": [9.05684, 11.76187, 8.04491],
			"rotation": {"angle": 0, "axis": "z", "origin": [8.25685, 7.73999, 4.29491]},
			"faces": {
				"north": {"uv": [7.5, 7.5, 7.5, 7.5], "rotation": 270, "texture": "#0"},
				"east": {"uv": [7.5, 7.5, 7.5, 7.5], "rotation": 90, "texture": "#0"},
				"south": {"uv": [7.5, 7.5, 7.5, 7.5], "rotation": 90, "texture": "#0"},
				"west": {"uv": [7.5, 7.5, 7.5, 7.5], "rotation": 90, "texture": "#0"},
				"up": {"uv": [3.5, 4.5, 12.5, 5.75], "rotation": 90, "texture": "#0"},
				"down": {"uv": [3.5, 4.5, 12.5, 5.75], "rotation": 90, "texture": "#0"}
			}
		},
		{
			"from": [4.25, 3.7, -6.706],
			"to": [12.3, 11.75, -6.706],
			"rotation": {"angle": 0, "axis": "y", "origin": [8.25685, 7.73999, 4.29491]},
			"faces": {
				"north": {"uv": [2, 2, 13.75, 13.75], "rotation": 90, "texture": "#0"},
				"east": {"uv": [7.5, 7.5, 7.5, 7.5], "rotation": 90, "texture": "#0"},
				"south": {"uv": [2, 2, 13.75, 13.75], "texture": "#0"},
				"west": {"uv": [7.5, 7.5, 7.5, 7.5], "rotation": 90, "texture": "#0"},
				"up": {"uv": [3.5, 4.5, 12.5, 5.75], "rotation": 90, "texture": "#0"},
				"down": {"uv": [3.5, 4.5, 12.5, 5.75], "rotation": 90, "texture": "#0"}
			}
		},
		{
			"from": [4.25, 3.7, -8.20509],
			"to": [12.3, 11.75, -6.70509],
			"rotation": {"angle": 0, "axis": "y", "origin": [8.25685, 7.73999, 4.29491]},
			"faces": {
				"north": {"uv": [2.5, 2.75, 7.5, 7.75], "rotation": 90, "texture": "#3"},
				"east": {"uv": [4, 2.75, 5, 7.75], "rotation": 180, "texture": "#3"},
				"south": {"uv": [2.5, 2.75, 7.5, 7.75], "rotation": 270, "texture": "#3"},
				"west": {"uv": [4, 2.75, 5, 7.75], "texture": "#3"},
				"up": {"uv": [7.25, 2.25, 8.25, 7.25], "rotation": 90, "texture": "#3"},
				"down": {"uv": [7.25, 2.25, 8.25, 7.25], "rotation": 270, "texture": "#3"}
			}
		},
		{
			"from": [5.75, 5.2, -10.45509],
			"to": [10.8, 10.25, -8.20509],
			"rotation": {"angle": 0, "axis": "y", "origin": [6.75685, 6.23999, 2.79491]},
			"faces": {
				"north": {"uv": [2.5, 2.75, 5.5, 5.75], "rotation": 90, "texture": "#3"},
				"east": {"uv": [4, 2.75, 5.5, 5.75], "rotation": 180, "texture": "#3"},
				"south": {"uv": [2.5, 2.75, 5.5, 5.75], "rotation": 270, "texture": "#3"},
				"west": {"uv": [4, 2.75, 5.5, 5.75], "texture": "#3"},
				"up": {"uv": [7.25, 2.25, 8.75, 5.25], "rotation": 90, "texture": "#3"},
				"down": {"uv": [7.25, 2.25, 8.75, 5.25], "rotation": 270, "texture": "#3"}
			}
		},
		{
			"from": [5.75, 5.2, 24.29491],
			"to": [10.8, 10.25, 25.04491],
			"rotation": {"angle": 0, "axis": "y", "origin": [6.75685, 6.23999, 36.79491]},
			"faces": {
				"north": {"uv": [2.5, 2.75, 5.5, 5.75], "rotation": 90, "texture": "#3"},
				"east": {"uv": [4, 2.75, 4.5, 5.75], "rotation": 180, "texture": "#3"},
				"south": {"uv": [2.5, 2.75, 5.5, 5.75], "rotation": 270, "texture": "#3"},
				"west": {"uv": [4, 2.75, 4.5, 5.75], "texture": "#3"},
				"up": {"uv": [7.25, 2.25, 7.75, 5.25], "rotation": 90, "texture": "#3"},
				"down": {"uv": [7.25, 2.25, 7.75, 5.25], "rotation": 270, "texture": "#3"}
			}
		},
		{
			"from": [4.25, 3.7, 22.79491],
			"to": [12.3, 11.75, 24.29491],
			"rotation": {"angle": 0, "axis": "y", "origin": [8.25685, 7.73999, 35.29491]},
			"faces": {
				"north": {"uv": [2.5, 2.75, 7.5, 7.75], "rotation": 90, "texture": "#3"},
				"east": {"uv": [4, 2.75, 5, 7.75], "rotation": 180, "texture": "#3"},
				"south": {"uv": [2.5, 2.75, 7.5, 7.75], "rotation": 270, "texture": "#3"},
				"west": {"uv": [4, 2.75, 5, 7.75], "texture": "#3"},
				"up": {"uv": [7.25, 2.25, 8.25, 7.25], "rotation": 90, "texture": "#3"},
				"down": {"uv": [7.25, 2.25, 8.25, 7.25], "rotation": 270, "texture": "#3"}
			}
		},
		{
			"from": [4.25, 3.7, -6.6],
			"to": [12.3, 11.75, -6.6],
			"rotation": {"angle": 0, "axis": "y", "origin": [8.25685, 7.73999, 4.29491]},
			"faces": {
				"north": {"uv": [2, 2, 13.75, 13.75], "rotation": 90, "texture": "#2"},
				"east": {"uv": [7.5, 7.5, 7.5, 7.5], "rotation": 90, "texture": "#2"},
				"south": {"uv": [2, 2, 13.75, 13.75], "texture": "#2"},
				"west": {"uv": [7.5, 7.5, 7.5, 7.5], "rotation": 90, "texture": "#2"},
				"up": {"uv": [3.5, 4.5, 12.5, 5.75], "rotation": 90, "texture": "#2"},
				"down": {"uv": [3.5, 4.5, 12.5, 5.75], "rotation": 90, "texture": "#2"}
			}
		},
		{
			"from": [4.25, 3.7, 22.793],
			"to": [12.3, 11.75, 22.793],
			"rotation": {"angle": 0, "axis": "y", "origin": [8.25685, 7.73999, 33.79491]},
			"faces": {
				"north": {"uv": [2, 2, 13.75, 13.75], "rotation": 270, "texture": "#0"},
				"east": {"uv": [7.5, 7.5, 7.5, 7.5], "rotation": 90, "texture": "#0"},
				"south": {"uv": [2, 2, 13.75, 13.75], "rotation": 180, "texture": "#0"},
				"west": {"uv": [7.5, 7.5, 7.5, 7.5], "rotation": 90, "texture": "#0"},
				"up": {"uv": [3.5, 4.5, 12.5, 5.75], "rotation": 90, "texture": "#0"},
				"down": {"uv": [3.5, 4.5, 12.5, 5.75], "rotation": 90, "texture": "#0"}
			}
		},
		{
			"from": [4.25, 3.7, 22.65],
			"to": [12.3, 11.75, 22.65],
			"rotation": {"angle": 0, "axis": "y", "origin": [8.25685, 7.73999, 33.54491]},
			"faces": {
				"north": {"uv": [2, 2, 13.75, 13.75], "rotation": 270, "texture": "#2"},
				"east": {"uv": [7.5, 7.5, 7.5, 7.5], "rotation": 90, "texture": "#2"},
				"south": {"uv": [2, 2, 13.75, 13.75], "rotation": 180, "texture": "#2"},
				"west": {"uv": [7.5, 7.5, 7.5, 7.5], "rotation": 90, "texture": "#2"},
				"up": {"uv": [3.5, 4.5, 12.5, 5.75], "rotation": 90, "texture": "#2"},
				"down": {"uv": [3.5, 4.5, 12.5, 5.75], "rotation": 90, "texture": "#2"}
			}
		},
		{
			"from": [7.45684, 11.66187, -6.70509],
			"to": [9.05684, 11.76187, 8.04491],
			"rotation": {"angle": -22.5, "axis": "z", "origin": [8.25685, 7.73999, 4.29491]},
			"faces": {
				"north": {"uv": [7.5, 7.5, 7.5, 7.5], "rotation": 270, "texture": "#0"},
				"east": {"uv": [7.5, 7.5, 7.5, 7.5], "rotation": 90, "texture": "#0"},
				"south": {"uv": [7.5, 7.5, 7.5, 7.5], "rotation": 90, "texture": "#0"},
				"west": {"uv": [7.5, 7.5, 7.5, 7.5], "rotation": 90, "texture": "#0"},
				"up": {"uv": [3.5, 4.5, 12.5, 5.75], "rotation": 270, "texture": "#0"},
				"down": {"uv": [3.5, 4.5, 12.5, 5.75], "rotation": 270, "texture": "#0"}
			}
		},
		{
			"from": [7.45684, 11.66187, -6.70509],
			"to": [9.05684, 11.76187, 8.04491],
			"rotation": {"angle": -45, "axis": "z", "origin": [8.25685, 7.73999, 4.29491]},
			"faces": {
				"north": {"uv": [7.5, 7.5, 7.5, 7.5], "rotation": 270, "texture": "#0"},
				"east": {"uv": [7.5, 7.5, 7.5, 7.5], "rotation": 90, "texture": "#0"},
				"south": {"uv": [7.5, 7.5, 7.5, 7.5], "rotation": 90, "texture": "#0"},
				"west": {"uv": [7.5, 7.5, 7.5, 7.5], "rotation": 90, "texture": "#0"},
				"up": {"uv": [3.5, 4.5, 12.5, 5.75], "rotation": 90, "texture": "#0"},
				"down": {"uv": [3.5, 4.5, 12.5, 5.75], "rotation": 90, "texture": "#0"}
			}
		},
		{
			"from": [12.17873, 6.94, -6.70509],
			"to": [12.27873, 8.54, 8.04491],
			"rotation": {"angle": 22.5, "axis": "z", "origin": [8.25685, 7.73999, 4.29491]},
			"faces": {
				"north": {"uv": [7.5, 7.5, 7.5, 7.5], "rotation": 180, "texture": "#0"},
				"east": {"uv": [3.5, 4.5, 12.5, 5.75], "texture": "#0"},
				"south": {"uv": [7.5, 7.5, 7.5, 7.5], "rotation": 180, "texture": "#0"},
				"west": {"uv": [3.5, 4.5, 12.5, 5.75], "texture": "#0"},
				"up": {"uv": [7.5, 7.5, 7.5, 7.5], "rotation": 180, "texture": "#0"},
				"down": {"uv": [7.5, 7.5, 7.5, 7.5], "rotation": 180, "texture": "#0"}
			}
		},
		{
			"from": [12.17873, 6.94, -6.70509],
			"to": [12.27873, 8.54, 8.04491],
			"rotation": {"angle": 0, "axis": "z", "origin": [8.25685, 7.73999, 4.29491]},
			"faces": {
				"north": {"uv": [7.5, 7.5, 7.5, 7.5], "rotation": 180, "texture": "#0"},
				"east": {"uv": [3.5, 4.5, 12.5, 5.75], "rotation": 180, "texture": "#0"},
				"south": {"uv": [7.5, 7.5, 7.5, 7.5], "rotation": 180, "texture": "#0"},
				"west": {"uv": [3.5, 4.5, 12.5, 5.75], "rotation": 180, "texture": "#0"},
				"up": {"uv": [7.5, 7.5, 7.5, 7.5], "rotation": 180, "texture": "#0"},
				"down": {"uv": [7.5, 7.5, 7.5, 7.5], "rotation": 180, "texture": "#0"}
			}
		},
		{
			"from": [12.17873, 6.94, -6.70509],
			"to": [12.27873, 8.54, 8.04491],
			"rotation": {"angle": -22.5, "axis": "z", "origin": [8.25685, 7.73999, 4.29491]},
			"faces": {
				"north": {"uv": [7.5, 7.5, 7.5, 7.5], "rotation": 180, "texture": "#0"},
				"east": {"uv": [3.5, 4.5, 12.5, 5.75], "texture": "#0"},
				"south": {"uv": [7.5, 7.5, 7.5, 7.5], "rotation": 180, "texture": "#0"},
				"west": {"uv": [3.5, 4.5, 12.5, 5.75], "texture": "#0"},
				"up": {"uv": [7.5, 7.5, 7.5, 7.5], "rotation": 180, "texture": "#0"},
				"down": {"uv": [7.5, 7.5, 7.5, 7.5], "rotation": 180, "texture": "#0"}
			}
		},
		{
			"from": [12.17873, 6.94, -6.70509],
			"to": [12.27873, 8.54, 8.04491],
			"rotation": {"angle": -45, "axis": "z", "origin": [8.25685, 7.73999, 4.29491]},
			"faces": {
				"north": {"uv": [7.5, 7.5, 7.5, 7.5], "rotation": 180, "texture": "#0"},
				"east": {"uv": [3.5, 4.5, 12.5, 5.75], "rotation": 180, "texture": "#0"},
				"south": {"uv": [7.5, 7.5, 7.5, 7.5], "rotation": 180, "texture": "#0"},
				"west": {"uv": [3.5, 4.5, 12.5, 5.75], "rotation": 180, "texture": "#0"},
				"up": {"uv": [7.5, 7.5, 7.5, 7.5], "rotation": 180, "texture": "#0"},
				"down": {"uv": [7.5, 7.5, 7.5, 7.5], "rotation": 180, "texture": "#0"}
			}
		},
		{
			"from": [7.45686, 3.71811, -6.70509],
			"to": [9.05686, 3.81811, 8.04491],
			"rotation": {"angle": 22.5, "axis": "z", "origin": [8.25685, 7.73999, 4.29491]},
			"faces": {
				"north": {"uv": [7.5, 7.5, 7.5, 7.5], "rotation": 90, "texture": "#0"},
				"east": {"uv": [7.5, 7.5, 7.5, 7.5], "rotation": 270, "texture": "#0"},
				"south": {"uv": [7.5, 7.5, 7.5, 7.5], "rotation": 270, "texture": "#0"},
				"west": {"uv": [7.5, 7.5, 7.5, 7.5], "rotation": 270, "texture": "#0"},
				"up": {"uv": [3.5, 4.5, 12.5, 5.75], "rotation": 90, "texture": "#0"},
				"down": {"uv": [3.5, 4.5, 12.5, 5.75], "rotation": 90, "texture": "#0"}
			}
		},
		{
			"from": [7.45686, 3.71811, -6.70509],
			"to": [9.05686, 3.81811, 8.04491],
			"rotation": {"angle": 0, "axis": "z", "origin": [8.25685, 7.73999, 4.29491]},
			"faces": {
				"north": {"uv": [7.5, 7.5, 7.5, 7.5], "rotation": 90, "texture": "#0"},
				"east": {"uv": [7.5, 7.5, 7.5, 7.5], "rotation": 270, "texture": "#0"},
				"south": {"uv": [7.5, 7.5, 7.5, 7.5], "rotation": 270, "texture": "#0"},
				"west": {"uv": [7.5, 7.5, 7.5, 7.5], "rotation": 270, "texture": "#0"},
				"up": {"uv": [3.5, 4.5, 12.5, 5.75], "rotation": 270, "texture": "#0"},
				"down": {"uv": [3.5, 4.5, 12.5, 5.75], "rotation": 270, "texture": "#0"}
			}
		},
		{
			"from": [7.45686, 3.71811, -6.70509],
			"to": [9.05686, 3.81811, 8.04491],
			"rotation": {"angle": -22.5, "axis": "z", "origin": [8.25685, 7.73999, 4.29491]},
			"faces": {
				"north": {"uv": [7.5, 7.5, 7.5, 7.5], "rotation": 90, "texture": "#0"},
				"east": {"uv": [7.5, 7.5, 7.5, 7.5], "rotation": 270, "texture": "#0"},
				"south": {"uv": [7.5, 7.5, 7.5, 7.5], "rotation": 270, "texture": "#0"},
				"west": {"uv": [7.5, 7.5, 7.5, 7.5], "rotation": 270, "texture": "#0"},
				"up": {"uv": [3.5, 4.5, 12.5, 5.75], "rotation": 90, "texture": "#0"},
				"down": {"uv": [3.5, 4.5, 12.5, 5.75], "rotation": 90, "texture": "#0"}
			}
		},
		{
			"from": [7.45686, 3.71811, -6.70509],
			"to": [9.05686, 3.81811, 8.04491],
			"rotation": {"angle": -45, "axis": "z", "origin": [8.25685, 7.73999, 4.29491]},
			"faces": {
				"north": {"uv": [7.5, 7.5, 7.5, 7.5], "rotation": 90, "texture": "#0"},
				"east": {"uv": [7.5, 7.5, 7.5, 7.5], "rotation": 270, "texture": "#0"},
				"south": {"uv": [7.5, 7.5, 7.5, 7.5], "rotation": 270, "texture": "#0"},
				"west": {"uv": [7.5, 7.5, 7.5, 7.5], "rotation": 270, "texture": "#0"},
				"up": {"uv": [3.5, 4.5, 12.5, 5.75], "rotation": 270, "texture": "#0"},
				"down": {"uv": [3.5, 4.5, 12.5, 5.75], "rotation": 270, "texture": "#0"}
			}
		},
		{
			"from": [4.23497, 6.93998, -6.70509],
			"to": [4.33497, 8.53998, 8.04491],
			"rotation": {"angle": 22.5, "axis": "z", "origin": [8.25685, 7.73999, 4.29491]},
			"faces": {
				"north": {"uv": [7.5, 7.5, 7.5, 7.5], "texture": "#0"},
				"east": {"uv": [3.5, 4.5, 12.5, 5.75], "rotation": 180, "texture": "#0"},
				"south": {"uv": [7.5, 7.5, 7.5, 7.5], "texture": "#0"},
				"west": {"uv": [3.5, 4.5, 12.5, 5.75], "rotation": 180, "texture": "#0"},
				"up": {"uv": [7.5, 7.5, 7.5, 7.5], "texture": "#0"},
				"down": {"uv": [7.5, 7.5, 7.5, 7.5], "texture": "#0"}
			}
		},
		{
			"from": [12.17873, 6.94, 8.04491],
			"to": [12.27873, 8.54, 22.79491],
			"rotation": {"angle": 0, "axis": "y", "origin": [8.25685, 7.73999, 19.04491]},
			"faces": {
				"north": {"uv": [7.5, 7.5, 7.5, 7.5], "rotation": 180, "texture": "#0"},
				"east": {"uv": [3.5, 4.5, 12.5, 5.75], "rotation": 180, "texture": "#0"},
				"south": {"uv": [7.5, 7.5, 7.5, 7.5], "rotation": 180, "texture": "#0"},
				"west": {"uv": [3.5, 4.5, 12.5, 5.75], "rotation": 180, "texture": "#0"},
				"up": {"uv": [7.5, 7.5, 7.5, 7.5], "rotation": 180, "texture": "#0"},
				"down": {"uv": [7.5, 7.5, 7.5, 7.5], "rotation": 180, "texture": "#0"}
			}
		},
		{
			"from": [4.23497, 6.93998, 8.04491],
			"to": [4.33497, 8.53998, 22.79491],
			"rotation": {"angle": 0, "axis": "y", "origin": [8.25685, 7.73999, 19.04491]},
			"faces": {
				"north": {"uv": [7.5, 7.5, 7.5, 7.5], "texture": "#0"},
				"east": {"uv": [3.5, 4.5, 12.5, 5.75], "texture": "#0"},
				"south": {"uv": [7.5, 7.5, 7.5, 7.5], "texture": "#0"},
				"west": {"uv": [3.5, 4.5, 12.5, 5.75], "texture": "#0"},
				"up": {"uv": [7.5, 7.5, 7.5, 7.5], "texture": "#0"},
				"down": {"uv": [7.5, 7.5, 7.5, 7.5], "texture": "#0"}
			}
		},
		{
			"from": [4.23497, 6.93998, 8.04491],
			"to": [4.33497, 8.53998, 22.79491],
			"rotation": {"angle": -22.5, "axis": "z", "origin": [8.25685, 7.73999, 19.04491]},
			"faces": {
				"north": {"uv": [7.5, 7.5, 7.5, 7.5], "texture": "#0"},
				"east": {"uv": [3.5, 4.5, 12.5, 5.75], "rotation": 180, "texture": "#0"},
				"south": {"uv": [7.5, 7.5, 7.5, 7.5], "texture": "#0"},
				"west": {"uv": [3.5, 4.5, 12.5, 5.75], "rotation": 180, "texture": "#0"},
				"up": {"uv": [7.5, 7.5, 7.5, 7.5], "texture": "#0"},
				"down": {"uv": [7.5, 7.5, 7.5, 7.5], "texture": "#0"}
			}
		},
		{
			"from": [4.23497, 6.93998, 8.04491],
			"to": [4.33497, 8.53998, 22.79491],
			"rotation": {"angle": -45, "axis": "z", "origin": [8.25685, 7.73999, 19.04491]},
			"faces": {
				"north": {"uv": [7.5, 7.5, 7.5, 7.5], "texture": "#0"},
				"east": {"uv": [3.5, 4.5, 12.5, 5.75], "texture": "#0"},
				"south": {"uv": [7.5, 7.5, 7.5, 7.5], "texture": "#0"},
				"west": {"uv": [3.5, 4.5, 12.5, 5.75], "texture": "#0"},
				"up": {"uv": [7.5, 7.5, 7.5, 7.5], "texture": "#0"},
				"down": {"uv": [7.5, 7.5, 7.5, 7.5], "texture": "#0"}
			}
		},
		{
			"from": [7.45684, 11.66187, 8.04491],
			"to": [9.05684, 11.76187, 22.79491],
			"rotation": {"angle": 22.5, "axis": "z", "origin": [8.25685, 7.73999, 19.04491]},
			"faces": {
				"north": {"uv": [7.5, 7.5, 7.5, 7.5], "rotation": 270, "texture": "#0"},
				"east": {"uv": [7.5, 7.5, 7.5, 7.5], "rotation": 90, "texture": "#0"},
				"south": {"uv": [7.5, 7.5, 7.5, 7.5], "rotation": 90, "texture": "#0"},
				"west": {"uv": [7.5, 7.5, 7.5, 7.5], "rotation": 90, "texture": "#0"},
				"up": {"uv": [3.5, 4.5, 12.5, 5.75], "rotation": 270, "texture": "#0"},
				"down": {"uv": [3.5, 4.5, 12.5, 5.75], "rotation": 270, "texture": "#0"}
			}
		},
		{
			"from": [7.45684, 11.66187, 8.04491],
			"to": [9.05684, 11.76187, 22.79491],
			"rotation": {"angle": 0, "axis": "y", "origin": [8.25685, 7.73999, 19.04491]},
			"faces": {
				"north": {"uv": [7.5, 7.5, 7.5, 7.5], "rotation": 270, "texture": "#0"},
				"east": {"uv": [7.5, 7.5, 7.5, 7.5], "rotation": 90, "texture": "#0"},
				"south": {"uv": [7.5, 7.5, 7.5, 7.5], "rotation": 90, "texture": "#0"},
				"west": {"uv": [7.5, 7.5, 7.5, 7.5], "rotation": 90, "texture": "#0"},
				"up": {"uv": [3.5, 4.5, 12.5, 5.75], "rotation": 90, "texture": "#0"},
				"down": {"uv": [3.5, 4.5, 12.5, 5.75], "rotation": 90, "texture": "#0"}
			}
		},
		{
			"from": [7.45684, 11.66187, 8.04491],
			"to": [9.05684, 11.76187, 22.79491],
			"rotation": {"angle": -22.5, "axis": "z", "origin": [8.25685, 7.73999, 19.04491]},
			"faces": {
				"north": {"uv": [7.5, 7.5, 7.5, 7.5], "rotation": 270, "texture": "#0"},
				"east": {"uv": [7.5, 7.5, 7.5, 7.5], "rotation": 90, "texture": "#0"},
				"south": {"uv": [7.5, 7.5, 7.5, 7.5], "rotation": 90, "texture": "#0"},
				"west": {"uv": [7.5, 7.5, 7.5, 7.5], "rotation": 90, "texture": "#0"},
				"up": {"uv": [3.5, 4.5, 12.5, 5.75], "rotation": 270, "texture": "#0"},
				"down": {"uv": [3.5, 4.5, 12.5, 5.75], "rotation": 270, "texture": "#0"}
			}
		},
		{
			"from": [7.45684, 11.66187, 8.04491],
			"to": [9.05684, 11.76187, 22.79491],
			"rotation": {"angle": -45, "axis": "z", "origin": [8.25685, 7.73999, 19.04491]},
			"faces": {
				"north": {"uv": [7.5, 7.5, 7.5, 7.5], "rotation": 270, "texture": "#0"},
				"east": {"uv": [7.5, 7.5, 7.5, 7.5], "rotation": 90, "texture": "#0"},
				"south": {"uv": [7.5, 7.5, 7.5, 7.5], "rotation": 90, "texture": "#0"},
				"west": {"uv": [7.5, 7.5, 7.5, 7.5], "rotation": 90, "texture": "#0"},
				"up": {"uv": [3.5, 4.5, 12.5, 5.75], "rotation": 90, "texture": "#0"},
				"down": {"uv": [3.5, 4.5, 12.5, 5.75], "rotation": 90, "texture": "#0"}
			}
		},
		{
			"from": [12.17873, 6.94, 8.04491],
			"to": [12.27873, 8.54, 22.79491],
			"rotation": {"angle": 22.5, "axis": "z", "origin": [8.25685, 7.73999, 19.04491]},
			"faces": {
				"north": {"uv": [7.5, 7.5, 7.5, 7.5], "rotation": 180, "texture": "#0"},
				"east": {"uv": [3.5, 4.5, 12.5, 5.75], "texture": "#0"},
				"south": {"uv": [7.5, 7.5, 7.5, 7.5], "rotation": 180, "texture": "#0"},
				"west": {"uv": [3.5, 4.5, 12.5, 5.75], "texture": "#0"},
				"up": {"uv": [7.5, 7.5, 7.5, 7.5], "rotation": 180, "texture": "#0"},
				"down": {"uv": [7.5, 7.5, 7.5, 7.5], "rotation": 180, "texture": "#0"}
			}
		},
		{
			"from": [12.17873, 6.94, 8.04491],
			"to": [12.27873, 8.54, 22.79491],
			"rotation": {"angle": -22.5, "axis": "z", "origin": [8.25685, 7.73999, 19.04491]},
			"faces": {
				"north": {"uv": [7.5, 7.5, 7.5, 7.5], "rotation": 180, "texture": "#0"},
				"east": {"uv": [3.5, 4.5, 12.5, 5.75], "texture": "#0"},
				"south": {"uv": [7.5, 7.5, 7.5, 7.5], "rotation": 180, "texture": "#0"},
				"west": {"uv": [3.5, 4.5, 12.5, 5.75], "texture": "#0"},
				"up": {"uv": [7.5, 7.5, 7.5, 7.5], "rotation": 180, "texture": "#0"},
				"down": {"uv": [7.5, 7.5, 7.5, 7.5], "rotation": 180, "texture": "#0"}
			}
		},
		{
			"from": [12.17873, 6.94, 8.04491],
			"to": [12.27873, 8.54, 22.79491],
			"rotation": {"angle": -45, "axis": "z", "origin": [8.25685, 7.73999, 19.04491]},
			"faces": {
				"north": {"uv": [7.5, 7.5, 7.5, 7.5], "rotation": 180, "texture": "#0"},
				"east": {"uv": [3.5, 4.5, 12.5, 5.75], "rotation": 180, "texture": "#0"},
				"south": {"uv": [7.5, 7.5, 7.5, 7.5], "rotation": 180, "texture": "#0"},
				"west": {"uv": [3.5, 4.5, 12.5, 5.75], "rotation": 180, "texture": "#0"},
				"up": {"uv": [7.5, 7.5, 7.5, 7.5], "rotation": 180, "texture": "#0"},
				"down": {"uv": [7.5, 7.5, 7.5, 7.5], "rotation": 180, "texture": "#0"}
			}
		},
		{
			"from": [7.45686, 3.71811, 8.04491],
			"to": [9.05686, 3.81811, 22.79491],
			"rotation": {"angle": 22.5, "axis": "z", "origin": [8.25685, 7.73999, 19.04491]},
			"faces": {
				"north": {"uv": [7.5, 7.5, 7.5, 7.5], "rotation": 90, "texture": "#0"},
				"east": {"uv": [7.5, 7.5, 7.5, 7.5], "rotation": 270, "texture": "#0"},
				"south": {"uv": [7.5, 7.5, 7.5, 7.5], "rotation": 270, "texture": "#0"},
				"west": {"uv": [7.5, 7.5, 7.5, 7.5], "rotation": 270, "texture": "#0"},
				"up": {"uv": [3.5, 4.5, 12.5, 5.75], "rotation": 90, "texture": "#0"},
				"down": {"uv": [3.5, 4.5, 12.5, 5.75], "rotation": 90, "texture": "#0"}
			}
		},
		{
			"from": [7.45686, 3.71811, 8.04491],
			"to": [9.05686, 3.81811, 22.79491],
			"rotation": {"angle": 0, "axis": "y", "origin": [8.25685, 7.73999, 19.04491]},
			"faces": {
				"north": {"uv": [7.5, 7.5, 7.5, 7.5], "rotation": 90, "texture": "#0"},
				"east": {"uv": [7.5, 7.5, 7.5, 7.5], "rotation": 270, "texture": "#0"},
				"south": {"uv": [7.5, 7.5, 7.5, 7.5], "rotation": 270, "texture": "#0"},
				"west": {"uv": [7.5, 7.5, 7.5, 7.5], "rotation": 270, "texture": "#0"},
				"up": {"uv": [3.5, 4.5, 12.5, 5.75], "rotation": 270, "texture": "#0"},
				"down": {"uv": [3.5, 4.5, 12.5, 5.75], "rotation": 270, "texture": "#0"}
			}
		},
		{
			"from": [7.45686, 3.71811, 8.04491],
			"to": [9.05686, 3.81811, 22.79491],
			"rotation": {"angle": -22.5, "axis": "z", "origin": [8.25685, 7.73999, 19.04491]},
			"faces": {
				"north": {"uv": [7.5, 7.5, 7.5, 7.5], "rotation": 90, "texture": "#0"},
				"east": {"uv": [7.5, 7.5, 7.5, 7.5], "rotation": 270, "texture": "#0"},
				"south": {"uv": [7.5, 7.5, 7.5, 7.5], "rotation": 270, "texture": "#0"},
				"west": {"uv": [7.5, 7.5, 7.5, 7.5], "rotation": 270, "texture": "#0"},
				"up": {"uv": [3.5, 4.5, 12.5, 5.75], "rotation": 90, "texture": "#0"},
				"down": {"uv": [3.5, 4.5, 12.5, 5.75], "rotation": 90, "texture": "#0"}
			}
		},
		{
			"from": [7.45686, 3.71811, 8.04491],
			"to": [9.05686, 3.81811, 22.79491],
			"rotation": {"angle": -45, "axis": "z", "origin": [8.25685, 7.73999, 19.04491]},
			"faces": {
				"north": {"uv": [7.5, 7.5, 7.5, 7.5], "rotation": 90, "texture": "#0"},
				"east": {"uv": [7.5, 7.5, 7.5, 7.5], "rotation": 270, "texture": "#0"},
				"south": {"uv": [7.5, 7.5, 7.5, 7.5], "rotation": 270, "texture": "#0"},
				"west": {"uv": [7.5, 7.5, 7.5, 7.5], "rotation": 270, "texture": "#0"},
				"up": {"uv": [3.5, 4.5, 12.5, 5.75], "rotation": 270, "texture": "#0"},
				"down": {"uv": [3.5, 4.5, 12.5, 5.75], "rotation": 270, "texture": "#0"}
			}
		},
		{
			"from": [4.23497, 6.93998, 8.04491],
			"to": [4.33497, 8.53998, 22.79491],
			"rotation": {"angle": 22.5, "axis": "z", "origin": [8.25685, 7.73999, 19.04491]},
			"faces": {
				"north": {"uv": [7.5, 7.5, 7.5, 7.5], "texture": "#0"},
				"east": {"uv": [3.5, 4.5, 12.5, 5.75], "rotation": 180, "texture": "#0"},
				"south": {"uv": [7.5, 7.5, 7.5, 7.5], "texture": "#0"},
				"west": {"uv": [3.5, 4.5, 12.5, 5.75], "rotation": 180, "texture": "#0"},
				"up": {"uv": [7.5, 7.5, 7.5, 7.5], "texture": "#0"},
				"down": {"uv": [7.5, 7.5, 7.5, 7.5], "texture": "#0"}
			}
		},
		{
			"from": [7.49874, 11.45646, 8.04491],
			"to": [9.01494, 11.55122, 22.78016],
			"rotation": {"angle": -45, "axis": "z", "origin": [8.25685, 7.73999, 19.03391]},
			"faces": {
				"north": {"uv": [10, 6, 10, 6], "rotation": 90, "texture": "#1"},
				"east": {"uv": [10, 6, 10, 6], "rotation": 90, "texture": "#1"},
				"south": {"uv": [10, 6, 10, 6], "rotation": 90, "texture": "#1"},
				"west": {"uv": [10, 6, 10, 6], "rotation": 90, "texture": "#1"},
				"up": {"uv": [10, 6, 10, 6], "rotation": 90, "texture": "#1"},
				"down": {"uv": [10, 6, 10, 6], "rotation": 90, "texture": "#1"}
			}
		},
		{
			"from": [7.49874, 11.45646, 8.04491],
			"to": [9.01494, 11.55122, 22.78016],
			"rotation": {"angle": 22.5, "axis": "z", "origin": [8.25685, 7.73999, 19.03391]},
			"faces": {
				"north": {"uv": [10, 6, 10, 6], "rotation": 90, "texture": "#1"},
				"east": {"uv": [10, 6, 10, 6], "rotation": 90, "texture": "#1"},
				"south": {"uv": [10, 6, 10, 6], "rotation": 90, "texture": "#1"},
				"west": {"uv": [10, 6, 10, 6], "rotation": 90, "texture": "#1"},
				"up": {"uv": [10, 6, 10, 6], "rotation": 90, "texture": "#1"},
				"down": {"uv": [10, 6, 10, 6], "rotation": 90, "texture": "#1"}
			}
		},
		{
			"from": [7.49874, 11.45646, 8.04491],
			"to": [9.01494, 11.55122, 22.78016],
			"rotation": {"angle": 0, "axis": "y", "origin": [8.25685, 7.73999, 19.03391]},
			"faces": {
				"north": {"uv": [10, 6, 10, 6], "rotation": 90, "texture": "#1"},
				"east": {"uv": [10, 6, 10, 6], "rotation": 90, "texture": "#1"},
				"south": {"uv": [10, 6, 10, 6], "rotation": 90, "texture": "#1"},
				"west": {"uv": [10, 6, 10, 6], "rotation": 90, "texture": "#1"},
				"up": {"uv": [10, 6, 10, 6], "rotation": 90, "texture": "#1"},
				"down": {"uv": [10, 6, 10, 6], "rotation": 90, "texture": "#1"}
			}
		},
		{
			"from": [7.49874, 11.45646, 8.04491],
			"to": [9.01494, 11.55122, 22.78016],
			"rotation": {"angle": -22.5, "axis": "z", "origin": [8.25685, 7.73999, 19.03391]},
			"faces": {
				"north": {"uv": [10, 6, 10, 6], "rotation": 90, "texture": "#1"},
				"east": {"uv": [10, 6, 10, 6], "rotation": 90, "texture": "#1"},
				"south": {"uv": [10, 6, 10, 6], "rotation": 90, "texture": "#1"},
				"west": {"uv": [10, 6, 10, 6], "rotation": 90, "texture": "#1"},
				"up": {"uv": [10, 6, 10, 6], "rotation": 90, "texture": "#1"},
				"down": {"uv": [10, 6, 10, 6], "rotation": 90, "texture": "#1"}
			}
		},
		{
			"from": [11.97332, 6.9819, 8.04491],
			"to": [12.06808, 8.4981, 22.78016],
			"rotation": {"angle": 22.5, "axis": "z", "origin": [8.25685, 7.73999, 19.03391]},
			"faces": {
				"north": {"uv": [10, 6, 10, 6], "texture": "#1"},
				"east": {"uv": [10, 6, 10, 6], "texture": "#1"},
				"south": {"uv": [10, 6, 10, 6], "texture": "#1"},
				"west": {"uv": [10, 6, 10, 6], "texture": "#1"},
				"up": {"uv": [10, 6, 10, 6], "texture": "#1"},
				"down": {"uv": [10, 6, 10, 6], "texture": "#1"}
			}
		},
		{
			"from": [11.97332, 6.9819, -6.69034],
			"to": [12.06808, 8.4981, 8.04491],
			"rotation": {"angle": 22.5, "axis": "z", "origin": [8.25685, 7.73999, 4.29866]},
			"faces": {
				"north": {"uv": [10, 6, 10, 6], "texture": "#1"},
				"east": {"uv": [10, 6, 10, 6], "texture": "#1"},
				"south": {"uv": [10, 6, 10, 6], "texture": "#1"},
				"west": {"uv": [10, 6, 10, 6], "texture": "#1"},
				"up": {"uv": [10, 6, 10, 6], "texture": "#1"},
				"down": {"uv": [10, 6, 10, 6], "texture": "#1"}
			}
		},
		{
			"from": [7.49874, 11.45646, -6.69034],
			"to": [9.01494, 11.55122, 8.04491],
			"rotation": {"angle": -45, "axis": "z", "origin": [8.25685, 7.73999, 4.29866]},
			"faces": {
				"north": {"uv": [10, 6, 10, 6], "rotation": 90, "texture": "#1"},
				"east": {"uv": [10, 6, 10, 6], "rotation": 90, "texture": "#1"},
				"south": {"uv": [10, 6, 10, 6], "rotation": 90, "texture": "#1"},
				"west": {"uv": [10, 6, 10, 6], "rotation": 90, "texture": "#1"},
				"up": {"uv": [10, 6, 10, 6], "rotation": 90, "texture": "#1"},
				"down": {"uv": [10, 6, 10, 6], "rotation": 90, "texture": "#1"}
			}
		},
		{
			"from": [7.49874, 11.45646, -6.69034],
			"to": [9.01494, 11.55122, 8.04491],
			"rotation": {"angle": -22.5, "axis": "z", "origin": [8.25685, 7.73999, 4.29866]},
			"faces": {
				"north": {"uv": [10, 6, 10, 6], "rotation": 90, "texture": "#1"},
				"east": {"uv": [10, 6, 10, 6], "rotation": 90, "texture": "#1"},
				"south": {"uv": [10, 6, 10, 6], "rotation": 90, "texture": "#1"},
				"west": {"uv": [10, 6, 10, 6], "rotation": 90, "texture": "#1"},
				"up": {"uv": [10, 6, 10, 6], "rotation": 90, "texture": "#1"},
				"down": {"uv": [10, 6, 10, 6], "rotation": 90, "texture": "#1"}
			}
		},
		{
			"from": [7.49874, 11.45646, -6.69034],
			"to": [9.01494, 11.55122, 8.04491],
			"rotation": {"angle": 0, "axis": "y", "origin": [8.25685, 7.73999, 4.29866]},
			"faces": {
				"north": {"uv": [10, 6, 10, 6], "rotation": 90, "texture": "#1"},
				"east": {"uv": [10, 6, 10, 6], "rotation": 90, "texture": "#1"},
				"south": {"uv": [10, 6, 10, 6], "rotation": 90, "texture": "#1"},
				"west": {"uv": [10, 6, 10, 6], "rotation": 90, "texture": "#1"},
				"up": {"uv": [10, 6, 10, 6], "rotation": 90, "texture": "#1"},
				"down": {"uv": [10, 6, 10, 6], "rotation": 90, "texture": "#1"}
			}
		},
		{
			"from": [7.49874, 11.45646, -6.69034],
			"to": [9.01494, 11.55122, 8.04491],
			"rotation": {"angle": 22.5, "axis": "z", "origin": [8.25685, 7.73999, 4.29866]},
			"faces": {
				"north": {"uv": [10, 6, 10, 6], "rotation": 90, "texture": "#1"},
				"east": {"uv": [10, 6, 10, 6], "rotation": 90, "texture": "#1"},
				"south": {"uv": [10, 6, 10, 6], "rotation": 90, "texture": "#1"},
				"west": {"uv": [10, 6, 10, 6], "rotation": 90, "texture": "#1"},
				"up": {"uv": [10, 6, 10, 6], "rotation": 90, "texture": "#1"},
				"down": {"uv": [10, 6, 10, 6], "rotation": 90, "texture": "#1"}
			}
		},
		{
			"from": [4.44562, 6.98188, -6.69034],
			"to": [4.54038, 8.49808, 8.04491],
			"rotation": {"angle": -45, "axis": "z", "origin": [8.25685, 7.73999, 4.29866]},
			"faces": {
				"north": {"uv": [10, 6, 10, 6], "texture": "#1"},
				"east": {"uv": [10, 6, 10, 6], "texture": "#1"},
				"south": {"uv": [10, 6, 10, 6], "texture": "#1"},
				"west": {"uv": [10, 6, 10, 6], "texture": "#1"},
				"up": {"uv": [10, 6, 10, 6], "texture": "#1"},
				"down": {"uv": [10, 6, 10, 6], "texture": "#1"}
			}
		},
		{
			"from": [11.97332, 6.9819, 8.04491],
			"to": [12.06808, 8.4981, 22.78016],
			"rotation": {"angle": -22.5, "axis": "z", "origin": [8.25685, 7.73999, 19.03391]},
			"faces": {
				"north": {"uv": [10, 6, 10, 6], "texture": "#1"},
				"east": {"uv": [10, 6, 10, 6], "texture": "#1"},
				"south": {"uv": [10, 6, 10, 6], "texture": "#1"},
				"west": {"uv": [10, 6, 10, 6], "texture": "#1"},
				"up": {"uv": [10, 6, 10, 6], "texture": "#1"},
				"down": {"uv": [10, 6, 10, 6], "texture": "#1"}
			}
		},
		{
			"from": [11.97332, 6.9819, -6.69034],
			"to": [12.06808, 8.4981, 8.04491],
			"rotation": {"angle": -22.5, "axis": "z", "origin": [8.25685, 7.73999, 4.29866]},
			"faces": {
				"north": {"uv": [10, 6, 10, 6], "texture": "#1"},
				"east": {"uv": [10, 6, 10, 6], "texture": "#1"},
				"south": {"uv": [10, 6, 10, 6], "texture": "#1"},
				"west": {"uv": [10, 6, 10, 6], "texture": "#1"},
				"up": {"uv": [10, 6, 10, 6], "texture": "#1"},
				"down": {"uv": [10, 6, 10, 6], "texture": "#1"}
			}
		},
		{
			"from": [11.97332, 6.9819, -6.69034],
			"to": [12.06808, 8.4981, 8.04491],
			"rotation": {"angle": 0, "axis": "y", "origin": [8.25685, 7.73999, 4.29866]},
			"faces": {
				"north": {"uv": [10, 6, 10, 6], "rotation": 180, "texture": "#1"},
				"east": {"uv": [10, 6, 10, 6], "rotation": 180, "texture": "#1"},
				"south": {"uv": [10, 6, 10, 6], "rotation": 180, "texture": "#1"},
				"west": {"uv": [10, 6, 10, 6], "rotation": 180, "texture": "#1"},
				"up": {"uv": [10, 6, 10, 6], "rotation": 180, "texture": "#1"},
				"down": {"uv": [10, 6, 10, 6], "rotation": 180, "texture": "#1"}
			}
		},
		{
			"from": [11.97332, 6.9819, 8.04491],
			"to": [12.06808, 8.4981, 22.78016],
			"rotation": {"angle": 0, "axis": "y", "origin": [8.25685, 7.73999, 19.03391]},
			"faces": {
				"north": {"uv": [10, 6, 10, 6], "rotation": 180, "texture": "#1"},
				"east": {"uv": [10, 6, 10, 6], "rotation": 180, "texture": "#1"},
				"south": {"uv": [10, 6, 10, 6], "rotation": 180, "texture": "#1"},
				"west": {"uv": [10, 6, 10, 6], "rotation": 180, "texture": "#1"},
				"up": {"uv": [10, 6, 10, 6], "rotation": 180, "texture": "#1"},
				"down": {"uv": [10, 6, 10, 6], "rotation": 180, "texture": "#1"}
			}
		},
		{
			"from": [11.97332, 6.9819, 8.04491],
			"to": [12.06808, 8.4981, 22.78016],
			"rotation": {"angle": -45, "axis": "z", "origin": [8.25685, 7.73999, 19.03391]},
			"faces": {
				"north": {"uv": [10, 6, 10, 6], "rotation": 180, "texture": "#1"},
				"east": {"uv": [10, 6, 10, 6], "rotation": 180, "texture": "#1"},
				"south": {"uv": [10, 6, 10, 6], "rotation": 180, "texture": "#1"},
				"west": {"uv": [10, 6, 10, 6], "rotation": 180, "texture": "#1"},
				"up": {"uv": [10, 6, 10, 6], "rotation": 180, "texture": "#1"},
				"down": {"uv": [10, 6, 10, 6], "rotation": 180, "texture": "#1"}
			}
		},
		{
			"from": [11.97332, 6.9819, -6.69034],
			"to": [12.06808, 8.4981, 8.04491],
			"rotation": {"angle": -45, "axis": "z", "origin": [8.25685, 7.73999, 4.29866]},
			"faces": {
				"north": {"uv": [10, 6, 10, 6], "rotation": 180, "texture": "#1"},
				"east": {"uv": [10, 6, 10, 6], "rotation": 180, "texture": "#1"},
				"south": {"uv": [10, 6, 10, 6], "rotation": 180, "texture": "#1"},
				"west": {"uv": [10, 6, 10, 6], "rotation": 180, "texture": "#1"},
				"up": {"uv": [10, 6, 10, 6], "rotation": 180, "texture": "#1"},
				"down": {"uv": [10, 6, 10, 6], "rotation": 180, "texture": "#1"}
			}
		},
		{
			"from": [7.49876, 3.92876, -6.69034],
			"to": [9.01496, 4.02352, 8.04491],
			"rotation": {"angle": 22.5, "axis": "z", "origin": [8.25685, 7.73999, 4.29866]},
			"faces": {
				"north": {"uv": [10, 6, 10, 6], "rotation": 270, "texture": "#1"},
				"east": {"uv": [10, 6, 10, 6], "rotation": 270, "texture": "#1"},
				"south": {"uv": [10, 6, 10, 6], "rotation": 270, "texture": "#1"},
				"west": {"uv": [10, 6, 10, 6], "rotation": 270, "texture": "#1"},
				"up": {"uv": [10, 6, 10, 6], "rotation": 270, "texture": "#1"},
				"down": {"uv": [10, 6, 10, 6], "rotation": 270, "texture": "#1"}
			}
		},
		{
			"from": [7.49876, 3.92876, 8.04491],
			"to": [9.01496, 4.02352, 22.78016],
			"rotation": {"angle": 22.5, "axis": "z", "origin": [8.25685, 7.73999, 19.03391]},
			"faces": {
				"north": {"uv": [10, 6, 10, 6], "rotation": 270, "texture": "#1"},
				"east": {"uv": [10, 6, 10, 6], "rotation": 270, "texture": "#1"},
				"south": {"uv": [10, 6, 10, 6], "rotation": 270, "texture": "#1"},
				"west": {"uv": [10, 6, 10, 6], "rotation": 270, "texture": "#1"},
				"up": {"uv": [10, 6, 10, 6], "rotation": 270, "texture": "#1"},
				"down": {"uv": [10, 6, 10, 6], "rotation": 270, "texture": "#1"}
			}
		},
		{
			"from": [7.49876, 3.92876, 8.04491],
			"to": [9.01496, 4.02352, 22.78016],
			"rotation": {"angle": 0, "axis": "y", "origin": [8.25685, 7.73999, 19.03391]},
			"faces": {
				"north": {"uv": [10, 6, 10, 6], "rotation": 270, "texture": "#1"},
				"east": {"uv": [10, 6, 10, 6], "rotation": 270, "texture": "#1"},
				"south": {"uv": [10, 6, 10, 6], "rotation": 270, "texture": "#1"},
				"west": {"uv": [10, 6, 10, 6], "rotation": 270, "texture": "#1"},
				"up": {"uv": [10, 6, 10, 6], "rotation": 270, "texture": "#1"},
				"down": {"uv": [10, 6, 10, 6], "rotation": 270, "texture": "#1"}
			}
		},
		{
			"from": [7.49876, 3.92876, -6.69034],
			"to": [9.01496, 4.02352, 8.04491],
			"rotation": {"angle": 0, "axis": "y", "origin": [8.25685, 7.73999, 4.29866]},
			"faces": {
				"north": {"uv": [10, 6, 10, 6], "rotation": 270, "texture": "#1"},
				"east": {"uv": [10, 6, 10, 6], "rotation": 270, "texture": "#1"},
				"south": {"uv": [10, 6, 10, 6], "rotation": 270, "texture": "#1"},
				"west": {"uv": [10, 6, 10, 6], "rotation": 270, "texture": "#1"},
				"up": {"uv": [10, 6, 10, 6], "rotation": 270, "texture": "#1"},
				"down": {"uv": [10, 6, 10, 6], "rotation": 270, "texture": "#1"}
			}
		},
		{
			"from": [7.49876, 3.92876, -6.69034],
			"to": [9.01496, 4.02352, 8.04491],
			"rotation": {"angle": -22.5, "axis": "z", "origin": [8.25685, 7.73999, 4.29866]},
			"faces": {
				"north": {"uv": [10, 6, 10, 6], "rotation": 270, "texture": "#1"},
				"east": {"uv": [10, 6, 10, 6], "rotation": 270, "texture": "#1"},
				"south": {"uv": [10, 6, 10, 6], "rotation": 270, "texture": "#1"},
				"west": {"uv": [10, 6, 10, 6], "rotation": 270, "texture": "#1"},
				"up": {"uv": [10, 6, 10, 6], "rotation": 270, "texture": "#1"},
				"down": {"uv": [10, 6, 10, 6], "rotation": 270, "texture": "#1"}
			}
		},
		{
			"from": [7.49876, 3.92876, -6.69034],
			"to": [9.01496, 4.02352, 8.04491],
			"rotation": {"angle": -45, "axis": "z", "origin": [8.25685, 7.73999, 4.29866]},
			"faces": {
				"north": {"uv": [10, 6, 10, 6], "rotation": 270, "texture": "#1"},
				"east": {"uv": [10, 6, 10, 6], "rotation": 270, "texture": "#1"},
				"south": {"uv": [10, 6, 10, 6], "rotation": 270, "texture": "#1"},
				"west": {"uv": [10, 6, 10, 6], "rotation": 270, "texture": "#1"},
				"up": {"uv": [10, 6, 10, 6], "rotation": 270, "texture": "#1"},
				"down": {"uv": [10, 6, 10, 6], "rotation": 270, "texture": "#1"}
			}
		},
		{
			"from": [7.49876, 3.92876, 8.04491],
			"to": [9.01496, 4.02352, 22.78016],
			"rotation": {"angle": -22.5, "axis": "z", "origin": [8.25685, 7.73999, 19.03391]},
			"faces": {
				"north": {"uv": [10, 6, 10, 6], "rotation": 270, "texture": "#1"},
				"east": {"uv": [10, 6, 10, 6], "rotation": 270, "texture": "#1"},
				"south": {"uv": [10, 6, 10, 6], "rotation": 270, "texture": "#1"},
				"west": {"uv": [10, 6, 10, 6], "rotation": 270, "texture": "#1"},
				"up": {"uv": [10, 6, 10, 6], "rotation": 270, "texture": "#1"},
				"down": {"uv": [10, 6, 10, 6], "rotation": 270, "texture": "#1"}
			}
		},
		{
			"from": [7.49876, 3.92876, 8.04491],
			"to": [9.01496, 4.02352, 22.78016],
			"rotation": {"angle": -45, "axis": "z", "origin": [8.25685, 7.73999, 19.03391]},
			"faces": {
				"north": {"uv": [10, 6, 10, 6], "rotation": 270, "texture": "#1"},
				"east": {"uv": [10, 6, 10, 6], "rotation": 270, "texture": "#1"},
				"south": {"uv": [10, 6, 10, 6], "rotation": 270, "texture": "#1"},
				"west": {"uv": [10, 6, 10, 6], "rotation": 270, "texture": "#1"},
				"up": {"uv": [10, 6, 10, 6], "rotation": 270, "texture": "#1"},
				"down": {"uv": [10, 6, 10, 6], "rotation": 270, "texture": "#1"}
			}
		},
		{
			"from": [4.44562, 6.98188, 8.04491],
			"to": [4.54038, 8.49808, 22.78016],
			"rotation": {"angle": 22.5, "axis": "z", "origin": [8.25685, 7.73999, 19.03391]},
			"faces": {
				"north": {"uv": [10, 6, 10, 6], "rotation": 180, "texture": "#1"},
				"east": {"uv": [10, 6, 10, 6], "rotation": 180, "texture": "#1"},
				"south": {"uv": [10, 6, 10, 6], "rotation": 180, "texture": "#1"},
				"west": {"uv": [10, 6, 10, 6], "rotation": 180, "texture": "#1"},
				"up": {"uv": [10, 6, 10, 6], "rotation": 180, "texture": "#1"},
				"down": {"uv": [10, 6, 10, 6], "rotation": 180, "texture": "#1"}
			}
		},
		{
			"from": [4.44562, 6.98188, 8.04491],
			"to": [4.54038, 8.49808, 22.78016],
			"rotation": {"angle": 0, "axis": "y", "origin": [8.25685, 7.73999, 19.03391]},
			"faces": {
				"north": {"uv": [10, 6, 10, 6], "texture": "#1"},
				"east": {"uv": [10, 6, 10, 6], "texture": "#1"},
				"south": {"uv": [10, 6, 10, 6], "texture": "#1"},
				"west": {"uv": [10, 6, 10, 6], "texture": "#1"},
				"up": {"uv": [10, 6, 10, 6], "texture": "#1"},
				"down": {"uv": [10, 6, 10, 6], "texture": "#1"}
			}
		},
		{
			"from": [4.44562, 6.98188, 8.04491],
			"to": [4.54038, 8.49808, 22.78016],
			"rotation": {"angle": -22.5, "axis": "z", "origin": [8.25685, 7.73999, 19.03391]},
			"faces": {
				"north": {"uv": [10, 6, 10, 6], "rotation": 180, "texture": "#1"},
				"east": {"uv": [10, 6, 10, 6], "rotation": 180, "texture": "#1"},
				"south": {"uv": [10, 6, 10, 6], "rotation": 180, "texture": "#1"},
				"west": {"uv": [10, 6, 10, 6], "rotation": 180, "texture": "#1"},
				"up": {"uv": [10, 6, 10, 6], "rotation": 180, "texture": "#1"},
				"down": {"uv": [10, 6, 10, 6], "rotation": 180, "texture": "#1"}
			}
		},
		{
			"from": [4.44562, 6.98188, -6.69034],
			"to": [4.54038, 8.49808, 8.04491],
			"rotation": {"angle": -22.5, "axis": "z", "origin": [8.25685, 7.73999, 4.29866]},
			"faces": {
				"north": {"uv": [10, 6, 10, 6], "rotation": 180, "texture": "#1"},
				"east": {"uv": [10, 6, 10, 6], "rotation": 180, "texture": "#1"},
				"south": {"uv": [10, 6, 10, 6], "rotation": 180, "texture": "#1"},
				"west": {"uv": [10, 6, 10, 6], "rotation": 180, "texture": "#1"},
				"up": {"uv": [10, 6, 10, 6], "rotation": 180, "texture": "#1"},
				"down": {"uv": [10, 6, 10, 6], "rotation": 180, "texture": "#1"}
			}
		},
		{
			"from": [4.44562, 6.98188, -6.69034],
			"to": [4.54038, 8.49808, 8.04491],
			"rotation": {"angle": 0, "axis": "y", "origin": [8.25685, 7.73999, 4.29866]},
			"faces": {
				"north": {"uv": [10, 6, 10, 6], "texture": "#1"},
				"east": {"uv": [10, 6, 10, 6], "texture": "#1"},
				"south": {"uv": [10, 6, 10, 6], "texture": "#1"},
				"west": {"uv": [10, 6, 10, 6], "texture": "#1"},
				"up": {"uv": [10, 6, 10, 6], "texture": "#1"},
				"down": {"uv": [10, 6, 10, 6], "texture": "#1"}
			}
		},
		{
			"from": [4.44562, 6.98188, -6.69034],
			"to": [4.54038, 8.49808, 8.04491],
			"rotation": {"angle": 22.5, "axis": "z", "origin": [8.25685, 7.73999, 4.29866]},
			"faces": {
				"north": {"uv": [10, 6, 10, 6], "rotation": 180, "texture": "#1"},
				"east": {"uv": [10, 6, 10, 6], "rotation": 180, "texture": "#1"},
				"south": {"uv": [10, 6, 10, 6], "rotation": 180, "texture": "#1"},
				"west": {"uv": [10, 6, 10, 6], "rotation": 180, "texture": "#1"},
				"up": {"uv": [10, 6, 10, 6], "rotation": 180, "texture": "#1"},
				"down": {"uv": [10, 6, 10, 6], "rotation": 180, "texture": "#1"}
			}
		},
		{
			"from": [4.44562, 6.98188, 8.04491],
			"to": [4.54038, 8.49808, 22.78016],
			"rotation": {"angle": -45, "axis": "z", "origin": [8.25685, 7.73999, 19.03391]},
			"faces": {
				"north": {"uv": [10, 6, 10, 6], "texture": "#1"},
				"east": {"uv": [10, 6, 10, 6], "texture": "#1"},
				"south": {"uv": [10, 6, 10, 6], "texture": "#1"},
				"west": {"uv": [10, 6, 10, 6], "texture": "#1"},
				"up": {"uv": [10, 6, 10, 6], "texture": "#1"},
				"down": {"uv": [10, 6, 10, 6], "texture": "#1"}
			}
		}
	],
	"display": {
		"thirdperson_righthand": {
			"rotation": [104, 0, 0],
			"translation": [0.25, 0.25, 0.25],
			"scale": [0.2, 0.2, 0.2]
		},
		"thirdperson_lefthand": {
			"rotation": [104, 0, 0],
			"translation": [0.25, 0.25, 0.25],
			"scale": [0.2, 0.2, 0.2]
		},
		"firstperson_righthand": {
			"rotation": [76, 0, 0],
			"translation": [5.75, -3.75, -5.75],
			"scale": [0.25, 0.25, 0.25]
		},
		"firstperson_lefthand": {
			"rotation": [76, 0, 0],
			"translation": [5.75, -3.75, -5.75],
			"scale": [0.25, 0.25, 0.25]
		},
		"ground": {
			"rotation": [0, -90, 0],
			"translation": [0.5, 0.75, -0.25],
			"scale": [0.2, 0.2, 0.2]
		},
		"gui": {
			"rotation": [72, 41, -56],
			"translation": [0.25, 0.25, 0],
			"scale": [0.5, 0.5, 0.5]
		},
		"head": {
			"rotation": [90, -76, 0],
			"translation": [3.5, -22, 3.5],
			"scale": [0.2, 0.2, 0.2]
		},
		"fixed": {
			"rotation": [0, 76, 0],
			"translation": [-0.25, -14.5, -5],
			"scale": [0.4, 0.4, 0.4]
		}
	}
}