{
	"credit": "Made with Blockbench",
	"textures": {
		"0": "block/green_terracotta",
		"1": "block/anvil",
		"2": "block/stone",
		"particle": "block/green_terracotta"
	},
	"elements": [
		{
			"name": "missile_front",
			"from": [7.4324, 2.6824, 2.2932],
			"to": [8.5676, 3.8176, 2.8608],
			"rotation": {"angle": 0, "axis": "y", "origin": [8, 6.6556, 6.834]},
			"faces": {
				"north": {"uv": [0, 0, 2, 2], "texture": "#0"},
				"east": {"uv": [0, 0, 1, 2], "texture": "#0"},
				"south": {"uv": [0, 0, 2, 2], "texture": "#0"},
				"west": {"uv": [0, 0, 1, 2], "texture": "#0"},
				"up": {"uv": [0, 0, 2, 1], "texture": "#0"},
				"down": {"uv": [0, 0, 2, 1], "texture": "#0"}
			}
		},
		{
			"name": "missile_body",
			"from": [6.8648, 2.1148, 3.996],
			"to": [9.1352, 4.3852, 9.672],
			"rotation": {"angle": 0, "axis": "y", "origin": [8, 6.6556, 6.834]},
			"faces": {
				"north": {"uv": [0, 0, 4, 4], "texture": "#1"},
				"east": {"uv": [0, 0, 10, 4], "texture": "#1"},
				"south": {"uv": [0, 0, 4, 4], "texture": "#1"},
				"west": {"uv": [0, 0, 10, 4], "texture": "#1"},
				"up": {"uv": [0, 0, 4, 10], "texture": "#1"},
				"down": {"uv": [0, 0, 4, 10], "texture": "#1"}
			}
		},
		{
			"name": "missile_back_1",
			"from": [6.8648, 2.1148, 10.2396],
			"to": [9.1352, 2.6824, 11.3748],
			"rotation": {"angle": 0, "axis": "y", "origin": [8, 6.6556, 6.834]},
			"faces": {
				"north": {"uv": [0, 0, 4, 1], "texture": "#1"},
				"east": {"uv": [0, 0, 2, 1], "texture": "#1"},
				"south": {"uv": [0, 0, 4, 1], "texture": "#1"},
				"west": {"uv": [0, 0, 2, 1], "texture": "#1"},
				"up": {"uv": [0, 0, 4, 2], "texture": "#1"},
				"down": {"uv": [0, 0, 4, 2], "texture": "#1"}
			}
		},
		{
			"name": "Cube",
			"from": [6.97832, 2.22832, 9.672],
			"to": [9.02168, 4.27168, 10.2396],
			"rotation": {"angle": 0, "axis": "y", "origin": [8, 6.6556, 6.834]},
			"faces": {
				"north": {"uv": [0, 0, 3.6, 3.6], "texture": "#0"},
				"east": {"uv": [0, 0, 1, 3.6], "texture": "#0"},
				"south": {"uv": [0, 0, 10.6, 1.6], "texture": "#0"},
				"west": {"uv": [0, 0, -8, -2.4], "texture": "#0"},
				"up": {"uv": [0, 0, 3.6, 1], "texture": "#0"},
				"down": {"uv": [0, 0, 3.6, 1], "texture": "#0"}
			}
		},
		{
			"name": "missile_back_2",
			"from": [6.8648, 3.8176, 10.2396],
			"to": [9.1352, 4.3852, 11.3748],
			"rotation": {"angle": 0, "axis": "y", "origin": [8, 6.6556, 6.834]},
			"faces": {
				"north": {"uv": [0, 0, 4, 1], "texture": "#1"},
				"east": {"uv": [0, 0, 2, 1], "texture": "#1"},
				"south": {"uv": [0, 0, 4, 1], "texture": "#1"},
				"west": {"uv": [0, 0, 2, 1], "texture": "#1"},
				"up": {"uv": [0, 0, 4, 2], "texture": "#1"},
				"down": {"uv": [0, 0, 4, 2], "texture": "#1"}
			}
		},
		{
			"name": "missile_back_3",
			"from": [6.8648, 2.6824, 10.2396],
			"to": [7.4324, 3.8176, 11.3748],
			"rotation": {"angle": 0, "axis": "y", "origin": [8, 6.6556, 6.834]},
			"faces": {
				"north": {"uv": [0, 0, 1, 2], "texture": "#1"},
				"east": {"uv": [0, 0, 2, 2], "texture": "#1"},
				"south": {"uv": [0, 0, 1, 2], "texture": "#1"},
				"west": {"uv": [0, 0, 2, 2], "texture": "#1"},
				"up": {"uv": [0, 0, 1, 2], "texture": "#1"},
				"down": {"uv": [0, 0, 1, 2], "texture": "#1"}
			}
		},
		{
			"name": "missile_back_4",
			"from": [8.5676, 2.6824, 10.2396],
			"to": [9.1352, 3.8176, 11.3748],
			"rotation": {"angle": 0, "axis": "y", "origin": [8, 6.6556, 6.834]},
			"faces": {
				"north": {"uv": [0, 0, 1, 2], "texture": "#1"},
				"east": {"uv": [0, 0, 2, 2], "texture": "#1"},
				"south": {"uv": [0, 0, 1, 2], "texture": "#1"},
				"west": {"uv": [0, 0, 2, 2], "texture": "#1"},
				"up": {"uv": [0, 0, 1, 2], "texture": "#1"},
				"down": {"uv": [0, 0, 1, 2], "texture": "#1"}
			}
		},
		{
			"name": "missile_front_2",
			"from": [7.1486, 2.3986, 2.8608],
			"to": [8.8514, 4.1014, 3.4284],
			"rotation": {"angle": 0, "axis": "y", "origin": [8, 6.6556, 6.834]},
			"faces": {
				"north": {"uv": [0, 0, 3, 3], "texture": "#0"},
				"east": {"uv": [0, 0, 1, 3], "texture": "#0"},
				"south": {"uv": [0, 0, 3, 3], "texture": "#0"},
				"west": {"uv": [0, 0, 1, 3], "texture": "#0"},
				"up": {"uv": [0, 0, 3, 1], "texture": "#0"},
				"down": {"uv": [0, 0, 3, 1], "texture": "#0"}
			}
		},
		{
			"name": "missile_front_3",
			"from": [6.8648, 2.1148, 3.4284],
			"to": [9.1352, 4.3852, 3.996],
			"rotation": {"angle": 0, "axis": "y", "origin": [8, 6.6556, 6.834]},
			"faces": {
				"north": {"uv": [0, 0, 4, 4], "texture": "#0"},
				"east": {"uv": [0, 0, 1, 4], "texture": "#0"},
				"south": {"uv": [0, 0, 4, 4], "texture": "#0"},
				"west": {"uv": [0, 0, 1, 4], "texture": "#0"},
				"up": {"uv": [0, 0, 4, 1], "texture": "#0"},
				"down": {"uv": [0, 0, 4, 1], "texture": "#0"}
			}
		},
		{
			"name": "fin_1",
			"from": [7.7162, 3.25, 7.4016],
			"to": [8.2838, 4.3852, 9.1044],
			"rotation": {"angle": -22.5, "axis": "x", "origin": [8, 4.3852, 7.4016]},
			"faces": {
				"north": {"uv": [0, 0, 1, 2], "texture": "#2"},
				"east": {"uv": [0, 0, 3, 2], "texture": "#2"},
				"south": {"uv": [0, 0, 1, 2], "texture": "#2"},
				"west": {"uv": [0, 0, 3, 2], "texture": "#2"},
				"up": {"uv": [0, 0, 1, 3], "texture": "#2"},
				"down": {"uv": [0, 0, 1, 3], "texture": "#2"}
			}
		},
		{
			"name": "fin_2",
			"from": [7.7162, 2.1148, 7.4016],
			"to": [8.2838, 3.25, 9.1044],
			"rotation": {"angle": 22.5, "axis": "x", "origin": [8, 2.1148, 7.4016]},
			"faces": {
				"north": {"uv": [0, 0, 1, 2], "texture": "#2"},
				"east": {"uv": [0, 0, 3, 2], "texture": "#2"},
				"south": {"uv": [0, 0, 1, 2], "texture": "#2"},
				"west": {"uv": [0, 0, 3, 2], "texture": "#2"},
				"up": {"uv": [0, 0, 1, 3], "texture": "#2"},
				"down": {"uv": [0, 0, 1, 3], "texture": "#2"}
			}
		},
		{
			"name": "fin_3",
			"from": [6.8648, 2.9662, 7.4016],
			"to": [8, 3.5338, 9.1044],
			"rotation": {"angle": -22.5, "axis": "y", "origin": [6.8648, 3.25, 7.4016]},
			"faces": {
				"north": {"uv": [0, 0, 2, 1], "texture": "#2"},
				"east": {"uv": [0, 0, 3, 1], "texture": "#2"},
				"south": {"uv": [0, 0, 2, 1], "texture": "#2"},
				"west": {"uv": [0, 0, 3, 1], "texture": "#2"},
				"up": {"uv": [0, 0, -1, 3], "texture": "#2"},
				"down": {"uv": [0, 0, 2, 3], "texture": "#2"}
			}
		},
		{
			"name": "fin_4",
			"from": [8, 2.9662, 7.4016],
			"to": [9.1352, 3.5338, 9.1044],
			"rotation": {"angle": 22.5, "axis": "y", "origin": [9.1352, 3.25, 7.4016]},
			"faces": {
				"north": {"uv": [0, 0, 2, 1], "texture": "#2"},
				"east": {"uv": [0, 0, 3, 1], "texture": "#2"},
				"south": {"uv": [0, 0, 2, 1], "texture": "#2"},
				"west": {"uv": [0, 0, 3, 1], "texture": "#2"},
				"up": {"uv": [0, 0, 2, 3], "texture": "#2"},
				"down": {"uv": [0, 0, 2, 3], "texture": "#2"}
			}
		}
	],
	"display": {
		"thirdperson_righthand": {
			"rotation": [0, 0, 45],
			"translation": [-4.25, 6.75, 3.5],
			"scale": [1.5, 1.5, 1.5]
		},
		"thirdperson_lefthand": {
			"rotation": [0, 0, 45],
			"translation": [-4.25, 6.75, 3.5],
			"scale": [1.5, 1.5, 1.5]
		},
		"firstperson_righthand": {
			"rotation": [0, 21, 45],
			"translation": [-6.5, 7.5, 5.5]
		},
		"firstperson_lefthand": {
			"rotation": [0, 21, 45],
			"translation": [-6.5, 7.5, 5.5]
		},
		"ground": {
			"rotation": [0, 0, 45],
			"translation": [-4.75, 2.5, 2],
			"scale": [1.5, 1.5, 1.5]
		},
		"gui": {
			"rotation": [60, 45, -45],
			"translation": [6, 6.25, 0],
			"scale": [2, 2, 2]
		},
		"head": {
			"rotation": [90, -30, 90],
			"translation": [-6.75, -12.25, 5.5],
			"scale": [-2, 2, 2]
		},
		"fixed": {
			"rotation": [0, 75, 45],
			"translation": [0, -4.25, 0],
			"scale": [2.5, 2.5, 2.5]
		}
	},
	"groups": [
		{
			"name": "group",
			"origin": [8, 8, 8],
			"children": [0, 1, 2, 3, 4, 5, 6, 7, 8, 9, 10, 11, 12]
		}
	]
}