{
	"credit": "Made with Blockbench",
	"textures": {
		"1": "block/orange_concrete_powder",
		"2": "block/yellow_concrete_powder",
		"particle": "block/orange_concrete_powder"
	},
	"elements": [
		{
			"name": "Voxels",
			"from": [8.1, 5.1, 7.55],
			"to": [8.55, 5.55, 7.65],
			"rotation": {"angle": 0, "axis": "x", "origin": [8, 5, 7.55]},
			"faces": {
				"north": {"uv": [0.5, 1.5, 4.5, 5.5], "texture": "#1"},
				"east": {"uv": [1, 0, 2, 4], "rotation": 180, "texture": "#1"},
				"south": {"uv": [0.5, 1.5, 4.5, 5.5], "rotation": 180, "texture": "#1"},
				"west": {"uv": [1, 0, 2, 4], "texture": "#1"},
				"up": {"uv": [1, 0, 5, 1], "texture": "#1"},
				"down": {"uv": [1, 0, 5, 1], "rotation": 180, "texture": "#1"}
			}
		},
		{
			"name": "Voxels",
			"from": [8.15, 5.15, 7.5175],
			"to": [8.5, 5.5, 7.55],
			"rotation": {"angle": 0, "axis": "y", "origin": [8, 5, 7.5175]},
			"faces": {
				"north": {"uv": [3, 2, 6, 5], "texture": "#1"},
				"east": {"uv": [3, 2, 3.5, 5], "rotation": 180, "texture": "#1"},
				"south": {"uv": [3, 2, 6, 5], "rotation": 180, "texture": "#1"},
				"west": {"uv": [3, 2, 3.5, 5], "texture": "#1"},
				"up": {"uv": [3, 2, 6, 2.5], "texture": "#1"},
				"down": {"uv": [3, 2, 6, 2.5], "rotation": 180, "texture": "#1"}
			}
		},
		{
			"name": "Voxels",
			"from": [8.05, 5.05, 7.65],
			"to": [8.6, 5.6, 8],
			"rotation": {"angle": 0, "axis": "y", "origin": [8, 5, 7.65]},
			"faces": {
				"north": {"uv": [0, 0, 6, 6], "texture": "#1"},
				"east": {"uv": [0, 0, 3, 5], "rotation": 180, "texture": "#1"},
				"south": {"uv": [0, 0, 6, 6], "rotation": 180, "texture": "#1"},
				"west": {"uv": [0, 0, 3, 5], "texture": "#1"},
				"up": {"uv": [0, 0, 5, 3], "texture": "#1"},
				"down": {"uv": [0, 0, 5, 3], "rotation": 180, "texture": "#1"}
			}
		},
		{
			"name": "Voxels",
			"from": [8, 5, 8],
			"to": [8.65, 5.65, 10.15],
			"rotation": {"angle": 0, "axis": "y", "origin": [8, 5, 8]},
			"faces": {
				"north": {"uv": [2, 2, 8, 8], "texture": "#2"},
				"east": {"uv": [0, 0, 16, 5], "rotation": 180, "texture": "#2"},
				"south": {"uv": [2, 2, 8, 8], "rotation": 180, "texture": "#2"},
				"west": {"uv": [0, 0, 16, 5], "texture": "#2"},
				"up": {"uv": [0, 0, 5, 16], "texture": "#2"},
				"down": {"uv": [0, 0, 5, 16], "rotation": 180, "texture": "#2"}
			}
		},
		{
			"name": "Voxels",
			"from": [7.975, 4.975, 10.1],
			"to": [8.677, 5.677, 10.175],
			"rotation": {"angle": 0, "axis": "y", "origin": [8, 5, 10.075]},
			"faces": {
				"north": {"uv": [6, 6, 13, 13], "texture": "#2"},
				"east": {"uv": [6, 2, 7, 9], "rotation": 180, "texture": "#2"},
				"south": {"uv": [6, 6, 13, 13], "rotation": 180, "texture": "#2"},
				"west": {"uv": [6, 2, 7, 9], "texture": "#2"},
				"up": {"uv": [6, 2, 13, 3], "texture": "#2"},
				"down": {"uv": [6, 2, 13, 3], "rotation": 180, "texture": "#2"}
			}
		}
	],
	"display": {
		"thirdperson_righthand": {
			"rotation": [0, 90, 45],
			"translation": [0, 1.05, 2],
			"scale": [0.6, 0.6, 0.6]
		},
		"thirdperson_lefthand": {
			"rotation": [0, 90, 45],
			"translation": [0, 1.35, 1.75],
			"scale": [0.6, 0.6, 0.6]
		},
		"firstperson_righthand": {
			"rotation": [0, 90, 0],
			"translation": [-1.25, -4, 0]
		},
		"firstperson_lefthand": {
			"rotation": [0, 90, 0],
			"translation": [-1.25, -4, 0]
		},
		"ground": {
			"rotation": [0, 0, 90],
			"translation": [-2.75, -4.25, -1]
		},
		"gui": {
			"rotation": [60, 60, -45],
			"translation": [0, 10.25, 0],
			"scale": [4, 4, 4]
		},
		"head": {
			"translation": [2.25, -3, -7.5],
			"scale": [0.8, -0.8, 0.8]
		},
		"fixed": {
			"rotation": [0, 78, 90],
			"translation": [-1.5, -16, -0.25]
		}
	}
}