{
	"credit": "Made with Blockbench",
	"parent": "./lebel_bayonet",
	"texture_size": [32, 32],
	"textures": {
		"1": "./lebel",
		"particle": "./lebel_bayonet",
		"1_1": "./lebel_bayonet"
	},
	"elements": [
		{
			"from": [6.925, 4.27289, 17.05292],
			"to": [9.075, 6.27289, 30.30292],
			"rotation": {"angle": 22.5, "axis": "x", "origin": [8.075, 3.77289, 22.55292]},
			"faces": {
				"north": {"uv": [11, 2, 12, 3], "texture": "#1"},
				"east": {"uv": [0, 0, 6.75, 1], "texture": "#1"},
				"south": {"uv": [5, 11.5, 6, 12.5], "texture": "#1"},
				"west": {"uv": [0, 1, 6.75, 2], "texture": "#1"},
				"up": {"uv": [1, 8.75, 0, 2], "texture": "#1"},
				"down": {"uv": [2, 2, 1, 8.75], "texture": "#1"}
			}
		},
		{
			"from": [6.975, 3.01903, 27.65433],
			"to": [9.025, 6.51903, 31.65433],
			"rotation": {"angle": 0, "axis": "y", "origin": [6.275, 0.01903, 23.40433]},
			"faces": {
				"north": {"uv": [9, 8.5, 10, 10.25], "texture": "#1"},
				"east": {"uv": [5, 5, 7, 6.75], "texture": "#1"},
				"south": {"uv": [9.5, 4.5, 10.5, 6.25], "texture": "#1"},
				"west": {"uv": [7, 0, 9, 1.75], "texture": "#1"},
				"up": {"uv": [2, 11, 1, 9], "texture": "#1"}
			}
		},
		{
			"from": [6.975, 4.01903, 24.15433],
			"to": [9.025, 6.51903, 27.65433],
			"rotation": {"angle": 0, "axis": "y", "origin": [8.775, -0.48097, 24.65433]},
			"faces": {
				"north": {"uv": [10.5, 4.5, 11.5, 5.75], "texture": "#1"},
				"east": {"uv": [8, 3, 9.75, 4.25], "texture": "#1"},
				"west": {"uv": [9, 0, 10.75, 1.25], "texture": "#1"},
				"up": {"uv": [4, 11.75, 3, 10], "texture": "#1"}
			}
		},
		{
			"from": [7.025, 4.56821, 23.96239],
			"to": [8.975, 5.81821, 24.96239],
			"rotation": {"angle": -45, "axis": "x", "origin": [14.225, 5.19321, 23.71239]},
			"faces": {
				"east": {"uv": [12.5, 8.5, 13, 9.25], "texture": "#1"},
				"west": {"uv": [12.5, 10.5, 13, 11.25], "texture": "#1"},
				"up": {"uv": [6, 13, 5, 12.5], "texture": "#1"}
			}
		},
		{
			"from": [6.975, 1.26903, 29.90433],
			"to": [9.025, 3.01903, 31.65433],
			"rotation": {"angle": 0, "axis": "y", "origin": [7.775, 0.01903, 23.40433]},
			"faces": {
				"east": {"uv": [6, 11.5, 7, 12.25], "texture": "#1"},
				"south": {"uv": [11.5, 6, 12.5, 6.75], "texture": "#1"},
				"west": {"uv": [11.5, 8.5, 12.5, 9.25], "texture": "#1"},
				"down": {"uv": [12.5, 5, 11.5, 6], "texture": "#1"}
			}
		},
		{
			"from": [7, 6, 13],
			"to": [9, 8, 18.5],
			"rotation": {"angle": 0, "axis": "y", "origin": [7, 0, 23.5]},
			"faces": {
				"east": {"uv": [7.5, 6.5, 10.25, 7.5], "texture": "#1"},
				"west": {"uv": [7.5, 7.5, 10.25, 8.5], "texture": "#1"},
				"up": {"uv": [6, 11.25, 5, 8.5], "texture": "#1"},
				"down": {"uv": [7, 8.5, 6, 11.25], "texture": "#1"}
			}
		},
		{
			"from": [7, 6, 8],
			"to": [9, 8.5, 13],
			"rotation": {"angle": 0, "axis": "y", "origin": [7, 0, 23.5]},
			"faces": {
				"north": {"uv": [10.5, 6, 11.5, 7.25], "texture": "#1"},
				"east": {"uv": [5, 7, 7.5, 8.25], "texture": "#1"},
				"south": {"uv": [9, 10.5, 10, 11.75], "texture": "#1"},
				"west": {"uv": [7, 5, 9.5, 6.25], "texture": "#1"},
				"up": {"uv": [9, 11, 8, 8.5], "texture": "#1"},
				"down": {"uv": [1, 9, 0, 11.5], "texture": "#1"}
			}
		},
		{
			"from": [7.25, 6.5, 5],
			"to": [8.75, 8.5, 8],
			"rotation": {"angle": 0, "axis": "y", "origin": [3, 0, 23.5]},
			"faces": {
				"east": {"uv": [10, 3.5, 11.5, 4.5], "texture": "#1"},
				"west": {"uv": [10, 8.5, 11.5, 9.5], "texture": "#1"},
				"up": {"uv": [8.75, 12.5, 8, 11], "texture": "#1"},
				"down": {"uv": [11.75, 10.5, 11, 12], "texture": "#1"}
			}
		},
		{
			"from": [7.25, 7, -6],
			"to": [8.75, 8.5, 4],
			"rotation": {"angle": 0, "axis": "y", "origin": [5, 0, 23.5]},
			"faces": {
				"east": {"uv": [3, 3, 8, 3.75], "texture": "#1"},
				"west": {"uv": [3, 4, 8, 4.75], "texture": "#1"},
				"up": {"uv": [3.75, 10, 3, 5], "texture": "#1"},
				"down": {"uv": [4.75, 5, 4, 10], "texture": "#1"}
			}
		},
		{
			"from": [7.25, 7.75, 14],
			"to": [7.5, 8.75, 18.5],
			"rotation": {"angle": 0, "axis": "y", "origin": [7, 0, 23.5]},
			"faces": {
				"east": {"uv": [10.5, 7.5, 12.75, 8], "texture": "#1"},
				"south": {"uv": [8.5, 14, 8.75, 14.5], "texture": "#1"},
				"west": {"uv": [10.5, 8, 12.75, 8.5], "texture": "#1"},
				"up": {"uv": [12.75, 5.75, 12.5, 3.5], "texture": "#1"}
			}
		},
		{
			"from": [8.5, 7.75, 17],
			"to": [8.75, 8.75, 18.5],
			"rotation": {"angle": 0, "axis": "y", "origin": [7, 0, 23.5]},
			"faces": {
				"north": {"uv": [14, 8.5, 14.25, 9], "texture": "#1"},
				"east": {"uv": [12.5, 6.5, 13.25, 7], "texture": "#1"},
				"south": {"uv": [9, 14, 9.25, 14.5], "texture": "#1"},
				"west": {"uv": [12.5, 11.5, 13.25, 12], "texture": "#1"},
				"up": {"uv": [9.75, 14.25, 9.5, 13.5], "texture": "#1"}
			}
		},
		{
			"from": [7.25, 7.75, 11],
			"to": [8.75, 8.75, 14],
			"rotation": {"angle": 0, "axis": "y", "origin": [7, 0, 23.5]},
			"faces": {
				"east": {"uv": [8, 4.5, 9.5, 5], "texture": "#1"},
				"south": {"uv": [12.5, 12, 13.25, 12.5], "texture": "#1"},
				"west": {"uv": [11.5, 7, 13, 7.5], "texture": "#1"},
				"up": {"uv": [0.75, 13, 0, 11.5], "texture": "#1"}
			}
		},
		{
			"from": [7.5, 7.8, -10],
			"to": [8.5, 8.8, 8],
			"rotation": {"angle": 0, "axis": "y", "origin": [7, 0, 23.5]},
			"faces": {
				"north": {"uv": [1, 15, 2, 16], "texture": "#1"},
				"east": {"uv": [2, 2, 11, 2.5], "texture": "#1"},
				"west": {"uv": [2, 2.5, 11, 3], "texture": "#1"},
				"up": {"uv": [2.5, 12, 2, 3], "texture": "#1"},
				"down": {"uv": [3, 3, 2.5, 12], "texture": "#1"}
			}
		},
		{
			"from": [8.5, 6.625, -8.25],
			"to": [9, 7.125, -6.75],
			"rotation": {"angle": 0, "axis": "y", "origin": [7, 0, 23.5]},
			"faces": {
				"north": {"uv": [14.5, 4.5, 14.75, 4.75], "texture": "#1"},
				"east": {"uv": [13.5, 9, 14.25, 9.25], "texture": "#1"},
				"south": {"uv": [5, 14.5, 5.25, 14.75], "texture": "#1"},
				"west": {"uv": [10, 13.5, 10.75, 13.75], "texture": "#1"},
				"up": {"uv": [13.75, 11.25, 13.5, 10.5], "texture": "#1"},
				"down": {"uv": [11.25, 13.5, 11, 14.25], "texture": "#1"}
			}
		},
		{
			"from": [7.25, 8.5, 8],
			"to": [8.75, 9, 11],
			"rotation": {"angle": 0, "axis": "y", "origin": [7, 0, 23.5]},
			"faces": {
				"north": {"uv": [11.5, 13.5, 12.25, 13.75], "texture": "#1"},
				"east": {"uv": [12.5, 12.5, 14, 12.75], "texture": "#1"},
				"south": {"uv": [13.5, 11.5, 14.25, 11.75], "texture": "#1"},
				"west": {"uv": [13, 0, 14.5, 0.25], "texture": "#1"},
				"up": {"uv": [12.25, 5, 11.5, 3.5], "texture": "#1"}
			}
		},
		{
			"from": [7.025, 6.4, 4],
			"to": [8.975, 8.85, 5],
			"rotation": {"angle": 0, "axis": "y", "origin": [7.125, 0, 23.5]},
			"faces": {
				"north": {"uv": [10, 10.5, 11, 11.75], "texture": "#1"},
				"east": {"uv": [10, 12, 10.5, 13.25], "texture": "#1"},
				"south": {"uv": [11, 0, 12, 1.25], "texture": "#1"},
				"west": {"uv": [10.5, 12, 11, 13.25], "texture": "#1"},
				"up": {"uv": [7, 13, 6, 12.5], "texture": "#1"},
				"down": {"uv": [13.5, 6, 12.5, 6.5], "texture": "#1"}
			}
		},
		{
			"from": [7.25, 6.85, -7],
			"to": [8.75, 8.85, -6],
			"rotation": {"angle": 0, "axis": "y", "origin": [7, 0, 23.5]},
			"faces": {
				"north": {"uv": [12, 0, 12.75, 1], "texture": "#1"},
				"east": {"uv": [8, 12.5, 8.5, 13.5], "texture": "#1"},
				"south": {"uv": [12, 1, 12.75, 2], "texture": "#1"},
				"west": {"uv": [8.5, 12.5, 9, 13.5], "texture": "#1"},
				"up": {"uv": [0.75, 13.5, 0, 13], "texture": "#1"},
				"down": {"uv": [13.75, 0.5, 13, 1], "texture": "#1"}
			}
		},
		{
			"from": [7.75, 7.95, 14.05],
			"to": [8.25, 8.45, 17.05],
			"rotation": {"angle": 0, "axis": "y", "origin": [7.25, 0, 23.5]},
			"faces": {
				"east": {"uv": [13, 1, 14.5, 1.25], "texture": "#1"},
				"west": {"uv": [13, 1.5, 14.5, 1.75], "texture": "#1"},
				"up": {"uv": [13.25, 4.5, 13, 3], "texture": "#1"},
				"down": {"uv": [4.25, 13, 4, 14.5], "texture": "#1"}
			}
		},
		{
			"from": [7.5, 7.5, 14],
			"to": [8.5, 8.5, 20],
			"rotation": {"angle": 0, "axis": "y", "origin": [5, 0, 23.5]},
			"faces": {
				"north": {"uv": [7, 6.5, 7.5, 7], "texture": "#1"},
				"east": {"uv": [9, 1.5, 12, 2], "texture": "#1"},
				"south": {"uv": [13.5, 6, 14, 6.5], "texture": "#1"},
				"west": {"uv": [10, 3, 13, 3.5], "texture": "#1"},
				"up": {"uv": [4.5, 13, 4, 10], "texture": "#1"},
				"down": {"uv": [5, 10, 4.5, 13], "texture": "#1"}
			}
		},
		{
			"from": [7.75, 8.5, 17.25],
			"to": [8.25, 9, 19.75],
			"rotation": {"angle": 0, "axis": "y", "origin": [5, 0, 23.5]},
			"faces": {
				"north": {"uv": [14.5, 5, 14.75, 5.25], "texture": "#1"},
				"east": {"uv": [13.5, 3, 14.75, 3.25], "texture": "#1"},
				"south": {"uv": [14.5, 5.5, 14.75, 5.75], "texture": "#1"},
				"west": {"uv": [13.5, 3.5, 14.75, 3.75], "texture": "#1"},
				"up": {"uv": [3.25, 14.75, 3, 13.5], "texture": "#1"}
			}
		},
		{
			"from": [7.7625, 8.2625, 16.25],
			"to": [8.2625, 9.7625, 16.75],
			"rotation": {"angle": 0, "axis": "z", "origin": [8, 8.2625, 16.5125]},
			"faces": {
				"north": {"uv": [13.5, 12, 14.25, 12.25], "rotation": 90, "texture": "#1"},
				"east": {"uv": [0.75, 14, 0, 14.25], "rotation": 270, "texture": "#1"},
				"south": {"uv": [13.5, 13, 14.25, 13.25], "rotation": 270, "texture": "#1"},
				"west": {"uv": [14.25, 13.75, 13.5, 13.5], "rotation": 270, "texture": "#1"},
				"up": {"uv": [14.5, 6, 14.75, 6.25], "rotation": 270, "texture": "#1"}
			}
		},
		{
			"from": [7.6125, 9.7625, 16.15],
			"to": [8.3625, 10.2625, 16.9],
			"rotation": {"angle": 0, "axis": "z", "origin": [8, 8.2625, 16.5125]},
			"faces": {
				"north": {"uv": [10, 14, 10.25, 14.5], "rotation": 90, "texture": "#1"},
				"east": {"uv": [14.25, 11, 14, 11.5], "rotation": 270, "texture": "#1"},
				"south": {"uv": [10.5, 14, 10.75, 14.5], "rotation": 270, "texture": "#1"},
				"west": {"uv": [14.25, 11, 14, 10.5], "rotation": 270, "texture": "#1"},
				"up": {"uv": [13.5, 7, 14, 7.5], "rotation": 270, "texture": "#1"},
				"down": {"uv": [13.5, 7.5, 14, 8], "rotation": 270, "texture": "#1"}
			}
		},
		{
			"from": [7.25, 4.9, 4.25],
			"to": [8.75, 5.9, 4.75],
			"rotation": {"angle": 0, "axis": "z", "origin": [8.125, 6.775, 16.475]},
			"faces": {
				"north": {"uv": [0, 15.25, 1, 16], "texture": "#1"},
				"east": {"uv": [0, 15.25, 0.25, 16], "texture": "#1"},
				"south": {"uv": [0, 15.25, 1, 16], "texture": "#1"},
				"west": {"uv": [0, 15.25, 0.25, 16], "texture": "#1"},
				"up": {"uv": [14.75, 0.75, 14, 0.5], "texture": "#1"},
				"down": {"uv": [1.75, 14, 1, 14.25], "texture": "#1"}
			}
		},
		{
			"from": [7.75, 5.65, 4.1],
			"to": [8.25, 6.4, 4.85],
			"rotation": {"angle": 0, "axis": "z", "origin": [8.125, 6.775, 16.475]},
			"faces": {
				"north": {"uv": [14, 12.5, 14.25, 13], "texture": "#1"},
				"east": {"uv": [8, 13.5, 8.5, 14], "texture": "#1"},
				"south": {"uv": [13.5, 14, 13.75, 14.5], "texture": "#1"},
				"west": {"uv": [8.5, 13.5, 9, 14], "texture": "#1"},
				"down": {"uv": [14.25, 14, 14, 14.5], "texture": "#1"}
			}
		},
		{
			"from": [7.75, 2.15, 26.1],
			"to": [8.25, 2.9, 26.85],
			"rotation": {"angle": 0, "axis": "z", "origin": [8.125, 6.775, 16.475]},
			"faces": {
				"north": {"uv": [0, 14.5, 0.25, 15], "texture": "#1"},
				"east": {"uv": [13.5, 8.5, 14, 9], "texture": "#1"},
				"south": {"uv": [14.5, 0, 14.75, 0.5], "texture": "#1"},
				"west": {"uv": [9, 13.5, 9.5, 14], "texture": "#1"},
				"down": {"uv": [0.75, 14.5, 0.5, 15], "texture": "#1"}
			}
		},
		{
			"from": [7.25, 1.4, 26.25],
			"to": [8.75, 2.4, 26.75],
			"rotation": {"angle": 0, "axis": "z", "origin": [8.125, 6.775, 16.475]},
			"faces": {
				"north": {"uv": [0, 15.25, 1, 16], "texture": "#1"},
				"east": {"uv": [0, 15.25, 0.25, 16], "texture": "#1"},
				"south": {"uv": [0, 15.25, 1, 16], "texture": "#1"},
				"west": {"uv": [0, 15.25, 0.25, 16], "texture": "#1"},
				"up": {"uv": [2.75, 14.25, 2, 14], "texture": "#1"},
				"down": {"uv": [5.25, 14, 4.5, 14.25], "texture": "#1"}
			}
		},
		{
			"from": [7.75, 8.75, -9.5],
			"to": [8.25, 9.25, -9],
			"rotation": {"angle": 0, "axis": "y", "origin": [6.75, 0, 23.5]},
			"faces": {
				"north": {"uv": [14.5, 6.5, 14.75, 6.75], "texture": "#1"},
				"east": {"uv": [14.5, 7, 14.75, 7.25], "texture": "#1"},
				"south": {"uv": [14.5, 7.5, 14.75, 7.75], "texture": "#1"},
				"west": {"uv": [14.5, 8, 14.75, 8.25], "texture": "#1"},
				"up": {"uv": [8.75, 14.75, 8.5, 14.5], "texture": "#1"}
			}
		},
		{
			"from": [7.5, 9, 10.5],
			"to": [8.5, 9.25, 10.75],
			"rotation": {"angle": 0, "axis": "y", "origin": [6.5, 0, 23.5]},
			"faces": {
				"north": {"uv": [1.5, 14.5, 2, 14.75], "texture": "#1"},
				"east": {"uv": [14.5, 8.5, 14.75, 8.75], "texture": "#1"},
				"south": {"uv": [14.5, 1.5, 15, 1.75], "texture": "#1"},
				"west": {"uv": [9, 14.5, 9.25, 14.75], "texture": "#1"},
				"up": {"uv": [2.5, 14.75, 2, 14.5], "texture": "#1"}
			}
		},
		{
			"from": [7.5, 4.6, 19.5],
			"to": [8.5, 6.1, 20],
			"rotation": {"angle": 0, "axis": "y", "origin": [7, 0, 23.5]},
			"faces": {
				"north": {"uv": [6.5, 13, 7, 13.75], "texture": "#1"},
				"east": {"uv": [14, 4.5, 14.25, 5.25], "texture": "#1"},
				"south": {"uv": [13, 7, 13.5, 7.75], "texture": "#1"},
				"west": {"uv": [5.5, 14, 5.75, 14.75], "texture": "#1"},
				"down": {"uv": [15, 2, 14.5, 2.25], "texture": "#1"}
			}
		},
		{
			"from": [7.75, 4.9, 18.35],
			"to": [8.25, 6.15, 18.85],
			"rotation": {"angle": 0, "axis": "y", "origin": [7.25, 0, 23.5]},
			"faces": {
				"north": {"uv": [14, 6, 14.25, 6.75], "texture": "#1"},
				"east": {"uv": [6.5, 14, 6.75, 14.75], "texture": "#1"},
				"south": {"uv": [7, 14, 7.25, 14.75], "texture": "#1"},
				"west": {"uv": [14, 7, 14.25, 7.75], "texture": "#1"},
				"down": {"uv": [14.75, 9, 14.5, 9.25], "texture": "#1"}
			}
		},
		{
			"from": [7.5, 4.1, 16.75],
			"to": [8.5, 4.6, 19.75],
			"rotation": {"angle": 0, "axis": "y", "origin": [7, 0, 23.5]},
			"faces": {
				"north": {"uv": [2.5, 14.5, 3, 14.75], "texture": "#1"},
				"east": {"uv": [13, 5.5, 14.5, 5.75], "texture": "#1"},
				"south": {"uv": [14.5, 2.5, 15, 2.75], "texture": "#1"},
				"west": {"uv": [13, 8, 14.5, 8.25], "texture": "#1"},
				"up": {"uv": [2.5, 13.5, 2, 12], "texture": "#1"},
				"down": {"uv": [3, 12, 2.5, 13.5], "texture": "#1"}
			}
		},
		{
			"from": [7.5, 4.6, 16.5],
			"to": [8.5, 6.1, 17],
			"rotation": {"angle": 0, "axis": "y", "origin": [7, 0, 23.5]},
			"faces": {
				"north": {"uv": [13, 8.5, 13.5, 9.25], "texture": "#1"},
				"east": {"uv": [7.5, 14, 7.75, 14.75], "texture": "#1"},
				"south": {"uv": [13, 10.5, 13.5, 11.25], "texture": "#1"},
				"west": {"uv": [8, 14, 8.25, 14.75], "texture": "#1"},
				"down": {"uv": [4.5, 14.5, 4, 14.75], "texture": "#1"}
			}
		},
		{
			"from": [7.5, 2.62001, 5.3976],
			"to": [8.5, 5.62001, 5.6476],
			"rotation": {"angle": -22.5, "axis": "x", "origin": [8, 2.67001, 6.5976]},
			"faces": {
				"north": {"uv": [3, 12, 3.5, 13.5], "texture": "#1"},
				"east": {"uv": [12.5, 13, 12.75, 14.5], "texture": "#1"},
				"south": {"uv": [3.5, 12, 4, 13.5], "texture": "#1"},
				"west": {"uv": [13, 13, 13.25, 14.5], "texture": "#1"},
				"up": {"uv": [5, 14.75, 4.5, 14.5], "texture": "#1"}
			}
		},
		{
			"from": [7.5, 0.39763, 24.55463],
			"to": [8.5, 0.64763, 27.05463],
			"rotation": {"angle": -45, "axis": "x", "origin": [8, 0.52263, 25.55463]},
			"faces": {
				"east": {"uv": [13.5, 4, 14.75, 4.25], "texture": "#1"},
				"west": {"uv": [4.5, 13.5, 5.75, 13.75], "texture": "#1"},
				"up": {"uv": [12.5, 11.75, 12, 10.5], "texture": "#1"},
				"down": {"uv": [11.5, 12, 11, 13.25], "texture": "#1"}
			}
		},
		{
			"from": [7.5, -1.04775, 22.04032],
			"to": [8.5, -0.79775, 25.04032],
			"rotation": {"angle": -22.5, "axis": "x", "origin": [8, -0.92275, 23.04032]},
			"faces": {
				"east": {"uv": [0, 13.5, 1.5, 13.75], "texture": "#1"},
				"west": {"uv": [1.5, 13.5, 3, 13.75], "texture": "#1"},
				"up": {"uv": [9.5, 13.5, 9, 12], "texture": "#1"},
				"down": {"uv": [10, 12, 9.5, 13.5], "texture": "#1"}
			}
		},
		{
			"from": [7.5, -1.42092, 11.66427],
			"to": [8.5, -1.17092, 22.16427],
			"rotation": {"angle": 0, "axis": "x", "origin": [8, 11.92908, 19.01427]},
			"faces": {
				"east": {"uv": [10, 9.5, 15.25, 9.75], "texture": "#1"},
				"west": {"uv": [10, 10, 15.25, 10.25], "texture": "#1"},
				"up": {"uv": [7.5, 13.75, 7, 8.5], "texture": "#1"},
				"down": {"uv": [8, 8.5, 7.5, 13.75], "texture": "#1"}
			}
		},
		{
			"from": [7.5, -0.25222, 7.9589],
			"to": [8.5, 2.24778, 8.2089],
			"rotation": {"angle": -45, "axis": "x", "origin": [8, -0.75222, 6.8339]},
			"faces": {
				"north": {"uv": [11.5, 12, 12, 13.25], "texture": "#1"},
				"east": {"uv": [3.5, 13.5, 3.75, 14.75], "texture": "#1"},
				"south": {"uv": [12, 12, 12.5, 13.25], "texture": "#1"},
				"west": {"uv": [6, 13.5, 6.25, 14.75], "texture": "#1"}
			}
		},
		{
			"from": [7.5, 0.67432, 7.38077],
			"to": [8.5, 0.92432, 12.13077],
			"rotation": {"angle": 22.5, "axis": "x", "origin": [8, 0.79932, 6.63077]},
			"faces": {
				"east": {"uv": [12, 2, 14.5, 2.25], "texture": "#1"},
				"west": {"uv": [12, 2.5, 14.5, 2.75], "texture": "#1"},
				"up": {"uv": [1.5, 13.5, 1, 11], "texture": "#1"},
				"down": {"uv": [2, 11, 1.5, 13.5], "texture": "#1"}
			}
		},
		{
			"from": [7.75, 5.45, -11.4],
			"to": [8.25, 5.95, -10.9],
			"rotation": {"angle": 0, "axis": "y", "origin": [7.5, 0, 0]},
			"faces": {
				"north": {"uv": [5, 7, 5.5, 7.5], "texture": "#1_1"},
				"east": {"uv": [6, 7, 6.5, 7.5], "texture": "#1_1"},
				"south": {"uv": [7, 7, 7.5, 7.5], "texture": "#1_1"},
				"west": {"uv": [8, 0, 8.5, 0.5], "texture": "#1_1"},
				"up": {"uv": [1.5, 8.5, 1, 8], "texture": "#1_1"},
				"down": {"uv": [8.5, 1, 8, 1.5], "texture": "#1_1"}
			}
		},
		{
			"from": [7.75, 5.7, -9.9],
			"to": [8.25, 6.7, -9.4],
			"rotation": {"angle": 0, "axis": "y", "origin": [7.5, 0, 0]},
			"faces": {
				"north": {"uv": [7, 0, 7.5, 1], "texture": "#1_1"},
				"east": {"uv": [1, 7, 1.5, 8], "texture": "#1_1"},
				"south": {"uv": [7, 1, 7.5, 2], "texture": "#1_1"},
				"west": {"uv": [2, 7, 2.5, 8], "texture": "#1_1"},
				"down": {"uv": [2.5, 8, 2, 8.5], "texture": "#1_1"}
			}
		},
		{
			"from": [7.75, 5.2, -11.15],
			"to": [8.25, 5.7, -9.65],
			"rotation": {"angle": 0, "axis": "y", "origin": [7.5, 0, 0]},
			"faces": {
				"north": {"uv": [8, 2, 8.5, 2.5], "texture": "#1_1"},
				"east": {"uv": [5, 3, 6.5, 3.5], "texture": "#1_1"},
				"south": {"uv": [3, 8, 3.5, 8.5], "texture": "#1_1"},
				"west": {"uv": [5, 4, 6.5, 4.5], "texture": "#1_1"},
				"up": {"uv": [5.5, 6.5, 5, 5], "texture": "#1_1"},
				"down": {"uv": [6.5, 0, 6, 1.5], "texture": "#1_1"}
			}
		},
		{
			"from": [7.375, 6.7, -9.9],
			"to": [8.625, 8.7, -9.4],
			"rotation": {"angle": 0, "axis": "y", "origin": [7.625, 0, 0]},
			"faces": {
				"north": {"uv": [0, 2, 1.5, 4], "texture": "#1_1"},
				"east": {"uv": [1, 5, 1.5, 7], "texture": "#1_1"},
				"south": {"uv": [2, 2, 3.5, 4], "texture": "#1_1"},
				"west": {"uv": [2, 5, 2.5, 7], "texture": "#1_1"},
				"up": {"uv": [7.5, 5.5, 6, 5], "texture": "#1_1"},
				"down": {"uv": [7.5, 6, 6, 6.5], "texture": "#1_1"}
			}
		},
		{
			"from": [7.75, 7.05, -16],
			"to": [8.25, 7.8, -15.3],
			"rotation": {"angle": 0, "axis": "y", "origin": [7.5, 0.05, 0]},
			"faces": {
				"north": {"uv": [7, 2, 7.5, 3], "texture": "#1_1"},
				"east": {"uv": [3, 7, 3.5, 8], "texture": "#1_1"},
				"west": {"uv": [7, 3, 7.5, 4], "texture": "#1_1"},
				"up": {"uv": [8.5, 3.5, 8, 3], "texture": "#1_1"},
				"down": {"uv": [8.5, 4, 8, 4.5], "texture": "#1_1"}
			}
		},
		{
			"from": [7.75, 6.8, -15.3],
			"to": [8.25, 7.8, -9.8],
			"rotation": {"angle": 0, "axis": "y", "origin": [7.5, 0, 0]},
			"faces": {
				"north": {"uv": [7, 4, 7.5, 5], "texture": "#1_1"},
				"east": {"uv": [0, 0, 5.5, 1], "texture": "#1_1"},
				"west": {"uv": [0, 1, 5.5, 2], "texture": "#1_1"},
				"up": {"uv": [4.5, 8.5, 4, 3], "texture": "#1_1"},
				"down": {"uv": [0.5, 5, 0, 10.5], "texture": "#1_1"}
			}
		},
		{
			"from": [7.5, 6.8, -9.9],
			"to": [8.5, 7.8, -6.9],
			"rotation": {"angle": 0, "axis": "y", "origin": [7.5, -0.05, -0.1]},
			"faces": {
				"east": {"uv": [0, 4, 3, 5], "texture": "#1_1"},
				"west": {"uv": [4, 2, 7, 3], "texture": "#1_1"},
				"down": {"uv": [4, 4, 3, 7], "texture": "#1_1"}
			}
		}
	],
	"display": {
		"thirdperson_righthand": {
			"rotation": [18, 0, 13],
			"translation": [-2, 2.5, -7.5],
			"scale": [0.8, 0.8, 0.7]
		},
		"firstperson_righthand": {
			"rotation": [19, 11, 29],
			"translation": [-2.75, 8.75, -7.75]
		}
	}
}