{
	"credit": "Made with Blockbench",
	"texture_size": [128, 128],
	"textures": {
		"1": "./sopwith",
		"2": "block/aircraft_propeller",
		"particle": "block/aircraft_propeller"
	},
	"elements": [
		{
			"from": [5, 2.75, -10],
			"to": [6, 9.5, 3],
			"rotation": {"angle": 0, "axis": "y", "origin": [7.99956, 7.48838, -2.5]},
			"faces": {
				"north": {"uv": [6.5, 9.25, 6.625, 10.125], "texture": "#1"},
				"east": {"uv": [7, 0, 8.625, 0.875], "texture": "#1"},
				"south": {"uv": [6.625, 9.25, 6.75, 10.125], "texture": "#1"},
				"west": {"uv": [7, 0.875, 8.625, 1.75], "texture": "#1"},
				"up": {"uv": [5, 10, 4.875, 8.375], "texture": "#1"},
				"down": {"uv": [5.125, 8.375, 5, 10], "texture": "#1"}
			}
		},
		{
			"from": [6, 2.75, -10],
			"to": [10, 3.75, 3],
			"rotation": {"angle": 0, "axis": "y", "origin": [7.99956, 7.48838, -2.5]},
			"faces": {
				"north": {"uv": [9.5, 6, 10, 6.125], "texture": "#1"},
				"south": {"uv": [9.5, 6.125, 10, 6.25], "texture": "#1"},
				"up": {"uv": [8, 9.625, 7.5, 8], "texture": "#1"},
				"down": {"uv": [8.5, 8, 8, 9.625], "texture": "#1"}
			}
		},
		{
			"from": [6, 3.75, -10],
			"to": [10, 10, -3],
			"rotation": {"angle": 0, "axis": "y", "origin": [7.99956, 7.48838, -2.5]},
			"faces": {
				"north": {"uv": [8.625, 0.875, 9.125, 1.6875], "texture": "#1"},
				"east": {"uv": [8, 2.625, 8.875, 3.4375], "texture": "#1"},
				"south": {"uv": [8.625, 1.75, 9.125, 2.5625], "texture": "#1"},
				"west": {"uv": [1.25, 8.375, 2.125, 9.1875], "texture": "#1"},
				"up": {"uv": [9.125, 0.875, 8.625, 0], "texture": "#1"}
			}
		},
		{
			"from": [10, 2.75, -10],
			"to": [11, 9.5, 3],
			"rotation": {"angle": 0, "axis": "y", "origin": [7.99956, 7.48838, -2.5]},
			"faces": {
				"north": {"uv": [9, 9.25, 9.125, 10.125], "texture": "#1"},
				"east": {"uv": [7, 1.75, 8.625, 2.625], "texture": "#1"},
				"south": {"uv": [9.125, 9.25, 9.25, 10.125], "texture": "#1"},
				"west": {"uv": [6.25, 7, 7.875, 7.875], "texture": "#1"},
				"up": {"uv": [5.25, 10, 5.125, 8.375], "texture": "#1"},
				"down": {"uv": [7.375, 9, 7.25, 10.625], "texture": "#1"}
			}
		},
		{
			"from": [5, 3.22383, -11.75],
			"to": [11, 9.22383, -10],
			"rotation": {"angle": 0, "axis": "y", "origin": [16.96989, 7.48838, -2.5]},
			"faces": {
				"north": {"uv": [3.375, 8.375, 4.125, 9.125], "texture": "#1"},
				"east": {"uv": [0, 9.125, 0.25, 9.875], "texture": "#1"},
				"west": {"uv": [9.125, 0, 9.375, 0.75], "texture": "#1"},
				"up": {"uv": [6.25, 4.5, 5.5, 4.25], "texture": "#1"},
				"down": {"uv": [1, 9.125, 0.25, 9.375], "texture": "#1"}
			}
		},
		{
			"from": [5.25, 3.75, 0],
			"to": [10.75, 9.75, 11],
			"rotation": {"angle": 0, "axis": "y", "origin": [7.99868, 7.68838, -2.5]},
			"faces": {
				"north": {"uv": [4.125, 8.375, 4.8125, 9.125], "texture": "#1"},
				"east": {"uv": [7.5, 5.375, 8.875, 6.125], "texture": "#1"},
				"south": {"uv": [8.5, 8, 9.1875, 8.75], "texture": "#1"},
				"west": {"uv": [7.5, 6.125, 8.875, 6.875], "texture": "#1"},
				"up": {"uv": [5.9375, 9.25, 5.25, 7.875], "texture": "#1"},
				"down": {"uv": [6.6875, 7.875, 6, 9.25], "texture": "#1"}
			}
		},
		{
			"from": [5.5, 4.75, 11],
			"to": [10.5, 9.75, 25],
			"rotation": {"angle": 0, "axis": "y", "origin": [8, 7.93838, -2.5]},
			"faces": {
				"east": {"uv": [7.5, 4.125, 9.25, 4.75], "texture": "#1"},
				"south": {"uv": [8, 3.5, 8.625, 4.125], "texture": "#1"},
				"west": {"uv": [7.5, 4.75, 9.25, 5.375], "texture": "#1"},
				"up": {"uv": [0.625, 9.125, 0, 7.375], "texture": "#1"},
				"down": {"uv": [1.25, 7.375, 0.625, 9.125], "texture": "#1"}
			}
		},
		{
			"from": [7.5, 5.725, -12.43874],
			"to": [8.5, 6.725, -11.43874],
			"rotation": {"angle": 0, "axis": "y", "origin": [8.0677, 7.48838, -2.5]},
			"faces": {
				"north": {"uv": [7.5, 6.875, 7.625, 7], "texture": "#1"},
				"east": {"uv": [7.625, 6.875, 7.75, 7], "texture": "#1"},
				"west": {"uv": [7.75, 2.625, 7.875, 2.75], "texture": "#1"},
				"up": {"uv": [7.875, 7, 7.75, 6.875], "texture": "#1"},
				"down": {"uv": [8, 2.625, 7.875, 2.75], "texture": "#1"}
			}
		},
		{
			"from": [6.025, 9.9, -4.7],
			"to": [9.975, 11.4, -4.2],
			"rotation": {"angle": 22.5, "axis": "x", "origin": [8, 9.75, -4.45]},
			"faces": {
				"north": {"uv": [9.25, 7.625, 9.75, 7.8125], "texture": "#1"},
				"east": {"uv": [9.75, 8, 9.8125, 8.1875], "texture": "#1"},
				"south": {"uv": [9.25, 8, 9.75, 8.1875], "texture": "#1"},
				"west": {"uv": [9.875, 0, 9.9375, 0.1875], "texture": "#1"},
				"up": {"uv": [10.125, 0.6875, 9.625, 0.625], "texture": "#1"}
			}
		},
		{
			"from": [8.5, 9.24913, -11.24808],
			"to": [9.5, 10.24913, -2.74808],
			"rotation": {"angle": 0, "axis": "y", "origin": [7.99912, 7.48838, -2.5]},
			"faces": {
				"north": {"uv": [7.5, 7.875, 7.625, 8], "texture": "#1"},
				"east": {"uv": [9.25, 4.875, 10.3125, 5], "texture": "#1"},
				"south": {"uv": [7.625, 7.875, 7.75, 8], "texture": "#1"},
				"west": {"uv": [9.25, 5, 10.3125, 5.125], "texture": "#1"},
				"up": {"uv": [5.75, 10.3125, 5.625, 9.25], "texture": "#1"},
				"down": {"uv": [5.875, 9.25, 5.75, 10.3125], "texture": "#1"}
			}
		},
		{
			"from": [6.5, 9.24913, -11.24808],
			"to": [7.5, 10.24913, -2.74808],
			"rotation": {"angle": 0, "axis": "y", "origin": [7.99912, 7.48838, -2.5]},
			"faces": {
				"north": {"uv": [7.75, 7.875, 7.875, 8], "texture": "#1"},
				"east": {"uv": [9.25, 5.125, 10.3125, 5.25], "texture": "#1"},
				"south": {"uv": [9.625, 3.125, 9.75, 3.25], "texture": "#1"},
				"west": {"uv": [9.25, 5.25, 10.3125, 5.375], "texture": "#1"},
				"up": {"uv": [6, 10.3125, 5.875, 9.25], "texture": "#1"},
				"down": {"uv": [6.125, 9.25, 6, 10.3125], "texture": "#1"}
			}
		},
		{
			"from": [8.75, 9.44913, -11.99808],
			"to": [9.25, 9.94913, -11.24808],
			"rotation": {"angle": 0, "axis": "y", "origin": [7.99912, 7.48838, -2.5]},
			"faces": {
				"north": {"uv": [9.875, 5.875, 9.9375, 5.9375], "texture": "#1"},
				"east": {"uv": [9.75, 7.75, 9.875, 7.8125], "texture": "#1"},
				"west": {"uv": [9.875, 0.25, 10, 0.3125], "texture": "#1"},
				"up": {"uv": [9.9375, 0.5, 9.875, 0.375], "texture": "#1"},
				"down": {"uv": [9.9375, 2.625, 9.875, 2.75], "texture": "#1"}
			}
		},
		{
			"from": [6.75, 9.44913, -11.99808],
			"to": [7.25, 9.94913, -11.24808],
			"rotation": {"angle": 0, "axis": "y", "origin": [7.99912, 7.48838, -2.5]},
			"faces": {
				"north": {"uv": [9.875, 8, 9.9375, 8.0625], "texture": "#1"},
				"east": {"uv": [9.875, 2.75, 10, 2.8125], "texture": "#1"},
				"west": {"uv": [9.875, 2.875, 10, 2.9375], "texture": "#1"},
				"up": {"uv": [9.9375, 3.125, 9.875, 3], "texture": "#1"},
				"down": {"uv": [9.9375, 3.125, 9.875, 3.25], "texture": "#1"}
			}
		},
		{
			"from": [7.75, 9.94913, -11.74808],
			"to": [8.25, 10.44913, -1.99808],
			"rotation": {"angle": 0, "axis": "y", "origin": [8.99912, 7.48838, -2.5]},
			"faces": {
				"north": {"uv": [9.875, 8.125, 9.9375, 8.1875], "texture": "#1"},
				"east": {"uv": [9.25, 8.25, 10.5, 8.3125], "texture": "#1"},
				"south": {"uv": [10, 0, 10.0625, 0.0625], "texture": "#1"},
				"west": {"uv": [9.25, 8.375, 10.5, 8.4375], "texture": "#1"},
				"up": {"uv": [2.6875, 10.75, 2.625, 9.5], "texture": "#1"},
				"down": {"uv": [2.8125, 9.5, 2.75, 10.75], "texture": "#1"}
			}
		},
		{
			"from": [23, 5.06212, -7.18531],
			"to": [24, 17.14312, -6.18531],
			"rotation": {"angle": -22.5, "axis": "x", "origin": [7.99912, 7.48838, -2.5]},
			"faces": {
				"north": {"uv": [7.375, 9, 7.5, 10.5], "texture": "#1"},
				"east": {"uv": [9.125, 0.75, 9.25, 2.25], "texture": "#1"},
				"south": {"uv": [1, 9.125, 1.125, 10.625], "texture": "#1"},
				"west": {"uv": [1.125, 9.125, 1.25, 10.625], "texture": "#1"}
			}
		},
		{
			"from": [-8, 5.06212, -7.18531],
			"to": [-7, 17.14312, -6.18531],
			"rotation": {"angle": -22.5, "axis": "x", "origin": [7.99912, 7.48838, -2.5]},
			"faces": {
				"north": {"uv": [3.375, 9.125, 3.5, 10.625], "texture": "#1"},
				"east": {"uv": [3.5, 9.125, 3.625, 10.625], "texture": "#1"},
				"south": {"uv": [3.625, 9.125, 3.75, 10.625], "texture": "#1"},
				"west": {"uv": [3.75, 9.125, 3.875, 10.625], "texture": "#1"}
			}
		},
		{
			"from": [23, 2.76602, -1.64203],
			"to": [24, 14.84702, -0.64203],
			"rotation": {"angle": -22.5, "axis": "x", "origin": [7.99912, 7.48838, -2.5]},
			"faces": {
				"north": {"uv": [3.875, 9.125, 4, 10.625], "texture": "#1"},
				"east": {"uv": [4, 9.125, 4.125, 10.625], "texture": "#1"},
				"south": {"uv": [4.125, 9.125, 4.25, 10.625], "texture": "#1"},
				"west": {"uv": [4.25, 9.125, 4.375, 10.625], "texture": "#1"}
			}
		},
		{
			"from": [-8, 2.76602, -1.64203],
			"to": [-7, 14.84702, -0.64203],
			"rotation": {"angle": -22.5, "axis": "x", "origin": [7.99912, 7.48838, -2.5]},
			"faces": {
				"north": {"uv": [4.375, 9.125, 4.5, 10.625], "texture": "#1"},
				"east": {"uv": [4.5, 9.125, 4.625, 10.625], "texture": "#1"},
				"south": {"uv": [4.625, 9.125, 4.75, 10.625], "texture": "#1"},
				"west": {"uv": [4.75, 9.125, 4.875, 10.625], "texture": "#1"}
			}
		},
		{
			"from": [8.87819, 9.94111, -9.89187],
			"to": [9.37819, 15.87211, -8.89187],
			"rotation": {"angle": -22.5, "axis": "z", "origin": [7.99959, 7.48838, -2.5]},
			"faces": {
				"north": {"uv": [8, 9.625, 8.0625, 10.375], "texture": "#1"},
				"east": {"uv": [9.25, 9.25, 9.375, 10], "texture": "#1"},
				"south": {"uv": [8.125, 9.625, 8.1875, 10.375], "texture": "#1"},
				"west": {"uv": [9.375, 0, 9.5, 0.75], "texture": "#1"}
			}
		},
		{
			"from": [6.62101, 9.94111, -9.89187],
			"to": [7.12101, 15.87211, -8.89187],
			"rotation": {"angle": 22.5, "axis": "z", "origin": [7.99959, 7.48838, -2.5]},
			"faces": {
				"north": {"uv": [8.25, 9.625, 8.3125, 10.375], "texture": "#1"},
				"east": {"uv": [0.25, 9.375, 0.375, 10.125], "texture": "#1"},
				"south": {"uv": [8.375, 9.625, 8.4375, 10.375], "texture": "#1"},
				"west": {"uv": [0.375, 9.375, 0.5, 10.125], "texture": "#1"}
			}
		},
		{
			"from": [8.87933, 9.94064, -4.39187],
			"to": [9.37933, 15.87164, -3.39187],
			"rotation": {"angle": -22.5, "axis": "z", "origin": [7.99959, 7.48838, -2.5]},
			"faces": {
				"north": {"uv": [9.625, 8.75, 9.6875, 9.5], "texture": "#1"},
				"east": {"uv": [0.5, 9.375, 0.625, 10.125], "texture": "#1"},
				"south": {"uv": [9.625, 9.5, 9.6875, 10.25], "texture": "#1"},
				"west": {"uv": [0.625, 9.375, 0.75, 10.125], "texture": "#1"}
			}
		},
		{
			"from": [6.62148, 9.93997, -4.39187],
			"to": [7.12148, 15.87097, -3.39187],
			"rotation": {"angle": 22.5, "axis": "z", "origin": [7.99959, 7.48838, -2.5]},
			"faces": {
				"north": {"uv": [9.75, 6.875, 9.8125, 7.625], "texture": "#1"},
				"east": {"uv": [0.75, 9.375, 0.875, 10.125], "texture": "#1"},
				"south": {"uv": [9.75, 8.75, 9.8125, 9.5], "texture": "#1"},
				"west": {"uv": [0.875, 9.375, 1, 10.125], "texture": "#1"}
			}
		},
		{
			"from": [7.5, 5.55, 25.25],
			"to": [8.5, 14.55, 30.25],
			"rotation": {"angle": 0, "axis": "y", "origin": [8, 7.48838, -2.5]},
			"faces": {
				"north": {"uv": [1.25, 9.25, 1.375, 10.375], "texture": "#1"},
				"east": {"uv": [2.125, 8.375, 2.75, 9.5], "texture": "#1"},
				"south": {"uv": [1.375, 9.25, 1.5, 10.375], "texture": "#1"},
				"west": {"uv": [2.75, 8.375, 3.375, 9.5], "texture": "#1"},
				"up": {"uv": [9.5, 3.25, 9.375, 2.625], "texture": "#1"},
				"down": {"uv": [9.625, 2.625, 9.5, 3.25], "texture": "#1"}
			}
		},
		{
			"from": [7.5, 6.3, 30.25],
			"to": [8.5, 13.8, 31.25],
			"rotation": {"angle": 0, "axis": "y", "origin": [8, 7.48838, -2.5]},
			"faces": {
				"east": {"uv": [6.125, 9.25, 6.25, 10.1875], "texture": "#1"},
				"south": {"uv": [6.25, 9.25, 6.375, 10.1875], "texture": "#1"},
				"west": {"uv": [6.375, 9.25, 6.5, 10.1875], "texture": "#1"},
				"up": {"uv": [9.75, 6, 9.625, 5.875], "texture": "#1"},
				"down": {"uv": [9.75, 7.375, 9.625, 7.5], "texture": "#1"}
			}
		},
		{
			"from": [7.5, 9.55, 21.5],
			"to": [8.5, 13.55, 25],
			"rotation": {"angle": 0, "axis": "y", "origin": [8, 7.48838, -2.5]},
			"faces": {
				"north": {"uv": [7.125, 9.5, 7.25, 10], "texture": "#1"},
				"east": {"uv": [6.75, 9, 7.1875, 9.5], "texture": "#1"},
				"south": {"uv": [9.5, 8.75, 9.625, 9.25], "texture": "#1"},
				"west": {"uv": [9, 8.75, 9.4375, 9.25], "texture": "#1"},
				"up": {"uv": [8, 10.0625, 7.875, 9.625], "texture": "#1"}
			}
		},
		{
			"from": [7.5, 9.55, 19],
			"to": [8.5, 12.55, 21.5],
			"rotation": {"angle": 0, "axis": "y", "origin": [8, 7.48838, -2.5]},
			"faces": {
				"north": {"uv": [9.75, 0, 9.875, 0.375], "texture": "#1"},
				"east": {"uv": [9.25, 6.875, 9.5625, 7.25], "texture": "#1"},
				"west": {"uv": [9.25, 7.25, 9.5625, 7.625], "texture": "#1"},
				"up": {"uv": [9.875, 2.9375, 9.75, 2.625], "texture": "#1"}
			}
		},
		{
			"from": [12, -5, -8],
			"to": [13, 0, -4],
			"rotation": {"angle": 0, "axis": "y", "origin": [7.99912, 7.48838, -2.5]},
			"faces": {
				"north": {"uv": [2.875, 9.5, 3, 10.125], "texture": "#1"},
				"east": {"uv": [5.75, 7.25, 6.25, 7.875], "texture": "#1"},
				"south": {"uv": [3, 9.5, 3.125, 10.125], "texture": "#1"},
				"west": {"uv": [8.625, 3.5, 9.125, 4.125], "texture": "#1"},
				"up": {"uv": [9.625, 9.75, 9.5, 9.25], "texture": "#1"},
				"down": {"uv": [9.75, 0, 9.625, 0.5], "texture": "#1"}
			}
		},
		{
			"from": [12.025, -4.5, -8.5],
			"to": [12.975, -0.5, -3.5],
			"rotation": {"angle": 0, "axis": "y", "origin": [7.99912, 7.48838, -2.5]},
			"faces": {
				"north": {"uv": [9.625, 2.625, 9.75, 3.125], "texture": "#1"},
				"east": {"uv": [8.625, 6.875, 9.25, 7.375], "texture": "#1"},
				"south": {"uv": [9.625, 5.375, 9.75, 5.875], "texture": "#1"},
				"west": {"uv": [8.625, 7.375, 9.25, 7.875], "texture": "#1"},
				"up": {"uv": [3.25, 10.125, 3.125, 9.5], "texture": "#1"},
				"down": {"uv": [3.375, 9.5, 3.25, 10.125], "texture": "#1"}
			}
		},
		{
			"from": [3, -5, -8],
			"to": [4, 0, -4],
			"rotation": {"angle": 0, "axis": "y", "origin": [8.00088, 7.48838, -2.5]},
			"faces": {
				"north": {"uv": [9.5, 5.375, 9.625, 6], "texture": "#1"},
				"east": {"uv": [8.5, 8.75, 9, 9.375], "texture": "#1"},
				"south": {"uv": [6.75, 9.5, 6.875, 10.125], "texture": "#1"},
				"west": {"uv": [8.875, 2.625, 9.375, 3.25], "texture": "#1"},
				"up": {"uv": [9.75, 7.375, 9.625, 6.875], "texture": "#1"},
				"down": {"uv": [7.625, 9.625, 7.5, 10.125], "texture": "#1"}
			}
		},
		{
			"from": [3.025, -4.5, -8.5],
			"to": [3.975, -0.5, -3.5],
			"rotation": {"angle": 0, "axis": "y", "origin": [8.00088, 7.48838, -2.5]},
			"faces": {
				"north": {"uv": [7.625, 9.625, 7.75, 10.125], "texture": "#1"},
				"east": {"uv": [8.875, 5.375, 9.5, 5.875], "texture": "#1"},
				"south": {"uv": [7.75, 9.625, 7.875, 10.125], "texture": "#1"},
				"west": {"uv": [8.875, 5.875, 9.5, 6.375], "texture": "#1"},
				"up": {"uv": [7, 10.125, 6.875, 9.5], "texture": "#1"},
				"down": {"uv": [7.125, 9.5, 7, 10.125], "texture": "#1"}
			}
		},
		{
			"from": [7.75, -13.11805, 8.80728],
			"to": [8.25, -7.61805, 9.80728],
			"rotation": {"angle": -45, "axis": "x", "origin": [8.02312, 7.48838, -2.5]},
			"faces": {
				"north": {"uv": [4.875, 10, 4.9375, 10.6875], "texture": "#1"},
				"east": {"uv": [2.375, 9.5, 2.5, 10.1875], "texture": "#1"},
				"south": {"uv": [5, 10, 5.0625, 10.6875], "texture": "#1"},
				"west": {"uv": [2.5, 9.5, 2.625, 10.1875], "texture": "#1"},
				"down": {"uv": [9.9375, 5.375, 9.875, 5.5], "texture": "#1"}
			}
		},
		{
			"from": [7.75, -13.11805, 9.80728],
			"to": [8.25, -12.11805, 10.80728],
			"rotation": {"angle": -45, "axis": "x", "origin": [8.02312, 7.48838, -2.5]},
			"faces": {
				"east": {"uv": [9.625, 7.5, 9.75, 7.625], "texture": "#1"},
				"south": {"uv": [9.875, 5.5, 9.9375, 5.625], "texture": "#1"},
				"west": {"uv": [9.75, 0.375, 9.875, 0.5], "texture": "#1"},
				"up": {"uv": [9.9375, 5.75, 9.875, 5.625], "texture": "#1"},
				"down": {"uv": [9.9375, 5.75, 9.875, 5.875], "texture": "#1"}
			}
		},
		{
			"from": [10.31951, -2.31952, -2.18836],
			"to": [10.81951, 3.68048, -1.18836],
			"rotation": {"angle": 22.5, "axis": "x", "origin": [7.99912, 7.48838, -3.5]},
			"faces": {
				"north": {"uv": [9.5, 9.75, 9.5625, 10.5], "texture": "#1"},
				"east": {"uv": [8.5, 9.375, 8.625, 10.125], "texture": "#1"},
				"south": {"uv": [9.75, 9.5, 9.8125, 10.25], "texture": "#1"},
				"west": {"uv": [8.625, 9.375, 8.75, 10.125], "texture": "#1"}
			}
		},
		{
			"from": [10.29508, -0.42983, -10.43759],
			"to": [10.79508, 5.57017, -9.43759],
			"rotation": {"angle": -22.5, "axis": "x", "origin": [7.99912, 7.48838, -3.5]},
			"faces": {
				"north": {"uv": [0, 9.875, 0.0625, 10.625], "texture": "#1"},
				"east": {"uv": [8.75, 9.375, 8.875, 10.125], "texture": "#1"},
				"south": {"uv": [0.125, 9.875, 0.1875, 10.625], "texture": "#1"},
				"west": {"uv": [8.875, 9.375, 9, 10.125], "texture": "#1"}
			}
		},
		{
			"from": [5.18049, -2.31952, -2.18836],
			"to": [5.68049, 3.68048, -1.18836],
			"rotation": {"angle": 22.5, "axis": "x", "origin": [8.00088, 7.48838, -3.5]},
			"faces": {
				"north": {"uv": [9.875, 6.375, 9.9375, 7.125], "texture": "#1"},
				"east": {"uv": [9.375, 9.25, 9.5, 10], "texture": "#1"},
				"south": {"uv": [9.875, 7.125, 9.9375, 7.875], "texture": "#1"},
				"west": {"uv": [9.5, 0, 9.625, 0.75], "texture": "#1"}
			}
		},
		{
			"from": [5.20492, -0.42983, -10.43759],
			"to": [5.70492, 5.57017, -9.43759],
			"rotation": {"angle": -22.5, "axis": "x", "origin": [8.00088, 7.48838, -3.5]},
			"faces": {
				"north": {"uv": [9.875, 8.5, 9.9375, 9.25], "texture": "#1"},
				"east": {"uv": [2.125, 9.5, 2.25, 10.25], "texture": "#1"},
				"south": {"uv": [9.875, 9.25, 9.9375, 10], "texture": "#1"},
				"west": {"uv": [2.25, 9.5, 2.375, 10.25], "texture": "#1"}
			}
		},
		{
			"from": [4, -3, -6.99896],
			"to": [12, -2, -4.99896],
			"rotation": {"angle": 0, "axis": "y", "origin": [7.99912, 7.48838, -2.5]},
			"faces": {
				"north": {"uv": [4.5, 2.875, 5.5, 3], "texture": "#1"},
				"south": {"uv": [5.75, 2.75, 6.75, 2.875], "texture": "#1"},
				"up": {"uv": [9.875, 6.625, 8.875, 6.375], "texture": "#1"},
				"down": {"uv": [9.875, 6.625, 8.875, 6.875], "texture": "#1"}
			}
		},
		{
			"from": [-0.75, 8.5, 19.5],
			"to": [16.75, 9.5, 24],
			"rotation": {"angle": 0, "axis": "y", "origin": [8, 7.48838, -2.5]},
			"faces": {
				"north": {"uv": [8.625, 7.875, 10.8125, 8], "texture": "#1"},
				"east": {"uv": [9.25, 8.5, 9.8125, 8.625], "texture": "#1"},
				"south": {"uv": [8.875, 3.25, 11.0625, 3.375], "texture": "#1"},
				"west": {"uv": [9.25, 8.625, 9.8125, 8.75], "texture": "#1"},
				"up": {"uv": [3.4375, 7.8125, 1.25, 7.25], "texture": "#1"},
				"down": {"uv": [5.6875, 7.25, 3.5, 7.8125], "texture": "#1"}
			}
		},
		{
			"from": [0, 8.5, 24],
			"to": [16, 9.5, 28],
			"rotation": {"angle": 0, "axis": "y", "origin": [8, 7.48838, -2.5]},
			"faces": {
				"east": {"uv": [9.5, 6.25, 10, 6.375], "texture": "#1"},
				"south": {"uv": [8.875, 3.375, 10.875, 3.5], "texture": "#1"},
				"west": {"uv": [9.625, 0.5, 10.125, 0.625], "texture": "#1"},
				"up": {"uv": [3.25, 8.375, 1.25, 7.875], "texture": "#1"},
				"down": {"uv": [5.25, 7.875, 3.25, 8.375], "texture": "#1"}
			}
		},
		{
			"from": [-5, 3.2, -8.01686],
			"to": [5, 3.95, 2.98314],
			"rotation": {"angle": 0, "axis": "y", "origin": [8.01182, 7.48838, -2.5]},
			"faces": {
				"north": {"uv": [9.125, 3.875, 10.375, 4], "texture": "#1"},
				"south": {"uv": [9.125, 4, 10.375, 4.125], "texture": "#1"},
				"up": {"uv": [2.5, 5.875, 1.25, 4.5], "texture": "#1"},
				"down": {"uv": [5.75, 1.5, 4.5, 2.875], "texture": "#1"}
			}
		},
		{
			"from": [11, 3.2, -8.01686],
			"to": [21, 3.95, 2.98314],
			"rotation": {"angle": 0, "axis": "y", "origin": [8.01182, 7.48838, -2.5]},
			"faces": {
				"north": {"uv": [9.25, 0.75, 10.5, 0.875], "texture": "#1"},
				"south": {"uv": [9.25, 0.875, 10.5, 1], "texture": "#1"},
				"up": {"uv": [3.75, 5.875, 2.5, 4.5], "texture": "#1"},
				"down": {"uv": [5, 4.5, 3.75, 5.875], "texture": "#1"}
			}
		},
		{
			"from": [-15, 3.2, -8.01686],
			"to": [-5, 3.95, 2.98314],
			"rotation": {"angle": 0, "axis": "y", "origin": [8.01182, 7.48838, -2.5]},
			"faces": {
				"north": {"uv": [9.25, 1, 10.5, 1.125], "texture": "#1"},
				"south": {"uv": [9.25, 1.125, 10.5, 1.25], "texture": "#1"},
				"west": {"uv": [9.125, 2.25, 10.5, 2.375], "texture": "#1"},
				"up": {"uv": [6.25, 5.875, 5, 4.5], "texture": "#1"},
				"down": {"uv": [6.75, 2.875, 5.5, 4.25], "texture": "#1"}
			}
		},
		{
			"from": [21, 3.2, -8.01686],
			"to": [31, 3.95, 2.98314],
			"rotation": {"angle": 0, "axis": "y", "origin": [8.01182, 7.48838, -2.5]},
			"faces": {
				"north": {"uv": [9.25, 1.25, 10.5, 1.375], "texture": "#1"},
				"east": {"uv": [9.125, 2.375, 10.5, 2.5], "texture": "#1"},
				"south": {"uv": [9.25, 1.375, 10.5, 1.5], "texture": "#1"},
				"up": {"uv": [7, 1.375, 5.75, 0], "texture": "#1"},
				"down": {"uv": [7, 1.375, 5.75, 2.75], "texture": "#1"}
			}
		},
		{
			"from": [-5, 14.5, -11.99721],
			"to": [5, 15.25, -0.99721],
			"rotation": {"angle": 0, "axis": "y", "origin": [7.99912, 7.48838, -2.5]},
			"faces": {
				"north": {"uv": [9.25, 1.5, 10.5, 1.625], "texture": "#1"},
				"east": {"uv": [9.125, 2.5, 10.5, 2.625], "texture": "#1"},
				"south": {"uv": [9.25, 1.625, 10.5, 1.75], "texture": "#1"},
				"up": {"uv": [2.5, 7.25, 1.25, 5.875], "texture": "#1"},
				"down": {"uv": [3.75, 5.875, 2.5, 7.25], "texture": "#1"}
			}
		},
		{
			"from": [5, 14.5, -11.99721],
			"to": [11, 15.25, -2.99721],
			"rotation": {"angle": 0, "axis": "y", "origin": [7.99912, 7.48838, -2.5]},
			"faces": {
				"north": {"uv": [6.75, 4.125, 7.5, 4.25], "texture": "#1"},
				"south": {"uv": [7, 2.625, 7.75, 2.75], "texture": "#1"},
				"up": {"uv": [7.5, 9, 6.75, 7.875], "texture": "#1"},
				"down": {"uv": [8.625, 6.875, 7.875, 8], "texture": "#1"}
			}
		},
		{
			"from": [11, 14.5, -11.99721],
			"to": [21, 15.25, -0.99721],
			"rotation": {"angle": 0, "axis": "y", "origin": [7.99912, 7.48838, -2.5]},
			"faces": {
				"north": {"uv": [9.25, 1.75, 10.5, 1.875], "texture": "#1"},
				"south": {"uv": [9.25, 1.875, 10.5, 2], "texture": "#1"},
				"west": {"uv": [9.125, 3.5, 10.5, 3.625], "texture": "#1"},
				"up": {"uv": [5, 7.25, 3.75, 5.875], "texture": "#1"},
				"down": {"uv": [6.25, 5.875, 5, 7.25], "texture": "#1"}
			}
		},
		{
			"from": [-15, 14.5, -11.99721],
			"to": [-5, 15.25, -0.99721],
			"rotation": {"angle": 0, "axis": "y", "origin": [7.99912, 7.48838, -2.5]},
			"faces": {
				"north": {"uv": [9.25, 2, 10.5, 2.125], "texture": "#1"},
				"south": {"uv": [9.25, 2.125, 10.5, 2.25], "texture": "#1"},
				"west": {"uv": [9.125, 3.625, 10.5, 3.75], "texture": "#1"},
				"up": {"uv": [1.25, 7.375, 0, 6], "texture": "#1"},
				"down": {"uv": [7.5, 4.25, 6.25, 5.625], "texture": "#1"}
			}
		},
		{
			"from": [-16, 3.2, -7.01686],
			"to": [-15, 3.95, 1.98314],
			"rotation": {"angle": 0, "axis": "y", "origin": [8.01182, 7.48838, -2.5]},
			"faces": {
				"north": {"uv": [9.75, 3, 9.875, 3.125], "texture": "#1"},
				"south": {"uv": [9.75, 3.125, 9.875, 3.25], "texture": "#1"},
				"west": {"uv": [9.25, 4.375, 10.375, 4.5], "texture": "#1"},
				"up": {"uv": [1.625, 10.375, 1.5, 9.25], "texture": "#1"},
				"down": {"uv": [1.75, 9.25, 1.625, 10.375], "texture": "#1"}
			}
		},
		{
			"from": [-16, 14.5, -10.99721],
			"to": [-15, 15.25, -1.99721],
			"rotation": {"angle": 0, "axis": "y", "origin": [7.99912, 7.48838, -2.5]},
			"faces": {
				"north": {"uv": [9.75, 5.375, 9.875, 5.5], "texture": "#1"},
				"south": {"uv": [9.75, 5.5, 9.875, 5.625], "texture": "#1"},
				"west": {"uv": [9.25, 4.5, 10.375, 4.625], "texture": "#1"},
				"up": {"uv": [1.875, 10.375, 1.75, 9.25], "texture": "#1"},
				"down": {"uv": [2, 9.25, 1.875, 10.375], "texture": "#1"}
			}
		},
		{
			"from": [31, 3.2, -7.01686],
			"to": [32, 3.95, 1.98314],
			"rotation": {"angle": 0, "axis": "y", "origin": [7.98818, 7.48838, -2.5]},
			"faces": {
				"north": {"uv": [9.75, 5.625, 9.875, 5.75], "texture": "#1"},
				"east": {"uv": [9.25, 4.625, 10.375, 4.75], "texture": "#1"},
				"south": {"uv": [9.75, 5.75, 9.875, 5.875], "texture": "#1"},
				"up": {"uv": [2.125, 10.375, 2, 9.25], "texture": "#1"},
				"down": {"uv": [5.375, 9.25, 5.25, 10.375], "texture": "#1"}
			}
		},
		{
			"from": [31, 14.5, -10.99721],
			"to": [32, 15.25, -1.99721],
			"rotation": {"angle": 0, "axis": "y", "origin": [8.00088, 7.48838, -2.5]},
			"faces": {
				"north": {"uv": [9.75, 5.875, 9.875, 6], "texture": "#1"},
				"east": {"uv": [9.25, 4.75, 10.375, 4.875], "texture": "#1"},
				"south": {"uv": [9.75, 7.625, 9.875, 7.75], "texture": "#1"},
				"up": {"uv": [5.5, 10.375, 5.375, 9.25], "texture": "#1"},
				"down": {"uv": [5.625, 9.25, 5.5, 10.375], "texture": "#1"}
			}
		},
		{
			"from": [21, 14.5, -11.99721],
			"to": [31, 15.25, -0.99721],
			"rotation": {"angle": 0, "axis": "y", "origin": [7.99912, 7.48838, -2.5]},
			"faces": {
				"north": {"uv": [9.25, 4.125, 10.5, 4.25], "texture": "#1"},
				"east": {"uv": [9.125, 3.75, 10.5, 3.875], "texture": "#1"},
				"south": {"uv": [9.25, 4.25, 10.5, 4.375], "texture": "#1"},
				"up": {"uv": [7.5, 7, 6.25, 5.625], "texture": "#1"},
				"down": {"uv": [8, 2.75, 6.75, 4.125], "texture": "#1"}
			}
		},
		{
			"from": [1, -0.8, -12.25],
			"to": [15, 13.2, -12.225],
			"rotation": {"angle": 0, "axis": "y", "origin": [9, 0, 0]},
			"faces": {
				"north": {"uv": [0, 0.0625, 16, 16.0625], "texture": "#2"},
				"east": {"uv": [0, 0, 0, 0], "texture": "#2"},
				"south": {"uv": [16, 0.0625, 0, 16.0625], "texture": "#2"}
			}
		},
		{
			"from": [11.10525, 3.17035, -1.16106],
			"to": [23.10525, 14.67035, -1.13606],
			"rotation": {"angle": -22.5, "axis": "x", "origin": [7.99912, 7.48838, -2.5]},
			"faces": {
				"north": {"uv": [0, 0, 1.5, 1.4375], "texture": "#1"},
				"south": {"uv": [0, 1.5, 1.5, 2.9375], "texture": "#1"}
			}
		},
		{
			"from": [-7.10525, 3.17035, -1.16106],
			"to": [4.89475, 14.67035, -1.13606],
			"rotation": {"angle": -22.5, "axis": "x", "origin": [8.00088, 7.48838, -2.5]},
			"faces": {
				"north": {"uv": [1.5, 0, 3, 1.4375], "texture": "#1"},
				"south": {"uv": [1.5, 1.5, 3, 2.9375], "texture": "#1"}
			}
		},
		{
			"from": [-7.79475, 3.18535, -10.04984],
			"to": [-7.74475, 15.18535, -0.04984],
			"rotation": {"angle": 0, "axis": "z", "origin": [8.00088, 7.48838, -2.5]},
			"faces": {
				"east": {"uv": [3, 3, 4.25, 4.5], "texture": "#1"},
				"west": {"uv": [4.25, 3, 5.5, 4.5], "texture": "#1"}
			}
		},
		{
			"from": [-7.10525, 5.27078, -6.47337],
			"to": [4.89475, 16.77078, -6.44837],
			"rotation": {"angle": -22.5, "axis": "x", "origin": [8.00088, 7.48838, -2.5]},
			"faces": {
				"north": {"uv": [0, 3, 1.5, 4.4375], "texture": "#1"},
				"south": {"uv": [3, 0, 4.5, 1.4375], "texture": "#1"}
			}
		},
		{
			"from": [11.10525, 5.27078, -6.47337],
			"to": [23.10525, 16.77078, -6.44837],
			"rotation": {"angle": -22.5, "axis": "x", "origin": [7.99912, 7.48838, -2.5]},
			"faces": {
				"north": {"uv": [1.5, 3, 3, 4.4375], "texture": "#1"},
				"south": {"uv": [3, 1.5, 4.5, 2.9375], "texture": "#1"}
			}
		},
		{
			"from": [23.74475, 3.18535, -10.04984],
			"to": [23.79475, 15.18535, -0.04984],
			"rotation": {"angle": 0, "axis": "z", "origin": [7.99912, 7.48838, -2.5]},
			"faces": {
				"east": {"uv": [0, 4.5, 1.25, 6], "texture": "#1"},
				"west": {"uv": [4.5, 0, 5.75, 1.5], "texture": "#1"}
			}
		}
	],
	"gui_light": "front",
	"display": {
		"thirdperson_righthand": {
			"rotation": [0, 86, 0],
			"translation": [0.5, 0.75, 0],
			"scale": [0.2, 0.2, 0.2]
		},
		"thirdperson_lefthand": {
			"rotation": [0, -99, 0],
			"translation": [-2, 0, -2.25],
			"scale": [0.44, 0.44, 0.44]
		},
		"firstperson_righthand": {
			"rotation": [0, 106, 0],
			"translation": [-2, 2.25, 0],
			"scale": [0.2, 0.2, 0.2]
		},
		"ground": {
			"translation": [0, 1.75, 0],
			"scale": [0.2, 0.2, 0.2]
		},
		"gui": {
			"rotation": [30, 145, 0],
			"translation": [3, 0.75, 0],
			"scale": [0.4, 0.4, 0.4]
		},
		"head": {
			"rotation": [50, 0, 0],
			"translation": [0.75, -35, 12.5],
			"scale": [4, 4, 4]
		},
		"fixed": {
			"rotation": [-79, 0, 0],
			"translation": [0, 0, -36.5],
			"scale": [4, 4, 4]
		}
	}
}