{
	"credit": "Made with Blockbench",
	"texture_size": [64, 64],
	"textures": {
		"0": "simple_guns/flamethrower",
		"particle": "simple_guns/flamethrower"
	},
	"elements": [
		{
			"from": [7.5, 12, 15],
			"to": [8.5, 13, 18.5],
			"rotation": {"angle": 22.5, "axis": "x", "origin": [7.5, 12, 15.25]},
			"faces": {
				"north": {"uv": [0, 0, 1.5, 1.5], "texture": "#0"},
				"east": {"uv": [5.5, 10.25, 6.5, 13.75], "rotation": 90, "texture": "#0"},
				"south": {"uv": [7, 8.5, 8, 9.5], "texture": "#0"},
				"west": {"uv": [4.5, 10.25, 5.5, 13.75], "rotation": 270, "texture": "#0"},
				"up": {"uv": [4.5, 10.25, 5.5, 13.75], "texture": "#0"},
				"down": {"uv": [4.5, 10.25, 5.5, 13.75], "rotation": 180, "texture": "#0"}
			}
		},
		{
			"from": [7.5, 12.75, 3.5],
			"to": [8.5, 13.75, 12.5],
			"rotation": {"angle": 0, "axis": "y", "origin": [15.5, 20.75, 11.5]},
			"faces": {
				"north": {"uv": [0, 0, 1.5, 1.5], "texture": "#0"},
				"east": {"uv": [9, 0, 0, 1], "texture": "#0"},
				"south": {"uv": [0, 0, 1.5, 1.5], "texture": "#0"},
				"west": {"uv": [0, 0, 9, 1], "texture": "#0"},
				"up": {"uv": [0, 1, 9, 2], "rotation": 90, "texture": "#0"},
				"down": {"uv": [0, 2, 9, 3], "rotation": 270, "texture": "#0"}
			}
		},
		{
			"from": [7.5, 12.75, 0.5],
			"to": [8.5, 13.75, 3.5],
			"rotation": {"angle": -22.5, "axis": "x", "origin": [8, 13.75, 3.5]},
			"faces": {
				"north": {"uv": [0, 0, 1.5, 1.5], "texture": "#0"},
				"east": {"uv": [3, 3, 0, 4], "texture": "#0"},
				"south": {"uv": [0, 0, 1.5, 1.5], "texture": "#0"},
				"west": {"uv": [0, 3, 3, 4], "texture": "#0"},
				"up": {"uv": [3, 3, 6, 4], "rotation": 90, "texture": "#0"},
				"down": {"uv": [6, 3, 9, 4], "rotation": 270, "texture": "#0"}
			}
		},
		{
			"from": [7.125, 11.25, -1.5],
			"to": [8.875, 13, 1.25],
			"rotation": {"angle": 0, "axis": "x", "origin": [7.75, 12, 1.25]},
			"faces": {
				"north": {"uv": [2.75, 4, 4.5, 5.75], "texture": "#0"},
				"east": {"uv": [0, 4, 2.75, 5.75], "rotation": 180, "texture": "#0"},
				"south": {"uv": [6.5, 10.25, 8.25, 12], "texture": "#0"},
				"west": {"uv": [0, 4, 2.75, 5.75], "texture": "#0"},
				"up": {"uv": [0, 4, 2.75, 5.75], "rotation": 90, "texture": "#0"},
				"down": {"uv": [0, 4, 2.75, 5.75], "rotation": 270, "texture": "#0"}
			}
		},
		{
			"from": [7.25, 12, 12],
			"to": [8.75, 14.5, 15],
			"rotation": {"angle": 22.5, "axis": "x", "origin": [7.25, 12.5, 12]},
			"faces": {
				"north": {"uv": [3, 10.25, 4.5, 12.75], "texture": "#0"},
				"east": {"uv": [3, 10.25, 0, 12.75], "texture": "#0"},
				"south": {"uv": [3, 10.25, 4.5, 12.75], "texture": "#0"},
				"west": {"uv": [0, 10.25, 3, 12.75], "texture": "#0"},
				"up": {"uv": [6.5, 12.5, 9.5, 14], "rotation": 90, "texture": "#0"},
				"down": {"uv": [6.5, 12.5, 9.5, 14], "rotation": 270, "texture": "#0"}
			}
		},
		{
			"from": [8, 10, 16.5],
			"to": [8, 11.25, 19.25],
			"rotation": {"angle": 22.5, "axis": "x", "origin": [8, 15.25, 18]},
			"faces": {
				"north": {"uv": [0, 0, 0, 0.625], "texture": "#0"},
				"east": {"uv": [0, 14.25, 2.75, 12.75], "rotation": 180, "texture": "#0"},
				"south": {"uv": [0, 0, 0, 0.625], "texture": "#0"},
				"west": {"uv": [0, 12.75, 2.75, 14], "texture": "#0"},
				"up": {"uv": [0, 0, 0, 1.125], "texture": "#0"},
				"down": {"uv": [0, 0, 0, 1.125], "texture": "#0"}
			}
		},
		{
			"from": [7.5, 9.5, -2.5],
			"to": [7.5, 13, 4],
			"rotation": {"angle": -22.5, "axis": "z", "origin": [7.5, 13.75, 9]},
			"faces": {
				"north": {"uv": [0, 0, 0, 4.5], "texture": "#0"},
				"east": {"uv": [16, 12.5, 9.5, 16], "texture": "#0"},
				"south": {"uv": [0, 0, 0, 4.5], "texture": "#0"},
				"west": {"uv": [9.5, 12.5, 16, 16], "texture": "#0"},
				"up": {"uv": [0, 0, 0, 12.5], "texture": "#0"},
				"down": {"uv": [0, 0, 0, 12.5], "texture": "#0"}
			}
		},
		{
			"from": [8, 12.75, 11],
			"to": [12.25, 12.75, 18.25],
			"rotation": {"angle": -45, "axis": "z", "origin": [7.75, 12.75, 23]},
			"faces": {
				"north": {"uv": [0, 0, 0, 1.125], "rotation": 90, "texture": "#0"},
				"east": {"uv": [0, 0, 0, 3.125], "rotation": 270, "texture": "#0"},
				"south": {"uv": [0, 0, 0, 1.125], "rotation": 270, "texture": "#0"},
				"west": {"uv": [0, 0, 0, 3.125], "rotation": 270, "texture": "#0"},
				"up": {"uv": [8.75, 8.25, 16, 12.5], "rotation": 270, "texture": "#0"},
				"down": {"uv": [16, 8.25, 8.75, 12.5], "rotation": 270, "texture": "#0"}
			}
		},
		{
			"from": [6.5, 12.25, 3.75],
			"to": [7.5, 13.25, 11.5],
			"rotation": {"angle": 0, "axis": "y", "origin": [14.5, 20.25, 11.75]},
			"faces": {
				"north": {"uv": [7.75, 5.75, 8.75, 6.75], "texture": "#0"},
				"east": {"uv": [7.75, 5.75, 0, 6.75], "texture": "#0"},
				"south": {"uv": [7.75, 5.75, 8.75, 6.75], "texture": "#0"},
				"west": {"uv": [0, 5.75, 7.75, 6.75], "texture": "#0"},
				"up": {"uv": [0, 6.75, 7.75, 7.75], "rotation": 90, "texture": "#0"},
				"down": {"uv": [0, 6.5, 7.75, 6.75], "rotation": 270, "texture": "#0"}
			}
		},
		{
			"from": [7, 12.25, 11.5],
			"to": [7, 13.25, 12.5],
			"rotation": {"angle": 22.5, "axis": "y", "origin": [7, 13.25, 11.5]},
			"faces": {
				"north": {"uv": [7.75, 5.75, 8.75, 6.75], "texture": "#0"},
				"east": {"uv": [13.5, 11.25, 14.5, 12.25], "texture": "#0"},
				"south": {"uv": [7.75, 5.75, 8.75, 6.75], "texture": "#0"},
				"west": {"uv": [13.5, 11.25, 14.5, 12.25], "texture": "#0"},
				"up": {"uv": [0, 6.75, 7.75, 7.75], "rotation": 90, "texture": "#0"},
				"down": {"uv": [0, 6.5, 7.75, 6.75], "rotation": 270, "texture": "#0"}
			}
		},
		{
			"from": [8.25, 10.5, 7],
			"to": [10.75, 13, 11],
			"rotation": {"angle": 0, "axis": "y", "origin": [16.25, 18.5, 15]},
			"faces": {
				"north": {"uv": [3.75, 7.75, 6.25, 10.25], "texture": "#0"},
				"east": {"uv": [0, 7.75, 3.75, 10.25], "texture": "#0"},
				"south": {"uv": [6.25, 7.75, 8.75, 10.25], "texture": "#0"},
				"west": {"uv": [0, 7.75, 3.75, 10.25], "rotation": 180, "texture": "#0"},
				"up": {"uv": [0, 7.75, 3.75, 10.25], "rotation": 270, "texture": "#0"},
				"down": {"uv": [0, 7.75, 3.75, 10.25], "rotation": 90, "texture": "#0"}
			}
		},
		{
			"from": [8.625, 12.625, 4.75],
			"to": [10.375, 12.625, 7],
			"rotation": {"angle": 0, "axis": "y", "origin": [16.5, 20.5, 12.75]},
			"faces": {
				"north": {"uv": [0, 0, 0, 0], "texture": "#0"},
				"east": {"uv": [4.5, 4, 6.75, 5.75], "texture": "#0"},
				"south": {"uv": [0, 0, 0, 0], "texture": "#0"},
				"west": {"uv": [6.75, 4, 4.5, 5.75], "texture": "#0"},
				"up": {"uv": [6.75, 4, 9, 5.75], "rotation": 270, "texture": "#0"},
				"down": {"uv": [6.75, 14, 4.5, 15.75], "rotation": 270, "texture": "#0"}
			}
		},
		{
			"from": [8.625, 10.875, 4.75],
			"to": [10.375, 10.875, 7],
			"rotation": {"angle": 0, "axis": "y", "origin": [16.5, 18.75, 12.75]},
			"faces": {
				"north": {"uv": [0, 0, 0, 0], "texture": "#0"},
				"east": {"uv": [4.5, 4, 6.75, 5.75], "texture": "#0"},
				"south": {"uv": [0, 0, 0, 0], "texture": "#0"},
				"west": {"uv": [6.75, 4, 4.5, 5.75], "texture": "#0"},
				"up": {"uv": [6.75, 14, 9, 15.75], "rotation": 270, "texture": "#0"},
				"down": {"uv": [2.25, 14, 0, 15.75], "rotation": 270, "texture": "#0"}
			}
		},
		{
			"from": [10.375, 10.875, 4.75],
			"to": [10.375, 12.625, 7],
			"rotation": {"angle": 0, "axis": "y", "origin": [18.25, 18.75, 12.75]},
			"faces": {
				"north": {"uv": [0, 0, 0, 0], "texture": "#0"},
				"east": {"uv": [4.5, 4, 6.75, 5.75], "texture": "#0"},
				"south": {"uv": [0, 0, 0, 0], "texture": "#0"},
				"west": {"uv": [4.5, 14, 2.25, 15.75], "texture": "#0"},
				"up": {"uv": [6.75, 4, 9, 5.75], "rotation": 270, "texture": "#0"},
				"down": {"uv": [2.25, 14, 0, 15.75], "rotation": 270, "texture": "#0"}
			}
		},
		{
			"from": [8.625, 10.875, 4.75],
			"to": [8.625, 12.625, 7],
			"rotation": {"angle": 0, "axis": "y", "origin": [16.5, 18.75, 12.75]},
			"faces": {
				"north": {"uv": [0, 0, 0, 0], "texture": "#0"},
				"east": {"uv": [2.25, 14, 4.5, 15.75], "texture": "#0"},
				"south": {"uv": [0, 0, 0, 0], "texture": "#0"},
				"west": {"uv": [6.75, 4, 4.5, 5.75], "texture": "#0"},
				"up": {"uv": [6.75, 4, 9, 5.75], "rotation": 270, "texture": "#0"},
				"down": {"uv": [2.25, 14, 0, 15.75], "rotation": 270, "texture": "#0"}
			}
		}
	],
	"display": {
		"thirdperson_righthand": {
			"rotation": [2, -13, 0],
			"translation": [1.75, -6.75, -8.25],
			"scale": [1.2, 1.2, 1.2]
		},
		"thirdperson_lefthand": {
			"rotation": [2, -13, 0],
			"translation": [1.75, -6.75, -8.25],
			"scale": [1.2, 1.2, 1.2]
		},
		"firstperson_righthand": {
			"rotation": [1.5, -9, 0],
			"translation": [11, -5.25, -5.25],
			"scale": [1.2, 1.2, 1.2]
		},
		"firstperson_lefthand": {
			"rotation": [1.5, 4, 0],
			"translation": [0.25, -5, -6.75],
			"scale": [1.2, 1.2, 1.2]
		},
		"ground": {
			"rotation": [0, 0, 90],
			"translation": [4, -2.75, 0]
		},
		"gui": {
			"rotation": [60, 43, -42],
			"translation": [-2.25, -3.25, 0],
			"scale": [1.2, 1.2, 1.2]
		},
		"head": {
			"rotation": [90, -42, 90],
			"translation": [8.25, -19, 4.5],
			"scale": [1.8, 1.8, 1.8]
		},
		"fixed": {
			"rotation": [112, -5, 70],
			"translation": [5, 2.5, -9.5],
			"scale": [2, 2, 2]
		}
	}
}