{
	"credit": "Made with Blockbench",
	"textures": {
		"1": "block/red_concrete_powder",
		"2": "block/yellow_concrete_powder",
		"particle": "block/red_concrete_powder"
	},
	"elements": [
		{
			"name": "Voxels",
			"from": [8, 5, 8],
			"to": [8.65, 5.65, 10.15],
			"rotation": {"angle": 0, "axis": "y", "origin": [8, 5, 8]},
			"faces": {
				"north": {"uv": [2, 2, 8, 8], "texture": "#1"},
				"east": {"uv": [0, 0, 16, 5], "rotation": 180, "texture": "#1"},
				"south": {"uv": [2, 2, 8, 8], "rotation": 180, "texture": "#1"},
				"west": {"uv": [0, 0, 16, 5], "texture": "#1"},
				"up": {"uv": [0, 0, 5, 16], "texture": "#1"},
				"down": {"uv": [0, 0, 5, 16], "rotation": 180, "texture": "#1"}
			}
		},
		{
			"name": "Voxels",
			"from": [8, 5, 7.5],
			"to": [8.65, 5.65, 8],
			"rotation": {"angle": 0, "axis": "y", "origin": [8, 5, 7.5]},
			"faces": {
				"north": {"uv": [2, 2, 8, 8], "texture": "#2"},
				"east": {"uv": [0, 0, 16, 5], "rotation": 180, "texture": "#2"},
				"south": {"uv": [2, 2, 8, 8], "rotation": 180, "texture": "#2"},
				"west": {"uv": [0, 0, 16, 5], "texture": "#2"},
				"up": {"uv": [0, 0, 5, 16], "texture": "#2"},
				"down": {"uv": [0, 0, 5, 16], "rotation": 180, "texture": "#2"}
			}
		},
		{
			"name": "Voxels",
			"from": [7.97348, 4.97348, 7.5],
			"to": [8.67652, 5.67652, 7.56],
			"rotation": {"angle": 0, "axis": "y", "origin": [8.325, 5.325, 7.55]},
			"faces": {
				"north": {"uv": [2, 2, 8, 8], "texture": "#2"},
				"east": {"uv": [0, 0, 16, 5], "rotation": 180, "texture": "#2"},
				"south": {"uv": [2, 2, 8, 8], "rotation": 180, "texture": "#2"},
				"west": {"uv": [0, 0, 16, 5], "texture": "#2"},
				"up": {"uv": [0, 0, 5, 16], "texture": "#2"},
				"down": {"uv": [0, 0, 5, 16], "rotation": 180, "texture": "#2"}
			}
		}
	],
	"display": {
		"thirdperson_righthand": {
			"rotation": [0, 90, 45],
			"translation": [0, 1.05, 2],
			"scale": [0.6, 0.6, 0.6]
		},
		"thirdperson_lefthand": {
			"rotation": [0, 90, 45],
			"translation": [0, 1.35, 1.75],
			"scale": [0.6, 0.6, 0.6]
		},
		"firstperson_righthand": {
			"rotation": [0, 90, 0],
			"translation": [-1.25, -4, 0]
		},
		"firstperson_lefthand": {
			"rotation": [0, 90, 0],
			"translation": [-1.25, -4, 0]
		},
		"ground": {
			"rotation": [0, 0, 90],
			"translation": [-2.75, -3.75, -1]
		},
		"gui": {
			"rotation": [60, 60, -45],
			"translation": [0, 10.25, 0],
			"scale": [4, 4, 4]
		},
		"head": {
			"translation": [2.25, -3, -7.5],
			"scale": [0.8, -0.8, 0.8]
		},
		"fixed": {
			"rotation": [0, 78, 90],
			"translation": [-1.5, -16, -0.25]
		}
	}
}