{
	"credit": "Made with Blockbench",
	"textures": {
		"1": "block/orange_concrete",
		"2": "block/gold_block",
		"particle": "block/gold_block"
	},
	"elements": [
		{
			"from": [4.98497, 6.93998, -3.70509],
			"to": [9.83497, 8.53998, 13.79491],
			"rotation": {"angle": 0, "axis": "y", "origin": [9.00685, 7.73999, 7.04491]},
			"faces": {
				"north": {"uv": [3, 9, 3, 9], "texture": "#2"},
				"east": {"uv": [3, 9, 3, 9], "texture": "#2"},
				"south": {"uv": [3, 9, 3, 9], "texture": "#2"},
				"west": {"uv": [3, 9, 3, 9], "texture": "#2"},
				"up": {"uv": [3, 9, 3, 9], "texture": "#2"},
				"down": {"uv": [3, 9, 3, 9], "texture": "#2"}
			}
		},
		{
			"from": [8.20674, 7.16192, -3.70509],
			"to": [9.80674, 11.76192, 13.79491],
			"rotation": {"angle": 22.5, "axis": "z", "origin": [9.00685, 7.73999, 7.04491]},
			"faces": {
				"north": {"uv": [3, 9, 3, 9], "rotation": 270, "texture": "#2"},
				"east": {"uv": [3, 9, 3, 9], "rotation": 270, "texture": "#2"},
				"south": {"uv": [3, 9, 3, 9], "rotation": 270, "texture": "#2"},
				"west": {"uv": [3, 9, 3, 9], "rotation": 270, "texture": "#2"},
				"up": {"uv": [3, 9, 3, 9], "rotation": 270, "texture": "#2"},
				"down": {"uv": [3, 9, 3, 9], "rotation": 270, "texture": "#2"}
			}
		},
		{
			"from": [4.98507, 6.9399, -3.70509],
			"to": [9.58507, 8.5399, 13.79491],
			"rotation": {"angle": -45, "axis": "z", "origin": [9.00685, 7.73999, 7.04491]},
			"faces": {
				"north": {"uv": [3, 9, 3, 9], "texture": "#2"},
				"east": {"uv": [3, 9, 3, 9], "texture": "#2"},
				"south": {"uv": [3, 9, 3, 9], "texture": "#2"},
				"west": {"uv": [3, 9, 3, 9], "texture": "#2"},
				"up": {"uv": [3, 9, 3, 9], "texture": "#2"},
				"down": {"uv": [3, 9, 3, 9], "texture": "#2"}
			}
		},
		{
			"from": [4.98514, 6.94006, -3.70509],
			"to": [9.58514, 8.54006, 13.79491],
			"rotation": {"angle": -22.5, "axis": "z", "origin": [9.00685, 7.73999, 7.04491]},
			"faces": {
				"north": {"uv": [3, 9, 3, 9], "texture": "#2"},
				"east": {"uv": [3, 9, 3, 9], "texture": "#2"},
				"south": {"uv": [3, 9, 3, 9], "texture": "#2"},
				"west": {"uv": [3, 9, 3, 9], "texture": "#2"},
				"up": {"uv": [3, 9, 3, 9], "texture": "#2"},
				"down": {"uv": [3, 9, 3, 9], "texture": "#2"}
			}
		},
		{
			"from": [8.20673, 3.71822, -3.70509],
			"to": [9.80673, 8.56822, 13.79491],
			"rotation": {"angle": 0, "axis": "z", "origin": [9.00685, 7.73999, 7.04491]},
			"faces": {
				"north": {"uv": [3, 9, 3, 9], "rotation": 90, "texture": "#2"},
				"east": {"uv": [3, 9, 3, 9], "rotation": 90, "texture": "#2"},
				"south": {"uv": [3, 9, 3, 9], "rotation": 90, "texture": "#2"},
				"west": {"uv": [3, 9, 3, 9], "rotation": 90, "texture": "#2"},
				"up": {"uv": [3, 9, 3, 9], "rotation": 90, "texture": "#2"},
				"down": {"uv": [3, 9, 3, 9], "rotation": 90, "texture": "#2"}
			}
		},
		{
			"from": [8.20683, 3.71814, -3.70509],
			"to": [9.80683, 8.56814, 13.79491],
			"rotation": {"angle": -22.5, "axis": "z", "origin": [9.00685, 7.73999, 7.04491]},
			"faces": {
				"north": {"uv": [3, 9, 3, 9], "rotation": 90, "texture": "#2"},
				"east": {"uv": [3, 9, 3, 9], "rotation": 90, "texture": "#2"},
				"south": {"uv": [3, 9, 3, 9], "rotation": 90, "texture": "#2"},
				"west": {"uv": [3, 9, 3, 9], "rotation": 90, "texture": "#2"},
				"up": {"uv": [3, 9, 3, 9], "rotation": 90, "texture": "#2"},
				"down": {"uv": [3, 9, 3, 9], "rotation": 90, "texture": "#2"}
			}
		},
		{
			"from": [4.98491, 6.94017, -3.70509],
			"to": [9.83491, 8.54017, 13.79491],
			"rotation": {"angle": 45, "axis": "z", "origin": [9.00685, 7.73999, 7.04491]},
			"faces": {
				"north": {"uv": [3, 9, 3, 9], "texture": "#2"},
				"east": {"uv": [3, 9, 3, 9], "texture": "#2"},
				"south": {"uv": [3, 9, 3, 9], "texture": "#2"},
				"west": {"uv": [3, 9, 3, 9], "texture": "#2"},
				"up": {"uv": [3, 9, 3, 9], "texture": "#2"},
				"down": {"uv": [3, 9, 3, 9], "texture": "#2"}
			}
		},
		{
			"from": [4.98509, 6.93993, -3.70509],
			"to": [9.83509, 8.53993, 13.79491],
			"rotation": {"angle": 22.5, "axis": "z", "origin": [9.00685, 7.73999, 7.04491]},
			"faces": {
				"north": {"uv": [3, 9, 3, 9], "texture": "#2"},
				"east": {"uv": [3, 9, 3, 9], "texture": "#2"},
				"south": {"uv": [3, 9, 3, 9], "texture": "#2"},
				"west": {"uv": [3, 9, 3, 9], "texture": "#2"},
				"up": {"uv": [3, 9, 3, 9], "texture": "#2"},
				"down": {"uv": [3, 9, 3, 9], "texture": "#2"}
			}
		},
		{
			"from": [8.20685, 3.71817, -3.70509],
			"to": [9.80685, 8.56817, 13.79491],
			"rotation": {"angle": 22.5, "axis": "z", "origin": [9.00685, 7.73999, 7.04491]},
			"faces": {
				"north": {"uv": [3, 9, 3, 9], "rotation": 90, "texture": "#2"},
				"east": {"uv": [3, 9, 3, 9], "rotation": 90, "texture": "#2"},
				"south": {"uv": [3, 9, 3, 9], "rotation": 90, "texture": "#2"},
				"west": {"uv": [3, 9, 3, 9], "rotation": 90, "texture": "#2"},
				"up": {"uv": [3, 9, 3, 9], "rotation": 90, "texture": "#2"},
				"down": {"uv": [3, 9, 3, 9], "rotation": 90, "texture": "#2"}
			}
		},
		{
			"from": [8.20699, 3.71809, -3.70509],
			"to": [9.80699, 8.56809, 13.79491],
			"rotation": {"angle": 45, "axis": "z", "origin": [9.00685, 7.73999, 7.04491]},
			"faces": {
				"north": {"uv": [3, 9, 3, 9], "rotation": 90, "texture": "#2"},
				"east": {"uv": [3, 9, 3, 9], "rotation": 90, "texture": "#2"},
				"south": {"uv": [3, 9, 3, 9], "rotation": 90, "texture": "#2"},
				"west": {"uv": [3, 9, 3, 9], "rotation": 90, "texture": "#2"},
				"up": {"uv": [3, 9, 3, 9], "rotation": 90, "texture": "#2"},
				"down": {"uv": [3, 9, 3, 9], "rotation": 90, "texture": "#2"}
			}
		},
		{
			"from": [8.42881, 6.93998, -3.70509],
			"to": [13.02881, 8.53998, 13.79491],
			"rotation": {"angle": 0, "axis": "z", "origin": [9.00685, 7.73999, 7.04491]},
			"faces": {
				"north": {"uv": [3, 9, 3, 9], "rotation": 180, "texture": "#2"},
				"east": {"uv": [3, 9, 3, 9], "rotation": 180, "texture": "#2"},
				"south": {"uv": [3, 9, 3, 9], "rotation": 180, "texture": "#2"},
				"west": {"uv": [3, 9, 3, 9], "rotation": 180, "texture": "#2"},
				"up": {"uv": [3, 9, 3, 9], "rotation": 180, "texture": "#2"},
				"down": {"uv": [3, 9, 3, 9], "rotation": 180, "texture": "#2"}
			}
		},
		{
			"from": [8.42891, 6.9399, -3.70509],
			"to": [13.02891, 8.5399, 13.79491],
			"rotation": {"angle": -22.5, "axis": "z", "origin": [9.00685, 7.73999, 7.04491]},
			"faces": {
				"north": {"uv": [3, 9, 3, 9], "rotation": 180, "texture": "#2"},
				"east": {"uv": [3, 9, 3, 9], "rotation": 180, "texture": "#2"},
				"south": {"uv": [3, 9, 3, 9], "rotation": 180, "texture": "#2"},
				"west": {"uv": [3, 9, 3, 9], "rotation": 180, "texture": "#2"},
				"up": {"uv": [3, 9, 3, 9], "rotation": 180, "texture": "#2"},
				"down": {"uv": [3, 9, 3, 9], "rotation": 180, "texture": "#2"}
			}
		},
		{
			"from": [8.42882, 6.94016, -3.70509],
			"to": [13.02882, 8.54016, 13.79491],
			"rotation": {"angle": 22.5, "axis": "z", "origin": [9.00685, 7.73999, 7.04491]},
			"faces": {
				"north": {"uv": [3, 9, 3, 9], "rotation": 180, "texture": "#2"},
				"east": {"uv": [3, 7, 5, 9], "rotation": 180, "texture": "#2"},
				"south": {"uv": [3, 9, 3, 9], "rotation": 180, "texture": "#2"},
				"west": {"uv": [3, 9, 3, 9], "rotation": 180, "texture": "#2"},
				"up": {"uv": [3, 9, 3, 9], "rotation": 180, "texture": "#2"},
				"down": {"uv": [3, 9, 3, 9], "rotation": 180, "texture": "#2"}
			}
		},
		{
			"from": [8.42867, 6.93991, -3.70509],
			"to": [13.02867, 8.53991, 13.79491],
			"rotation": {"angle": 45, "axis": "z", "origin": [9.00685, 7.73999, 7.04491]},
			"faces": {
				"north": {"uv": [3, 9, 3, 9], "rotation": 180, "texture": "#2"},
				"east": {"uv": [3, 9, 3, 9], "rotation": 180, "texture": "#2"},
				"south": {"uv": [3, 9, 3, 9], "rotation": 180, "texture": "#2"},
				"west": {"uv": [3, 9, 3, 9], "rotation": 180, "texture": "#2"},
				"up": {"uv": [3, 9, 3, 9], "rotation": 180, "texture": "#2"},
				"down": {"uv": [3, 9, 3, 9], "rotation": 180, "texture": "#2"}
			}
		},
		{
			"from": [8.20675, 10.1617, -3.70509],
			"to": [9.80675, 11.7617, 13.79491],
			"rotation": {"angle": -22.5, "axis": "z", "origin": [9.00685, 7.73999, 7.04491]},
			"faces": {
				"north": {"uv": [3, 9, 3, 9], "rotation": 270, "texture": "#2"},
				"east": {"uv": [3, 9, 3, 9], "rotation": 270, "texture": "#2"},
				"south": {"uv": [3, 9, 3, 9], "rotation": 270, "texture": "#2"},
				"west": {"uv": [3, 9, 3, 9], "rotation": 270, "texture": "#2"},
				"up": {"uv": [3, 9, 3, 9], "rotation": 270, "texture": "#2"},
				"down": {"uv": [3, 9, 3, 9], "rotation": 270, "texture": "#2"}
			}
		},
		{
			"from": [8.20673, 7.16174, -3.70509],
			"to": [9.80673, 11.76174, 13.79491],
			"rotation": {"angle": 0, "axis": "z", "origin": [9.00685, 7.73999, 7.04491]},
			"faces": {
				"north": {"uv": [3, 9, 3, 9], "rotation": 270, "texture": "#2"},
				"east": {"uv": [3, 9, 3, 9], "rotation": 270, "texture": "#2"},
				"south": {"uv": [3, 9, 3, 9], "rotation": 270, "texture": "#2"},
				"west": {"uv": [3, 9, 3, 9], "rotation": 270, "texture": "#2"},
				"up": {"uv": [3, 9, 3, 9], "rotation": 270, "texture": "#2"},
				"down": {"uv": [3, 9, 3, 9], "rotation": 270, "texture": "#2"}
			}
		},
		{
			"from": [8.32709, 10.02943, 13.8455],
			"to": [9.69107, 11.18029, 17.23844],
			"rotation": {"angle": 0, "axis": "z", "origin": [9.00908, 7.75169, 16.04197]},
			"faces": {
				"north": {"uv": [3, 9, 3, 9], "rotation": 270, "texture": "#2"},
				"east": {"uv": [3, 9, 3, 9], "rotation": 270, "texture": "#2"},
				"south": {"uv": [3, 9, 3, 9], "rotation": 270, "texture": "#2"},
				"west": {"uv": [3, 9, 3, 9], "rotation": 270, "texture": "#2"},
				"up": {"uv": [3, 9, 3, 9], "rotation": 270, "texture": "#2"},
				"down": {"uv": [3, 9, 3, 9], "rotation": 270, "texture": "#2"}
			}
		},
		{
			"from": [10.84835, 7.20098, 17.2455],
			"to": [11.77767, 8.3024, 19.63844],
			"rotation": {"angle": 22.5, "axis": "z", "origin": [9.00908, 7.75169, 18.44197]},
			"faces": {
				"north": {"uv": [3, 9, 3, 9], "rotation": 180, "texture": "#2"},
				"east": {"uv": [3, 9, 3, 9], "rotation": 180, "texture": "#2"},
				"south": {"uv": [3, 9, 3, 9], "rotation": 180, "texture": "#2"},
				"west": {"uv": [3, 9, 3, 9], "rotation": 180, "texture": "#2"},
				"up": {"uv": [3, 9, 3, 9], "rotation": 180, "texture": "#2"},
				"down": {"uv": [3, 9, 3, 9], "rotation": 180, "texture": "#2"}
			}
		},
		{
			"from": [8.45837, 4.9831, 17.2455],
			"to": [9.55978, 5.91241, 19.63844],
			"rotation": {"angle": -45, "axis": "z", "origin": [9.00908, 7.75169, 18.44197]},
			"faces": {
				"north": {"uv": [3, 9, 3, 9], "rotation": 90, "texture": "#2"},
				"east": {"uv": [3, 9, 3, 9], "rotation": 90, "texture": "#2"},
				"south": {"uv": [3, 9, 3, 9], "rotation": 90, "texture": "#2"},
				"west": {"uv": [3, 9, 3, 9], "rotation": 90, "texture": "#2"},
				"up": {"uv": [3, 9, 3, 9], "rotation": 90, "texture": "#2"},
				"down": {"uv": [3, 9, 3, 9], "rotation": 90, "texture": "#2"}
			}
		},
		{
			"from": [8.45837, 4.9831, 17.2455],
			"to": [9.55978, 5.91241, 19.63844],
			"rotation": {"angle": 0, "axis": "y", "origin": [9.00908, 7.75169, 18.44197]},
			"faces": {
				"north": {"uv": [3, 9, 3, 9], "rotation": 90, "texture": "#2"},
				"east": {"uv": [3, 9, 3, 9], "rotation": 90, "texture": "#2"},
				"south": {"uv": [3, 9, 3, 9], "rotation": 90, "texture": "#2"},
				"west": {"uv": [3, 9, 3, 9], "rotation": 90, "texture": "#2"},
				"up": {"uv": [3, 9, 3, 9], "rotation": 90, "texture": "#2"},
				"down": {"uv": [3, 9, 3, 9], "rotation": 90, "texture": "#2"}
			}
		},
		{
			"from": [8.45837, 4.9831, 17.2455],
			"to": [9.55978, 5.91241, 19.63844],
			"rotation": {"angle": -22.5, "axis": "z", "origin": [9.00908, 7.75169, 18.44197]},
			"faces": {
				"north": {"uv": [3, 9, 3, 9], "rotation": 90, "texture": "#2"},
				"east": {"uv": [3, 9, 3, 9], "rotation": 90, "texture": "#2"},
				"south": {"uv": [3, 9, 3, 9], "rotation": 90, "texture": "#2"},
				"west": {"uv": [3, 9, 3, 9], "rotation": 90, "texture": "#2"},
				"up": {"uv": [3, 9, 3, 9], "rotation": 90, "texture": "#2"},
				"down": {"uv": [3, 9, 3, 9], "rotation": 90, "texture": "#2"}
			}
		},
		{
			"from": [6.24048, 7.20098, 17.2455],
			"to": [7.1698, 8.3024, 19.63844],
			"rotation": {"angle": 22.5, "axis": "z", "origin": [9.00908, 7.75169, 18.44197]},
			"faces": {
				"north": {"uv": [3, 9, 3, 9], "texture": "#2"},
				"east": {"uv": [3, 9, 3, 9], "texture": "#2"},
				"south": {"uv": [3, 9, 3, 9], "texture": "#2"},
				"west": {"uv": [3, 9, 3, 9], "texture": "#2"},
				"up": {"uv": [3, 9, 3, 9], "texture": "#2"},
				"down": {"uv": [3, 9, 3, 9], "texture": "#2"}
			}
		},
		{
			"from": [6.24048, 7.20098, 17.2455],
			"to": [7.1698, 8.3024, 19.63844],
			"rotation": {"angle": 0, "axis": "y", "origin": [9.00908, 7.75169, 18.44197]},
			"faces": {
				"north": {"uv": [3, 9, 3, 9], "texture": "#2"},
				"east": {"uv": [3, 9, 3, 9], "texture": "#2"},
				"south": {"uv": [3, 9, 3, 9], "texture": "#2"},
				"west": {"uv": [3, 9, 3, 9], "texture": "#2"},
				"up": {"uv": [3, 9, 3, 9], "texture": "#2"},
				"down": {"uv": [3, 9, 3, 9], "texture": "#2"}
			}
		},
		{
			"from": [6.24048, 7.20098, 17.2455],
			"to": [7.1698, 8.3024, 19.63844],
			"rotation": {"angle": -22.5, "axis": "z", "origin": [9.00908, 7.75169, 18.44197]},
			"faces": {
				"north": {"uv": [3, 9, 3, 9], "texture": "#2"},
				"east": {"uv": [3, 9, 3, 9], "texture": "#2"},
				"south": {"uv": [3, 9, 3, 9], "texture": "#2"},
				"west": {"uv": [3, 9, 3, 9], "texture": "#2"},
				"up": {"uv": [3, 9, 3, 9], "texture": "#2"},
				"down": {"uv": [3, 9, 3, 9], "texture": "#2"}
			}
		},
		{
			"from": [6.24048, 7.20098, 17.2455],
			"to": [7.1698, 8.3024, 19.63844],
			"rotation": {"angle": -45, "axis": "z", "origin": [9.00908, 7.75169, 18.44197]},
			"faces": {
				"north": {"uv": [3, 9, 3, 9], "texture": "#2"},
				"east": {"uv": [3, 9, 3, 9], "texture": "#2"},
				"south": {"uv": [3, 9, 3, 9], "texture": "#2"},
				"west": {"uv": [3, 9, 3, 9], "texture": "#2"},
				"up": {"uv": [3, 9, 3, 9], "texture": "#2"},
				"down": {"uv": [3, 9, 3, 9], "texture": "#2"}
			}
		},
		{
			"from": [8.45837, 9.59096, 17.2455],
			"to": [9.55978, 10.52028, 19.63844],
			"rotation": {"angle": 22.5, "axis": "z", "origin": [9.00908, 7.75169, 18.44197]},
			"faces": {
				"north": {"uv": [3, 9, 3, 9], "rotation": 270, "texture": "#2"},
				"east": {"uv": [3, 9, 3, 9], "rotation": 270, "texture": "#2"},
				"south": {"uv": [3, 9, 3, 9], "rotation": 270, "texture": "#2"},
				"west": {"uv": [3, 9, 3, 9], "rotation": 270, "texture": "#2"},
				"up": {"uv": [3, 9, 3, 9], "rotation": 270, "texture": "#2"},
				"down": {"uv": [3, 9, 3, 9], "rotation": 270, "texture": "#2"}
			}
		},
		{
			"from": [8.45837, 4.9831, 17.2455],
			"to": [9.55978, 5.91241, 19.63844],
			"rotation": {"angle": 22.5, "axis": "z", "origin": [9.00908, 7.75169, 18.44197]},
			"faces": {
				"north": {"uv": [3, 9, 3, 9], "rotation": 90, "texture": "#2"},
				"east": {"uv": [3, 9, 3, 9], "rotation": 90, "texture": "#2"},
				"south": {"uv": [3, 9, 3, 9], "rotation": 90, "texture": "#2"},
				"west": {"uv": [3, 9, 3, 9], "rotation": 90, "texture": "#2"},
				"up": {"uv": [3, 9, 3, 9], "rotation": 90, "texture": "#2"},
				"down": {"uv": [3, 9, 3, 9], "rotation": 90, "texture": "#2"}
			}
		},
		{
			"from": [10.84835, 7.20098, 17.2455],
			"to": [11.77767, 8.3024, 19.63844],
			"rotation": {"angle": 0, "axis": "y", "origin": [9.00908, 7.75169, 18.44197]},
			"faces": {
				"north": {"uv": [3, 9, 3, 9], "rotation": 180, "texture": "#2"},
				"east": {"uv": [3, 9, 3, 9], "rotation": 180, "texture": "#2"},
				"south": {"uv": [3, 9, 3, 9], "rotation": 180, "texture": "#2"},
				"west": {"uv": [3, 9, 3, 9], "rotation": 180, "texture": "#2"},
				"up": {"uv": [3, 9, 3, 9], "rotation": 180, "texture": "#2"},
				"down": {"uv": [3, 9, 3, 9], "rotation": 180, "texture": "#2"}
			}
		},
		{
			"from": [10.84835, 7.20098, 17.2455],
			"to": [11.77767, 8.3024, 19.63844],
			"rotation": {"angle": -22.5, "axis": "z", "origin": [9.00908, 7.75169, 18.44197]},
			"faces": {
				"north": {"uv": [3, 9, 3, 9], "rotation": 180, "texture": "#2"},
				"east": {"uv": [3, 9, 3, 9], "rotation": 180, "texture": "#2"},
				"south": {"uv": [3, 9, 3, 9], "rotation": 180, "texture": "#2"},
				"west": {"uv": [3, 9, 3, 9], "rotation": 180, "texture": "#2"},
				"up": {"uv": [3, 9, 3, 9], "rotation": 180, "texture": "#2"},
				"down": {"uv": [3, 9, 3, 9], "rotation": 180, "texture": "#2"}
			}
		},
		{
			"from": [8.45837, 4.9831, 17.2455],
			"to": [9.55978, 5.91241, 19.63844],
			"rotation": {"angle": 45, "axis": "z", "origin": [9.00908, 7.75169, 18.44197]},
			"faces": {
				"north": {"uv": [3, 9, 3, 9], "rotation": 90, "texture": "#2"},
				"east": {"uv": [3, 9, 3, 9], "rotation": 90, "texture": "#2"},
				"south": {"uv": [3, 9, 3, 9], "rotation": 90, "texture": "#2"},
				"west": {"uv": [3, 9, 3, 9], "rotation": 90, "texture": "#2"},
				"up": {"uv": [3, 9, 3, 9], "rotation": 90, "texture": "#2"},
				"down": {"uv": [3, 9, 3, 9], "rotation": 90, "texture": "#2"}
			}
		},
		{
			"from": [8.45837, 9.59096, 17.2455],
			"to": [9.55978, 10.52028, 19.63844],
			"rotation": {"angle": -45, "axis": "z", "origin": [9.00908, 7.75169, 18.44197]},
			"faces": {
				"north": {"uv": [3, 9, 3, 9], "rotation": 270, "texture": "#2"},
				"east": {"uv": [3, 9, 3, 9], "rotation": 270, "texture": "#2"},
				"south": {"uv": [3, 9, 3, 9], "rotation": 270, "texture": "#2"},
				"west": {"uv": [3, 9, 3, 9], "rotation": 270, "texture": "#2"},
				"up": {"uv": [3, 9, 3, 9], "rotation": 270, "texture": "#2"},
				"down": {"uv": [3, 9, 3, 9], "rotation": 270, "texture": "#2"}
			}
		},
		{
			"from": [8.45837, 9.59096, 17.2455],
			"to": [9.55978, 10.52028, 19.63844],
			"rotation": {"angle": -22.5, "axis": "z", "origin": [9.00908, 7.75169, 18.44197]},
			"faces": {
				"north": {"uv": [3, 9, 3, 9], "rotation": 270, "texture": "#2"},
				"east": {"uv": [3, 9, 3, 9], "rotation": 270, "texture": "#2"},
				"south": {"uv": [3, 9, 3, 9], "rotation": 270, "texture": "#2"},
				"west": {"uv": [3, 9, 3, 9], "rotation": 270, "texture": "#2"},
				"up": {"uv": [3, 9, 3, 9], "rotation": 270, "texture": "#2"},
				"down": {"uv": [3, 9, 3, 9], "rotation": 270, "texture": "#2"}
			}
		},
		{
			"from": [8.45837, 9.59096, 17.2455],
			"to": [9.55978, 10.52028, 19.63844],
			"rotation": {"angle": 0, "axis": "y", "origin": [9.00908, 7.75169, 18.44197]},
			"faces": {
				"north": {"uv": [3, 9, 3, 9], "rotation": 270, "texture": "#2"},
				"east": {"uv": [3, 9, 3, 9], "rotation": 270, "texture": "#2"},
				"south": {"uv": [3, 9, 3, 9], "rotation": 270, "texture": "#2"},
				"west": {"uv": [3, 9, 3, 9], "rotation": 270, "texture": "#2"},
				"up": {"uv": [3, 9, 3, 9], "rotation": 270, "texture": "#2"},
				"down": {"uv": [3, 9, 3, 9], "rotation": 270, "texture": "#2"}
			}
		},
		{
			"from": [8.32709, 10.02943, 13.8455],
			"to": [9.69107, 11.18029, 17.23844],
			"rotation": {"angle": -22.5, "axis": "z", "origin": [9.00908, 7.75169, 16.04197]},
			"faces": {
				"north": {"uv": [3, 9, 3, 9], "rotation": 270, "texture": "#2"},
				"east": {"uv": [3, 9, 3, 9], "rotation": 270, "texture": "#2"},
				"south": {"uv": [3, 9, 3, 9], "rotation": 270, "texture": "#2"},
				"west": {"uv": [3, 9, 3, 9], "rotation": 270, "texture": "#2"},
				"up": {"uv": [3, 9, 3, 9], "rotation": 270, "texture": "#2"},
				"down": {"uv": [3, 9, 3, 9], "rotation": 270, "texture": "#2"}
			}
		},
		{
			"from": [8.32709, 10.02943, 13.8455],
			"to": [9.69107, 11.18029, 17.23844],
			"rotation": {"angle": -45, "axis": "z", "origin": [9.00908, 7.75169, 16.04197]},
			"faces": {
				"north": {"uv": [3, 9, 3, 9], "rotation": 270, "texture": "#2"},
				"east": {"uv": [3, 9, 3, 9], "rotation": 270, "texture": "#2"},
				"south": {"uv": [3, 9, 3, 9], "rotation": 270, "texture": "#2"},
				"west": {"uv": [3, 9, 3, 9], "rotation": 270, "texture": "#2"},
				"up": {"uv": [3, 9, 3, 9], "rotation": 270, "texture": "#2"},
				"down": {"uv": [3, 9, 3, 9], "rotation": 270, "texture": "#2"}
			}
		},
		{
			"from": [8.32709, 4.32309, 13.8455],
			"to": [9.69107, 5.47395, 17.23844],
			"rotation": {"angle": 22.5, "axis": "z", "origin": [9.00908, 7.75169, 16.04197]},
			"faces": {
				"north": {"uv": [3, 9, 3, 9], "rotation": 90, "texture": "#2"},
				"east": {"uv": [3, 9, 3, 9], "rotation": 90, "texture": "#2"},
				"south": {"uv": [3, 9, 3, 9], "rotation": 90, "texture": "#2"},
				"west": {"uv": [3, 9, 3, 9], "rotation": 90, "texture": "#2"},
				"up": {"uv": [3, 9, 3, 9], "rotation": 90, "texture": "#2"},
				"down": {"uv": [3, 9, 3, 9], "rotation": 90, "texture": "#2"}
			}
		},
		{
			"from": [8.32709, 4.32309, 13.8455],
			"to": [9.69107, 5.47395, 17.23844],
			"rotation": {"angle": -45, "axis": "z", "origin": [9.00908, 7.75169, 16.04197]},
			"faces": {
				"north": {"uv": [3, 9, 3, 9], "rotation": 90, "texture": "#2"},
				"east": {"uv": [3, 9, 3, 9], "rotation": 90, "texture": "#2"},
				"south": {"uv": [3, 9, 3, 9], "rotation": 90, "texture": "#2"},
				"west": {"uv": [3, 9, 3, 9], "rotation": 90, "texture": "#2"},
				"up": {"uv": [3, 9, 3, 9], "rotation": 90, "texture": "#2"},
				"down": {"uv": [3, 9, 3, 9], "rotation": 90, "texture": "#2"}
			}
		},
		{
			"from": [8.32709, 4.32309, 13.8455],
			"to": [9.69107, 5.47395, 17.23844],
			"rotation": {"angle": 0, "axis": "z", "origin": [9.00908, 7.75169, 16.04197]},
			"faces": {
				"north": {"uv": [3, 9, 3, 9], "rotation": 90, "texture": "#2"},
				"east": {"uv": [3, 9, 3, 9], "rotation": 90, "texture": "#2"},
				"south": {"uv": [3, 9, 3, 9], "rotation": 90, "texture": "#2"},
				"west": {"uv": [3, 9, 3, 9], "rotation": 90, "texture": "#2"},
				"up": {"uv": [3, 9, 3, 9], "rotation": 90, "texture": "#2"},
				"down": {"uv": [3, 9, 3, 9], "rotation": 90, "texture": "#2"}
			}
		},
		{
			"from": [8.32709, 4.32309, 13.8455],
			"to": [9.69107, 5.47395, 17.23844],
			"rotation": {"angle": -22.5, "axis": "z", "origin": [9.00908, 7.75169, 16.04197]},
			"faces": {
				"north": {"uv": [3, 9, 3, 9], "rotation": 90, "texture": "#2"},
				"east": {"uv": [3, 9, 3, 9], "rotation": 90, "texture": "#2"},
				"south": {"uv": [3, 9, 3, 9], "rotation": 90, "texture": "#2"},
				"west": {"uv": [3, 9, 3, 9], "rotation": 90, "texture": "#2"},
				"up": {"uv": [3, 9, 3, 9], "rotation": 90, "texture": "#2"},
				"down": {"uv": [3, 9, 3, 9], "rotation": 90, "texture": "#2"}
			}
		},
		{
			"from": [5.58048, 7.0697, 13.8455],
			"to": [6.73134, 8.43368, 17.23844],
			"rotation": {"angle": 22.5, "axis": "z", "origin": [9.00908, 7.75169, 16.04197]},
			"faces": {
				"north": {"uv": [3, 9, 3, 9], "texture": "#2"},
				"east": {"uv": [3, 9, 3, 9], "texture": "#2"},
				"south": {"uv": [3, 9, 3, 9], "texture": "#2"},
				"west": {"uv": [3, 9, 3, 9], "texture": "#2"},
				"up": {"uv": [3, 9, 3, 9], "texture": "#2"},
				"down": {"uv": [3, 9, 3, 9], "texture": "#2"}
			}
		},
		{
			"from": [5.58048, 7.0697, 13.8455],
			"to": [6.73134, 8.43368, 17.23844],
			"rotation": {"angle": 0, "axis": "z", "origin": [9.00908, 7.75169, 16.04197]},
			"faces": {
				"north": {"uv": [3, 9, 3, 9], "texture": "#2"},
				"east": {"uv": [3, 9, 3, 9], "texture": "#2"},
				"south": {"uv": [3, 9, 3, 9], "texture": "#2"},
				"west": {"uv": [3, 9, 3, 9], "texture": "#2"},
				"up": {"uv": [3, 9, 3, 9], "texture": "#2"},
				"down": {"uv": [3, 9, 3, 9], "texture": "#2"}
			}
		},
		{
			"from": [5.58048, 7.0697, 13.8455],
			"to": [6.73134, 8.43368, 17.23844],
			"rotation": {"angle": -22.5, "axis": "z", "origin": [9.00908, 7.75169, 16.04197]},
			"faces": {
				"north": {"uv": [3, 9, 3, 9], "texture": "#2"},
				"east": {"uv": [3, 9, 3, 9], "texture": "#2"},
				"south": {"uv": [3, 9, 3, 9], "texture": "#2"},
				"west": {"uv": [3, 9, 3, 9], "texture": "#2"},
				"up": {"uv": [3, 9, 3, 9], "texture": "#2"},
				"down": {"uv": [3, 9, 3, 9], "texture": "#2"}
			}
		},
		{
			"from": [5.58048, 7.0697, 13.8455],
			"to": [6.73134, 8.43368, 17.23844],
			"rotation": {"angle": -45, "axis": "z", "origin": [9.00908, 7.75169, 16.04197]},
			"faces": {
				"north": {"uv": [3, 9, 3, 9], "texture": "#2"},
				"east": {"uv": [3, 9, 3, 9], "texture": "#2"},
				"south": {"uv": [3, 9, 3, 9], "texture": "#2"},
				"west": {"uv": [3, 9, 3, 9], "texture": "#2"},
				"up": {"uv": [3, 9, 3, 9], "texture": "#2"},
				"down": {"uv": [3, 9, 3, 9], "texture": "#2"}
			}
		},
		{
			"from": [8.32709, 10.02943, 13.8455],
			"to": [9.69107, 11.18029, 17.23844],
			"rotation": {"angle": 22.5, "axis": "z", "origin": [9.00908, 7.75169, 16.04197]},
			"faces": {
				"north": {"uv": [3, 9, 3, 9], "rotation": 270, "texture": "#2"},
				"east": {"uv": [3, 9, 3, 9], "rotation": 270, "texture": "#2"},
				"south": {"uv": [3, 9, 3, 9], "rotation": 270, "texture": "#2"},
				"west": {"uv": [3, 9, 3, 9], "rotation": 270, "texture": "#2"},
				"up": {"uv": [3, 9, 3, 9], "rotation": 270, "texture": "#2"},
				"down": {"uv": [3, 9, 3, 9], "rotation": 270, "texture": "#2"}
			}
		},
		{
			"from": [11.28682, 7.0697, 13.8455],
			"to": [12.43767, 8.43368, 17.23844],
			"rotation": {"angle": 0, "axis": "z", "origin": [9.00908, 7.75169, 16.04197]},
			"faces": {
				"north": {"uv": [3, 9, 3, 9], "rotation": 180, "texture": "#2"},
				"east": {"uv": [3, 9, 3, 9], "rotation": 180, "texture": "#2"},
				"south": {"uv": [3, 9, 3, 9], "rotation": 180, "texture": "#2"},
				"west": {"uv": [3, 9, 3, 9], "rotation": 180, "texture": "#2"},
				"up": {"uv": [3, 9, 3, 9], "rotation": 180, "texture": "#2"},
				"down": {"uv": [3, 9, 3, 9], "rotation": 180, "texture": "#2"}
			}
		},
		{
			"from": [11.28682, 7.0697, 13.8455],
			"to": [12.43767, 8.43368, 17.23844],
			"rotation": {"angle": -22.5, "axis": "z", "origin": [9.00908, 7.75169, 16.04197]},
			"faces": {
				"north": {"uv": [3, 9, 3, 9], "rotation": 180, "texture": "#2"},
				"east": {"uv": [3, 9, 3, 9], "rotation": 180, "texture": "#2"},
				"south": {"uv": [3, 9, 3, 9], "rotation": 180, "texture": "#2"},
				"west": {"uv": [3, 9, 3, 9], "rotation": 180, "texture": "#2"},
				"up": {"uv": [3, 9, 3, 9], "rotation": 180, "texture": "#2"},
				"down": {"uv": [3, 9, 3, 9], "rotation": 180, "texture": "#2"}
			}
		},
		{
			"from": [8.32709, 4.32309, 13.8455],
			"to": [9.69107, 5.47395, 17.23844],
			"rotation": {"angle": 45, "axis": "z", "origin": [9.00908, 7.75169, 16.04197]},
			"faces": {
				"north": {"uv": [3, 9, 3, 9], "rotation": 90, "texture": "#2"},
				"east": {"uv": [3, 9, 3, 9], "rotation": 90, "texture": "#2"},
				"south": {"uv": [3, 9, 3, 9], "rotation": 90, "texture": "#2"},
				"west": {"uv": [3, 9, 3, 9], "rotation": 90, "texture": "#2"},
				"up": {"uv": [3, 9, 3, 9], "rotation": 90, "texture": "#2"},
				"down": {"uv": [3, 9, 3, 9], "rotation": 90, "texture": "#2"}
			}
		},
		{
			"from": [11.28682, 7.0697, 13.8455],
			"to": [12.43767, 8.43368, 17.23844],
			"rotation": {"angle": 22.5, "axis": "z", "origin": [9.00908, 7.75169, 16.04197]},
			"faces": {
				"north": {"uv": [3, 9, 3, 9], "rotation": 180, "texture": "#2"},
				"east": {"uv": [3, 9, 3, 9], "rotation": 180, "texture": "#2"},
				"south": {"uv": [3, 9, 3, 9], "rotation": 180, "texture": "#2"},
				"west": {"uv": [3, 9, 3, 9], "rotation": 180, "texture": "#2"},
				"up": {"uv": [3, 9, 3, 9], "rotation": 180, "texture": "#2"},
				"down": {"uv": [3, 9, 3, 9], "rotation": 180, "texture": "#2"}
			}
		},
		{
			"from": [8.88082, 7.64803, 26.8455],
			"to": [9.13733, 8.39646, 28.48844],
			"rotation": {"angle": 0, "axis": "y", "origin": [9.00908, 7.75169, 28.04197]},
			"faces": {
				"north": {"uv": [0, 0, 4, 4], "rotation": 270, "texture": "#1"},
				"east": {"uv": [0, 0, 4, 4], "rotation": 270, "texture": "#1"},
				"south": {"uv": [0, 0, 4, 4], "rotation": 270, "texture": "#1"},
				"west": {"uv": [0, 0, 4, 4], "rotation": 270, "texture": "#1"},
				"up": {"uv": [0, 0, 4, 4], "rotation": 270, "texture": "#1"},
				"down": {"uv": [0, 0, 4, 4], "rotation": 270, "texture": "#1"}
			}
		},
		{
			"from": [8.88082, 7.64803, 26.8455],
			"to": [9.13733, 8.39646, 28.48844],
			"rotation": {"angle": -22.5, "axis": "z", "origin": [9.00908, 7.75169, 28.04197]},
			"faces": {
				"north": {"uv": [0, 0, 4, 4], "rotation": 270, "texture": "#1"},
				"east": {"uv": [0, 0, 4, 4], "rotation": 270, "texture": "#1"},
				"south": {"uv": [0, 0, 4, 4], "rotation": 270, "texture": "#1"},
				"west": {"uv": [0, 0, 4, 4], "rotation": 270, "texture": "#1"},
				"up": {"uv": [0, 0, 4, 4], "rotation": 270, "texture": "#1"},
				"down": {"uv": [0, 0, 4, 4], "rotation": 270, "texture": "#1"}
			}
		},
		{
			"from": [8.88082, 7.64803, 26.8455],
			"to": [9.13733, 8.39646, 28.48844],
			"rotation": {"angle": -45, "axis": "z", "origin": [9.00908, 7.75169, 28.04197]},
			"faces": {
				"north": {"uv": [0, 0, 4, 4], "rotation": 270, "texture": "#1"},
				"east": {"uv": [0, 0, 4, 4], "rotation": 270, "texture": "#1"},
				"south": {"uv": [0, 0, 4, 4], "rotation": 270, "texture": "#1"},
				"west": {"uv": [0, 0, 4, 4], "rotation": 270, "texture": "#1"},
				"up": {"uv": [0, 0, 4, 4], "rotation": 270, "texture": "#1"},
				"down": {"uv": [0, 0, 4, 4], "rotation": 270, "texture": "#1"}
			}
		},
		{
			"from": [8.90542, 7.62343, 26.8455],
			"to": [9.65385, 7.87994, 28.48844],
			"rotation": {"angle": 22.5, "axis": "z", "origin": [9.00908, 7.75169, 28.04197]},
			"faces": {
				"north": {"uv": [0, 0, 4, 4], "rotation": 180, "texture": "#1"},
				"east": {"uv": [0, 0, 4, 4], "rotation": 180, "texture": "#1"},
				"south": {"uv": [0, 0, 4, 4], "rotation": 180, "texture": "#1"},
				"west": {"uv": [0, 0, 4, 4], "rotation": 180, "texture": "#1"},
				"up": {"uv": [0, 0, 4, 4], "rotation": 180, "texture": "#1"},
				"down": {"uv": [0, 0, 4, 4], "rotation": 180, "texture": "#1"}
			}
		},
		{
			"from": [8.90542, 7.62343, 26.8455],
			"to": [9.65385, 7.87994, 28.48844],
			"rotation": {"angle": 0, "axis": "y", "origin": [9.00908, 7.75169, 28.04197]},
			"faces": {
				"north": {"uv": [0, 0, 4, 4], "rotation": 180, "texture": "#1"},
				"east": {"uv": [0, 0, 4, 4], "rotation": 180, "texture": "#1"},
				"south": {"uv": [0, 0, 4, 4], "rotation": 180, "texture": "#1"},
				"west": {"uv": [0, 0, 4, 4], "rotation": 180, "texture": "#1"},
				"up": {"uv": [0, 0, 4, 4], "rotation": 180, "texture": "#1"},
				"down": {"uv": [0, 0, 4, 4], "rotation": 180, "texture": "#1"}
			}
		},
		{
			"from": [8.90542, 7.62343, 26.8455],
			"to": [9.65385, 7.87994, 28.48844],
			"rotation": {"angle": -22.5, "axis": "z", "origin": [9.00908, 7.75169, 28.04197]},
			"faces": {
				"north": {"uv": [0, 0, 4, 4], "rotation": 180, "texture": "#1"},
				"east": {"uv": [0, 0, 4, 4], "rotation": 180, "texture": "#1"},
				"south": {"uv": [0, 0, 4, 4], "rotation": 180, "texture": "#1"},
				"west": {"uv": [0, 0, 4, 4], "rotation": 180, "texture": "#1"},
				"up": {"uv": [0, 0, 4, 4], "rotation": 180, "texture": "#1"},
				"down": {"uv": [0, 0, 4, 4], "rotation": 180, "texture": "#1"}
			}
		},
		{
			"from": [8.88082, 7.10692, 26.8455],
			"to": [9.13733, 7.85534, 28.48844],
			"rotation": {"angle": 45, "axis": "z", "origin": [9.00908, 7.75169, 28.04197]},
			"faces": {
				"north": {"uv": [0, 0, 4, 4], "rotation": 90, "texture": "#1"},
				"east": {"uv": [0, 0, 4, 4], "rotation": 90, "texture": "#1"},
				"south": {"uv": [0, 0, 4, 4], "rotation": 90, "texture": "#1"},
				"west": {"uv": [0, 0, 4, 4], "rotation": 90, "texture": "#1"},
				"up": {"uv": [0, 0, 4, 4], "rotation": 90, "texture": "#1"},
				"down": {"uv": [0, 0, 4, 4], "rotation": 90, "texture": "#1"}
			}
		},
		{
			"from": [8.88082, 7.10692, 26.8455],
			"to": [9.13733, 7.85534, 28.48844],
			"rotation": {"angle": 22.5, "axis": "z", "origin": [9.00908, 7.75169, 28.04197]},
			"faces": {
				"north": {"uv": [0, 0, 4, 4], "rotation": 90, "texture": "#1"},
				"east": {"uv": [0, 0, 4, 4], "rotation": 90, "texture": "#1"},
				"south": {"uv": [0, 0, 4, 4], "rotation": 90, "texture": "#1"},
				"west": {"uv": [0, 0, 4, 4], "rotation": 90, "texture": "#1"},
				"up": {"uv": [0, 0, 4, 4], "rotation": 90, "texture": "#1"},
				"down": {"uv": [0, 0, 4, 4], "rotation": 90, "texture": "#1"}
			}
		},
		{
			"from": [8.88082, 7.10692, 26.8455],
			"to": [9.13733, 7.85534, 28.48844],
			"rotation": {"angle": 0, "axis": "y", "origin": [9.00908, 7.75169, 28.04197]},
			"faces": {
				"north": {"uv": [0, 0, 4, 4], "rotation": 90, "texture": "#1"},
				"east": {"uv": [0, 0, 4, 4], "rotation": 90, "texture": "#1"},
				"south": {"uv": [0, 0, 4, 4], "rotation": 90, "texture": "#1"},
				"west": {"uv": [0, 0, 4, 4], "rotation": 90, "texture": "#1"},
				"up": {"uv": [0, 0, 4, 4], "rotation": 90, "texture": "#1"},
				"down": {"uv": [0, 0, 4, 4], "rotation": 90, "texture": "#1"}
			}
		},
		{
			"from": [8.88082, 7.10692, 26.8455],
			"to": [9.13733, 7.85534, 28.48844],
			"rotation": {"angle": -22.5, "axis": "z", "origin": [9.00908, 7.75169, 28.04197]},
			"faces": {
				"north": {"uv": [0, 0, 4, 4], "rotation": 90, "texture": "#1"},
				"east": {"uv": [0, 0, 4, 4], "rotation": 90, "texture": "#1"},
				"south": {"uv": [0, 0, 4, 4], "rotation": 90, "texture": "#1"},
				"west": {"uv": [0, 0, 4, 4], "rotation": 90, "texture": "#1"},
				"up": {"uv": [0, 0, 4, 4], "rotation": 90, "texture": "#1"},
				"down": {"uv": [0, 0, 4, 4], "rotation": 90, "texture": "#1"}
			}
		},
		{
			"from": [8.88082, 7.10692, 26.8455],
			"to": [9.13733, 7.85534, 28.48844],
			"rotation": {"angle": -45, "axis": "z", "origin": [9.00908, 7.75169, 28.04197]},
			"faces": {
				"north": {"uv": [0, 0, 4, 4], "rotation": 90, "texture": "#1"},
				"east": {"uv": [0, 0, 4, 4], "rotation": 90, "texture": "#1"},
				"south": {"uv": [0, 0, 4, 4], "rotation": 90, "texture": "#1"},
				"west": {"uv": [0, 0, 4, 4], "rotation": 90, "texture": "#1"},
				"up": {"uv": [0, 0, 4, 4], "rotation": 90, "texture": "#1"},
				"down": {"uv": [0, 0, 4, 4], "rotation": 90, "texture": "#1"}
			}
		},
		{
			"from": [8.3643, 7.62343, 26.8455],
			"to": [9.11273, 7.87994, 28.48844],
			"rotation": {"angle": 22.5, "axis": "z", "origin": [9.00908, 7.75169, 28.04197]},
			"faces": {
				"north": {"uv": [0, 0, 4, 4], "texture": "#1"},
				"east": {"uv": [0, 0, 4, 4], "texture": "#1"},
				"south": {"uv": [0, 0, 4, 4], "texture": "#1"},
				"west": {"uv": [0, 0, 4, 4], "texture": "#1"},
				"up": {"uv": [0, 0, 4, 4], "texture": "#1"},
				"down": {"uv": [0, 0, 4, 4], "texture": "#1"}
			}
		},
		{
			"from": [8.3643, 7.62343, 26.8455],
			"to": [9.11273, 7.87994, 28.48844],
			"rotation": {"angle": 0, "axis": "y", "origin": [9.00908, 7.75169, 28.04197]},
			"faces": {
				"north": {"uv": [0, 0, 4, 4], "texture": "#1"},
				"east": {"uv": [0, 0, 4, 4], "texture": "#1"},
				"south": {"uv": [0, 0, 4, 4], "texture": "#1"},
				"west": {"uv": [0, 0, 4, 4], "texture": "#1"},
				"up": {"uv": [0, 0, 4, 4], "texture": "#1"},
				"down": {"uv": [0, 0, 4, 4], "texture": "#1"}
			}
		},
		{
			"from": [8.3643, 7.62343, 26.8455],
			"to": [9.11273, 7.87994, 28.48844],
			"rotation": {"angle": -22.5, "axis": "z", "origin": [9.00908, 7.75169, 28.04197]},
			"faces": {
				"north": {"uv": [0, 0, 4, 4], "texture": "#1"},
				"east": {"uv": [0, 0, 4, 4], "texture": "#1"},
				"south": {"uv": [0, 0, 4, 4], "texture": "#1"},
				"west": {"uv": [0, 0, 4, 4], "texture": "#1"},
				"up": {"uv": [0, 0, 4, 4], "texture": "#1"},
				"down": {"uv": [0, 0, 4, 4], "texture": "#1"}
			}
		},
		{
			"from": [8.3643, 7.62343, 26.8455],
			"to": [9.11273, 7.87994, 28.48844],
			"rotation": {"angle": -45, "axis": "z", "origin": [9.00908, 7.75169, 28.04197]},
			"faces": {
				"north": {"uv": [0, 0, 4, 4], "texture": "#1"},
				"east": {"uv": [0, 0, 4, 4], "texture": "#1"},
				"south": {"uv": [0, 0, 4, 4], "texture": "#1"},
				"west": {"uv": [0, 0, 4, 4], "texture": "#1"},
				"up": {"uv": [0, 0, 4, 4], "texture": "#1"},
				"down": {"uv": [0, 0, 4, 4], "texture": "#1"}
			}
		},
		{
			"from": [8.88082, 7.64803, 26.8455],
			"to": [9.13733, 8.39646, 28.48844],
			"rotation": {"angle": 22.5, "axis": "z", "origin": [9.00908, 7.75169, 28.04197]},
			"faces": {
				"north": {"uv": [0, 0, 4, 4], "rotation": 270, "texture": "#1"},
				"east": {"uv": [0, 0, 4, 4], "rotation": 270, "texture": "#1"},
				"south": {"uv": [0, 0, 4, 4], "rotation": 270, "texture": "#1"},
				"west": {"uv": [0, 0, 4, 4], "rotation": 270, "texture": "#1"},
				"up": {"uv": [0, 0, 4, 4], "rotation": 270, "texture": "#1"},
				"down": {"uv": [0, 0, 4, 4], "rotation": 270, "texture": "#1"}
			}
		},
		{
			"from": [8.78005, 7.56659, 24.4455],
			"to": [9.2381, 8.90307, 26.83844],
			"rotation": {"angle": 0, "axis": "y", "origin": [9.00908, 7.75169, 25.64197]},
			"faces": {
				"north": {"uv": [0, 0, 4, 4], "rotation": 270, "texture": "#1"},
				"east": {"uv": [0, 0, 4, 4], "rotation": 270, "texture": "#1"},
				"south": {"uv": [0, 0, 4, 4], "rotation": 270, "texture": "#1"},
				"west": {"uv": [0, 0, 4, 4], "rotation": 270, "texture": "#1"},
				"up": {"uv": [0, 0, 4, 4], "rotation": 270, "texture": "#1"},
				"down": {"uv": [0, 0, 4, 4], "rotation": 270, "texture": "#1"}
			}
		},
		{
			"from": [8.78005, 7.56659, 24.4455],
			"to": [9.2381, 8.90307, 26.83844],
			"rotation": {"angle": -22.5, "axis": "z", "origin": [9.00908, 7.75169, 25.64197]},
			"faces": {
				"north": {"uv": [0, 0, 4, 4], "rotation": 270, "texture": "#1"},
				"east": {"uv": [0, 0, 4, 4], "rotation": 270, "texture": "#1"},
				"south": {"uv": [0, 0, 4, 4], "rotation": 270, "texture": "#1"},
				"west": {"uv": [0, 0, 4, 4], "rotation": 270, "texture": "#1"},
				"up": {"uv": [0, 0, 4, 4], "rotation": 270, "texture": "#1"},
				"down": {"uv": [0, 0, 4, 4], "rotation": 270, "texture": "#1"}
			}
		},
		{
			"from": [8.78005, 7.56659, 24.4455],
			"to": [9.2381, 8.90307, 26.83844],
			"rotation": {"angle": -45, "axis": "z", "origin": [9.00908, 7.75169, 25.64197]},
			"faces": {
				"north": {"uv": [0, 0, 4, 4], "rotation": 270, "texture": "#1"},
				"east": {"uv": [0, 0, 4, 4], "rotation": 270, "texture": "#1"},
				"south": {"uv": [0, 0, 4, 4], "rotation": 270, "texture": "#1"},
				"west": {"uv": [0, 0, 4, 4], "rotation": 270, "texture": "#1"},
				"up": {"uv": [0, 0, 4, 4], "rotation": 270, "texture": "#1"},
				"down": {"uv": [0, 0, 4, 4], "rotation": 270, "texture": "#1"}
			}
		},
		{
			"from": [8.82398, 7.52266, 24.4455],
			"to": [10.16046, 7.98071, 26.83844],
			"rotation": {"angle": 22.5, "axis": "z", "origin": [9.00908, 7.75169, 25.64197]},
			"faces": {
				"north": {"uv": [0, 0, 4, 4], "rotation": 180, "texture": "#1"},
				"east": {"uv": [0, 0, 4, 4], "rotation": 180, "texture": "#1"},
				"south": {"uv": [0, 0, 4, 4], "rotation": 180, "texture": "#1"},
				"west": {"uv": [0, 0, 4, 4], "rotation": 180, "texture": "#1"},
				"up": {"uv": [0, 0, 4, 4], "rotation": 180, "texture": "#1"},
				"down": {"uv": [0, 0, 4, 4], "rotation": 180, "texture": "#1"}
			}
		},
		{
			"from": [8.82398, 7.52266, 24.4455],
			"to": [10.16046, 7.98071, 26.83844],
			"rotation": {"angle": 0, "axis": "y", "origin": [9.00908, 7.75169, 25.64197]},
			"faces": {
				"north": {"uv": [0, 0, 4, 4], "rotation": 180, "texture": "#1"},
				"east": {"uv": [0, 0, 4, 4], "rotation": 180, "texture": "#1"},
				"south": {"uv": [0, 0, 4, 4], "rotation": 180, "texture": "#1"},
				"west": {"uv": [0, 0, 4, 4], "rotation": 180, "texture": "#1"},
				"up": {"uv": [0, 0, 4, 4], "rotation": 180, "texture": "#1"},
				"down": {"uv": [0, 0, 4, 4], "rotation": 180, "texture": "#1"}
			}
		},
		{
			"from": [8.82398, 7.52266, 24.4455],
			"to": [10.16046, 7.98071, 26.83844],
			"rotation": {"angle": -22.5, "axis": "z", "origin": [9.00908, 7.75169, 25.64197]},
			"faces": {
				"north": {"uv": [0, 0, 4, 4], "rotation": 180, "texture": "#1"},
				"east": {"uv": [0, 0, 4, 4], "rotation": 180, "texture": "#1"},
				"south": {"uv": [0, 0, 4, 4], "rotation": 180, "texture": "#1"},
				"west": {"uv": [0, 0, 4, 4], "rotation": 180, "texture": "#1"},
				"up": {"uv": [0, 0, 4, 4], "rotation": 180, "texture": "#1"},
				"down": {"uv": [0, 0, 4, 4], "rotation": 180, "texture": "#1"}
			}
		},
		{
			"from": [8.78005, 7.56659, 24.4455],
			"to": [9.2381, 8.90307, 26.83844],
			"rotation": {"angle": 22.5, "axis": "z", "origin": [9.00908, 7.75169, 25.64197]},
			"faces": {
				"north": {"uv": [0, 0, 4, 4], "rotation": 270, "texture": "#1"},
				"east": {"uv": [0, 0, 4, 4], "rotation": 270, "texture": "#1"},
				"south": {"uv": [0, 0, 4, 4], "rotation": 270, "texture": "#1"},
				"west": {"uv": [0, 0, 4, 4], "rotation": 270, "texture": "#1"},
				"up": {"uv": [0, 0, 4, 4], "rotation": 270, "texture": "#1"},
				"down": {"uv": [0, 0, 4, 4], "rotation": 270, "texture": "#1"}
			}
		},
		{
			"from": [7.8577, 7.52266, 24.4455],
			"to": [9.19417, 7.98071, 26.83844],
			"rotation": {"angle": -45, "axis": "z", "origin": [9.00908, 7.75169, 25.64197]},
			"faces": {
				"north": {"uv": [0, 0, 4, 4], "texture": "#1"},
				"east": {"uv": [0, 0, 4, 4], "texture": "#1"},
				"south": {"uv": [0, 0, 4, 4], "texture": "#1"},
				"west": {"uv": [0, 0, 4, 4], "texture": "#1"},
				"up": {"uv": [0, 0, 4, 4], "texture": "#1"},
				"down": {"uv": [0, 0, 4, 4], "texture": "#1"}
			}
		},
		{
			"from": [7.8577, 7.52266, 24.4455],
			"to": [9.19417, 7.98071, 26.83844],
			"rotation": {"angle": -22.5, "axis": "z", "origin": [9.00908, 7.75169, 25.64197]},
			"faces": {
				"north": {"uv": [0, 0, 4, 4], "texture": "#1"},
				"east": {"uv": [0, 0, 4, 4], "texture": "#1"},
				"south": {"uv": [0, 0, 4, 4], "texture": "#1"},
				"west": {"uv": [0, 0, 4, 4], "texture": "#1"},
				"up": {"uv": [0, 0, 4, 4], "texture": "#1"},
				"down": {"uv": [0, 0, 4, 4], "texture": "#1"}
			}
		},
		{
			"from": [7.8577, 7.52266, 24.4455],
			"to": [9.19417, 7.98071, 26.83844],
			"rotation": {"angle": 0, "axis": "y", "origin": [9.00908, 7.75169, 25.64197]},
			"faces": {
				"north": {"uv": [0, 0, 4, 4], "texture": "#1"},
				"east": {"uv": [0, 0, 4, 4], "texture": "#1"},
				"south": {"uv": [0, 0, 4, 4], "texture": "#1"},
				"west": {"uv": [0, 0, 4, 4], "texture": "#1"},
				"up": {"uv": [0, 0, 4, 4], "texture": "#1"},
				"down": {"uv": [0, 0, 4, 4], "texture": "#1"}
			}
		},
		{
			"from": [7.8577, 7.52266, 24.4455],
			"to": [9.19417, 7.98071, 26.83844],
			"rotation": {"angle": 22.5, "axis": "z", "origin": [9.00908, 7.75169, 25.64197]},
			"faces": {
				"north": {"uv": [0, 0, 4, 4], "texture": "#1"},
				"east": {"uv": [0, 0, 4, 4], "texture": "#1"},
				"south": {"uv": [0, 0, 4, 4], "texture": "#1"},
				"west": {"uv": [0, 0, 4, 4], "texture": "#1"},
				"up": {"uv": [0, 0, 4, 4], "texture": "#1"},
				"down": {"uv": [0, 0, 4, 4], "texture": "#1"}
			}
		},
		{
			"from": [8.78005, 6.60031, 24.4455],
			"to": [9.2381, 7.93679, 26.83844],
			"rotation": {"angle": -45, "axis": "z", "origin": [9.00908, 7.75169, 25.64197]},
			"faces": {
				"north": {"uv": [0, 0, 4, 4], "rotation": 90, "texture": "#1"},
				"east": {"uv": [0, 0, 4, 4], "rotation": 90, "texture": "#1"},
				"south": {"uv": [0, 0, 4, 4], "rotation": 90, "texture": "#1"},
				"west": {"uv": [0, 0, 4, 4], "rotation": 90, "texture": "#1"},
				"up": {"uv": [0, 0, 4, 4], "rotation": 90, "texture": "#1"},
				"down": {"uv": [0, 0, 4, 4], "rotation": 90, "texture": "#1"}
			}
		},
		{
			"from": [8.78005, 6.60031, 24.4455],
			"to": [9.2381, 7.93679, 26.83844],
			"rotation": {"angle": -22.5, "axis": "z", "origin": [9.00908, 7.75169, 25.64197]},
			"faces": {
				"north": {"uv": [0, 0, 4, 4], "rotation": 90, "texture": "#1"},
				"east": {"uv": [0, 0, 4, 4], "rotation": 90, "texture": "#1"},
				"south": {"uv": [0, 0, 4, 4], "rotation": 90, "texture": "#1"},
				"west": {"uv": [0, 0, 4, 4], "rotation": 90, "texture": "#1"},
				"up": {"uv": [0, 0, 4, 4], "rotation": 90, "texture": "#1"},
				"down": {"uv": [0, 0, 4, 4], "rotation": 90, "texture": "#1"}
			}
		},
		{
			"from": [8.78005, 6.60031, 24.4455],
			"to": [9.2381, 7.93679, 26.83844],
			"rotation": {"angle": 0, "axis": "y", "origin": [9.00908, 7.75169, 25.64197]},
			"faces": {
				"north": {"uv": [0, 0, 4, 4], "rotation": 90, "texture": "#1"},
				"east": {"uv": [0, 0, 4, 4], "rotation": 90, "texture": "#1"},
				"south": {"uv": [0, 0, 4, 4], "rotation": 90, "texture": "#1"},
				"west": {"uv": [0, 0, 4, 4], "rotation": 90, "texture": "#1"},
				"up": {"uv": [0, 0, 4, 4], "rotation": 90, "texture": "#1"},
				"down": {"uv": [0, 0, 4, 4], "rotation": 90, "texture": "#1"}
			}
		},
		{
			"from": [8.78005, 6.60031, 24.4455],
			"to": [9.2381, 7.93679, 26.83844],
			"rotation": {"angle": 22.5, "axis": "z", "origin": [9.00908, 7.75169, 25.64197]},
			"faces": {
				"north": {"uv": [0, 0, 4, 4], "rotation": 90, "texture": "#1"},
				"east": {"uv": [0, 0, 4, 4], "rotation": 90, "texture": "#1"},
				"south": {"uv": [0, 0, 4, 4], "rotation": 90, "texture": "#1"},
				"west": {"uv": [0, 0, 4, 4], "rotation": 90, "texture": "#1"},
				"up": {"uv": [0, 0, 4, 4], "rotation": 90, "texture": "#1"},
				"down": {"uv": [0, 0, 4, 4], "rotation": 90, "texture": "#1"}
			}
		},
		{
			"from": [8.78005, 6.60031, 24.4455],
			"to": [9.2381, 7.93679, 26.83844],
			"rotation": {"angle": 45, "axis": "z", "origin": [9.00908, 7.75169, 25.64197]},
			"faces": {
				"north": {"uv": [0, 0, 4, 4], "rotation": 90, "texture": "#1"},
				"east": {"uv": [0, 0, 4, 4], "rotation": 90, "texture": "#1"},
				"south": {"uv": [0, 0, 4, 4], "rotation": 90, "texture": "#1"},
				"west": {"uv": [0, 0, 4, 4], "rotation": 90, "texture": "#1"},
				"up": {"uv": [0, 0, 4, 4], "rotation": 90, "texture": "#1"},
				"down": {"uv": [0, 0, 4, 4], "rotation": 90, "texture": "#1"}
			}
		},
		{
			"from": [8.67425, 6.06838, 22.0455],
			"to": [9.34391, 6.63341, 24.43844],
			"rotation": {"angle": 0, "axis": "y", "origin": [9.00908, 7.75169, 23.24197]},
			"faces": {
				"north": {"uv": [0, 0, 4, 4], "rotation": 90, "texture": "#1"},
				"east": {"uv": [0, 0, 4, 4], "rotation": 90, "texture": "#1"},
				"south": {"uv": [0, 0, 4, 4], "rotation": 90, "texture": "#1"},
				"west": {"uv": [0, 0, 4, 4], "rotation": 90, "texture": "#1"},
				"up": {"uv": [0, 0, 4, 4], "rotation": 90, "texture": "#1"},
				"down": {"uv": [0, 0, 4, 4], "rotation": 90, "texture": "#1"}
			}
		},
		{
			"from": [8.67425, 6.06838, 22.0455],
			"to": [9.34391, 6.63341, 24.43844],
			"rotation": {"angle": 22.5, "axis": "z", "origin": [9.00908, 7.75169, 23.24197]},
			"faces": {
				"north": {"uv": [0, 0, 4, 4], "rotation": 90, "texture": "#1"},
				"east": {"uv": [0, 0, 4, 4], "rotation": 90, "texture": "#1"},
				"south": {"uv": [0, 0, 4, 4], "rotation": 90, "texture": "#1"},
				"west": {"uv": [0, 0, 4, 4], "rotation": 90, "texture": "#1"},
				"up": {"uv": [0, 0, 4, 4], "rotation": 90, "texture": "#1"},
				"down": {"uv": [0, 0, 4, 4], "rotation": 90, "texture": "#1"}
			}
		},
		{
			"from": [8.67425, 6.06838, 22.0455],
			"to": [9.34391, 6.63341, 24.43844],
			"rotation": {"angle": 45, "axis": "z", "origin": [9.00908, 7.75169, 23.24197]},
			"faces": {
				"north": {"uv": [0, 0, 4, 4], "rotation": 90, "texture": "#1"},
				"east": {"uv": [0, 0, 4, 4], "rotation": 90, "texture": "#1"},
				"south": {"uv": [0, 0, 4, 4], "rotation": 90, "texture": "#1"},
				"west": {"uv": [0, 0, 4, 4], "rotation": 90, "texture": "#1"},
				"up": {"uv": [0, 0, 4, 4], "rotation": 90, "texture": "#1"},
				"down": {"uv": [0, 0, 4, 4], "rotation": 90, "texture": "#1"}
			}
		},
		{
			"from": [7.32577, 7.41686, 22.0455],
			"to": [7.8908, 8.08652, 24.43844],
			"rotation": {"angle": 0, "axis": "y", "origin": [9.00908, 7.75169, 23.24197]},
			"faces": {
				"north": {"uv": [0, 0, 4, 4], "texture": "#1"},
				"east": {"uv": [0, 0, 4, 4], "texture": "#1"},
				"south": {"uv": [0, 0, 4, 4], "texture": "#1"},
				"west": {"uv": [0, 0, 4, 4], "texture": "#1"},
				"up": {"uv": [0, 0, 4, 4], "texture": "#1"},
				"down": {"uv": [0, 0, 4, 4], "texture": "#1"}
			}
		},
		{
			"from": [7.32577, 7.41686, 22.0455],
			"to": [7.8908, 8.08652, 24.43844],
			"rotation": {"angle": 22.5, "axis": "z", "origin": [9.00908, 7.75169, 23.24197]},
			"faces": {
				"north": {"uv": [0, 0, 4, 4], "texture": "#1"},
				"east": {"uv": [0, 0, 4, 4], "texture": "#1"},
				"south": {"uv": [0, 0, 4, 4], "texture": "#1"},
				"west": {"uv": [0, 0, 4, 4], "texture": "#1"},
				"up": {"uv": [0, 0, 4, 4], "texture": "#1"},
				"down": {"uv": [0, 0, 4, 4], "texture": "#1"}
			}
		},
		{
			"from": [8.67425, 6.06838, 22.0455],
			"to": [9.34391, 6.63341, 24.43844],
			"rotation": {"angle": -45, "axis": "z", "origin": [9.00908, 7.75169, 23.24197]},
			"faces": {
				"north": {"uv": [0, 0, 4, 4], "rotation": 90, "texture": "#1"},
				"east": {"uv": [0, 0, 4, 4], "rotation": 90, "texture": "#1"},
				"south": {"uv": [0, 0, 4, 4], "rotation": 90, "texture": "#1"},
				"west": {"uv": [0, 0, 4, 4], "rotation": 90, "texture": "#1"},
				"up": {"uv": [0, 0, 4, 4], "rotation": 90, "texture": "#1"},
				"down": {"uv": [0, 0, 4, 4], "rotation": 90, "texture": "#1"}
			}
		},
		{
			"from": [8.67425, 6.06838, 22.0455],
			"to": [9.34391, 6.63341, 24.43844],
			"rotation": {"angle": -22.5, "axis": "z", "origin": [9.00908, 7.75169, 23.24197]},
			"faces": {
				"north": {"uv": [0, 0, 4, 4], "rotation": 90, "texture": "#1"},
				"east": {"uv": [0, 0, 4, 4], "rotation": 90, "texture": "#1"},
				"south": {"uv": [0, 0, 4, 4], "rotation": 90, "texture": "#1"},
				"west": {"uv": [0, 0, 4, 4], "rotation": 90, "texture": "#1"},
				"up": {"uv": [0, 0, 4, 4], "rotation": 90, "texture": "#1"},
				"down": {"uv": [0, 0, 4, 4], "rotation": 90, "texture": "#1"}
			}
		},
		{
			"from": [10.12736, 7.41686, 22.0455],
			"to": [10.69238, 8.08652, 24.43844],
			"rotation": {"angle": -22.5, "axis": "z", "origin": [9.00908, 7.75169, 23.24197]},
			"faces": {
				"north": {"uv": [0, 0, 4, 4], "rotation": 180, "texture": "#1"},
				"east": {"uv": [0, 0, 4, 4], "rotation": 180, "texture": "#1"},
				"south": {"uv": [0, 0, 4, 4], "rotation": 180, "texture": "#1"},
				"west": {"uv": [0, 0, 4, 4], "rotation": 180, "texture": "#1"},
				"up": {"uv": [0, 0, 4, 4], "rotation": 180, "texture": "#1"},
				"down": {"uv": [0, 0, 4, 4], "rotation": 180, "texture": "#1"}
			}
		},
		{
			"from": [10.12736, 7.41686, 22.0455],
			"to": [10.69238, 8.08652, 24.43844],
			"rotation": {"angle": 0, "axis": "y", "origin": [9.00908, 7.75169, 23.24197]},
			"faces": {
				"north": {"uv": [0, 0, 4, 4], "rotation": 180, "texture": "#1"},
				"east": {"uv": [0, 0, 4, 4], "rotation": 180, "texture": "#1"},
				"south": {"uv": [0, 0, 4, 4], "rotation": 180, "texture": "#1"},
				"west": {"uv": [0, 0, 4, 4], "rotation": 180, "texture": "#1"},
				"up": {"uv": [0, 0, 4, 4], "rotation": 180, "texture": "#1"},
				"down": {"uv": [0, 0, 4, 4], "rotation": 180, "texture": "#1"}
			}
		},
		{
			"from": [7.32577, 7.41686, 22.0455],
			"to": [7.8908, 8.08652, 24.43844],
			"rotation": {"angle": -22.5, "axis": "z", "origin": [9.00908, 7.75169, 23.24197]},
			"faces": {
				"north": {"uv": [0, 0, 4, 4], "texture": "#1"},
				"east": {"uv": [0, 0, 4, 4], "texture": "#1"},
				"south": {"uv": [0, 0, 4, 4], "texture": "#1"},
				"west": {"uv": [0, 0, 4, 4], "texture": "#1"},
				"up": {"uv": [0, 0, 4, 4], "texture": "#1"},
				"down": {"uv": [0, 0, 4, 4], "texture": "#1"}
			}
		},
		{
			"from": [7.32577, 7.41686, 22.0455],
			"to": [7.8908, 8.08652, 24.43844],
			"rotation": {"angle": -45, "axis": "z", "origin": [9.00908, 7.75169, 23.24197]},
			"faces": {
				"north": {"uv": [0, 0, 4, 4], "texture": "#1"},
				"east": {"uv": [0, 0, 4, 4], "texture": "#1"},
				"south": {"uv": [0, 0, 4, 4], "texture": "#1"},
				"west": {"uv": [0, 0, 4, 4], "texture": "#1"},
				"up": {"uv": [0, 0, 4, 4], "texture": "#1"},
				"down": {"uv": [0, 0, 4, 4], "texture": "#1"}
			}
		},
		{
			"from": [8.67425, 8.86997, 22.0455],
			"to": [9.34391, 9.43499, 24.43844],
			"rotation": {"angle": 22.5, "axis": "z", "origin": [9.00908, 7.75169, 23.24197]},
			"faces": {
				"north": {"uv": [0, 0, 4, 4], "rotation": 270, "texture": "#1"},
				"east": {"uv": [0, 0, 4, 4], "rotation": 270, "texture": "#1"},
				"south": {"uv": [0, 0, 4, 4], "rotation": 270, "texture": "#1"},
				"west": {"uv": [0, 0, 4, 4], "rotation": 270, "texture": "#1"},
				"up": {"uv": [0, 0, 4, 4], "rotation": 270, "texture": "#1"},
				"down": {"uv": [0, 0, 4, 4], "rotation": 270, "texture": "#1"}
			}
		},
		{
			"from": [8.67425, 8.86997, 22.0455],
			"to": [9.34391, 9.43499, 24.43844],
			"rotation": {"angle": 0, "axis": "y", "origin": [9.00908, 7.75169, 23.24197]},
			"faces": {
				"north": {"uv": [0, 0, 4, 4], "rotation": 270, "texture": "#1"},
				"east": {"uv": [0, 0, 4, 4], "rotation": 270, "texture": "#1"},
				"south": {"uv": [0, 0, 4, 4], "rotation": 270, "texture": "#1"},
				"west": {"uv": [0, 0, 4, 4], "rotation": 270, "texture": "#1"},
				"up": {"uv": [0, 0, 4, 4], "rotation": 270, "texture": "#1"},
				"down": {"uv": [0, 0, 4, 4], "rotation": 270, "texture": "#1"}
			}
		},
		{
			"from": [8.67425, 8.86997, 22.0455],
			"to": [9.34391, 9.43499, 24.43844],
			"rotation": {"angle": -22.5, "axis": "z", "origin": [9.00908, 7.75169, 23.24197]},
			"faces": {
				"north": {"uv": [0, 0, 4, 4], "rotation": 270, "texture": "#1"},
				"east": {"uv": [0, 0, 4, 4], "rotation": 270, "texture": "#1"},
				"south": {"uv": [0, 0, 4, 4], "rotation": 270, "texture": "#1"},
				"west": {"uv": [0, 0, 4, 4], "rotation": 270, "texture": "#1"},
				"up": {"uv": [0, 0, 4, 4], "rotation": 270, "texture": "#1"},
				"down": {"uv": [0, 0, 4, 4], "rotation": 270, "texture": "#1"}
			}
		},
		{
			"from": [8.67425, 8.86997, 22.0455],
			"to": [9.34391, 9.43499, 24.43844],
			"rotation": {"angle": -45, "axis": "z", "origin": [9.00908, 7.75169, 23.24197]},
			"faces": {
				"north": {"uv": [0, 0, 4, 4], "rotation": 270, "texture": "#1"},
				"east": {"uv": [0, 0, 4, 4], "rotation": 270, "texture": "#1"},
				"south": {"uv": [0, 0, 4, 4], "rotation": 270, "texture": "#1"},
				"west": {"uv": [0, 0, 4, 4], "rotation": 270, "texture": "#1"},
				"up": {"uv": [0, 0, 4, 4], "rotation": 270, "texture": "#1"},
				"down": {"uv": [0, 0, 4, 4], "rotation": 270, "texture": "#1"}
			}
		},
		{
			"from": [10.12736, 7.41686, 22.0455],
			"to": [10.69238, 8.08652, 24.43844],
			"rotation": {"angle": 22.5, "axis": "z", "origin": [9.00908, 7.75169, 23.24197]},
			"faces": {
				"north": {"uv": [0, 0, 4, 4], "rotation": 180, "texture": "#1"},
				"east": {"uv": [0, 0, 4, 4], "rotation": 180, "texture": "#1"},
				"south": {"uv": [0, 0, 4, 4], "rotation": 180, "texture": "#1"},
				"west": {"uv": [0, 0, 4, 4], "rotation": 180, "texture": "#1"},
				"up": {"uv": [0, 0, 4, 4], "rotation": 180, "texture": "#1"},
				"down": {"uv": [0, 0, 4, 4], "rotation": 180, "texture": "#1"}
			}
		},
		{
			"from": [8.56851, 9.22311, 19.6455],
			"to": [9.44964, 9.96656, 22.03844],
			"rotation": {"angle": 0, "axis": "y", "origin": [9.00908, 7.75169, 20.84197]},
			"faces": {
				"north": {"uv": [0, 0, 4, 4], "rotation": 270, "texture": "#1"},
				"east": {"uv": [0, 0, 4, 4], "rotation": 270, "texture": "#1"},
				"south": {"uv": [0, 0, 4, 4], "rotation": 270, "texture": "#1"},
				"west": {"uv": [0, 0, 4, 4], "rotation": 270, "texture": "#1"},
				"up": {"uv": [0, 0, 4, 4], "rotation": 270, "texture": "#1"},
				"down": {"uv": [0, 0, 4, 4], "rotation": 270, "texture": "#1"}
			}
		},
		{
			"from": [8.56851, 9.22311, 19.6455],
			"to": [9.44964, 9.96656, 22.03844],
			"rotation": {"angle": -22.5, "axis": "z", "origin": [9.00908, 7.75169, 20.84197]},
			"faces": {
				"north": {"uv": [0, 0, 4, 4], "rotation": 270, "texture": "#1"},
				"east": {"uv": [0, 0, 4, 4], "rotation": 270, "texture": "#1"},
				"south": {"uv": [0, 0, 4, 4], "rotation": 270, "texture": "#1"},
				"west": {"uv": [0, 0, 4, 4], "rotation": 270, "texture": "#1"},
				"up": {"uv": [0, 0, 4, 4], "rotation": 270, "texture": "#1"},
				"down": {"uv": [0, 0, 4, 4], "rotation": 270, "texture": "#1"}
			}
		},
		{
			"from": [8.56851, 9.22311, 19.6455],
			"to": [9.44964, 9.96656, 22.03844],
			"rotation": {"angle": -45, "axis": "z", "origin": [9.00908, 7.75169, 20.84197]},
			"faces": {
				"north": {"uv": [0, 0, 4, 4], "rotation": 270, "texture": "#1"},
				"east": {"uv": [0, 0, 4, 4], "rotation": 270, "texture": "#1"},
				"south": {"uv": [0, 0, 4, 4], "rotation": 270, "texture": "#1"},
				"west": {"uv": [0, 0, 4, 4], "rotation": 270, "texture": "#1"},
				"up": {"uv": [0, 0, 4, 4], "rotation": 270, "texture": "#1"},
				"down": {"uv": [0, 0, 4, 4], "rotation": 270, "texture": "#1"}
			}
		},
		{
			"from": [10.4805, 7.31112, 19.6455],
			"to": [11.22395, 8.19225, 22.03844],
			"rotation": {"angle": 22.5, "axis": "z", "origin": [9.00908, 7.75169, 20.84197]},
			"faces": {
				"north": {"uv": [0, 0, 4, 4], "rotation": 180, "texture": "#1"},
				"east": {"uv": [0, 0, 4, 4], "rotation": 180, "texture": "#1"},
				"south": {"uv": [0, 0, 4, 4], "rotation": 180, "texture": "#1"},
				"west": {"uv": [0, 0, 4, 4], "rotation": 180, "texture": "#1"},
				"up": {"uv": [0, 0, 4, 4], "rotation": 180, "texture": "#1"},
				"down": {"uv": [0, 0, 4, 4], "rotation": 180, "texture": "#1"}
			}
		},
		{
			"from": [10.4805, 7.31112, 19.6455],
			"to": [11.22395, 8.19225, 22.03844],
			"rotation": {"angle": 0, "axis": "y", "origin": [9.00908, 7.75169, 20.84197]},
			"faces": {
				"north": {"uv": [0, 0, 4, 4], "rotation": 180, "texture": "#1"},
				"east": {"uv": [0, 0, 4, 4], "rotation": 180, "texture": "#1"},
				"south": {"uv": [0, 0, 4, 4], "rotation": 180, "texture": "#1"},
				"west": {"uv": [0, 0, 4, 4], "rotation": 180, "texture": "#1"},
				"up": {"uv": [0, 0, 4, 4], "rotation": 180, "texture": "#1"},
				"down": {"uv": [0, 0, 4, 4], "rotation": 180, "texture": "#1"}
			}
		},
		{
			"from": [10.4805, 7.31112, 19.6455],
			"to": [11.22395, 8.19225, 22.03844],
			"rotation": {"angle": -22.5, "axis": "z", "origin": [9.00908, 7.75169, 20.84197]},
			"faces": {
				"north": {"uv": [0, 0, 4, 4], "rotation": 180, "texture": "#1"},
				"east": {"uv": [0, 0, 4, 4], "rotation": 180, "texture": "#1"},
				"south": {"uv": [0, 0, 4, 4], "rotation": 180, "texture": "#1"},
				"west": {"uv": [0, 0, 4, 4], "rotation": 180, "texture": "#1"},
				"up": {"uv": [0, 0, 4, 4], "rotation": 180, "texture": "#1"},
				"down": {"uv": [0, 0, 4, 4], "rotation": 180, "texture": "#1"}
			}
		},
		{
			"from": [8.56851, 9.22311, 19.6455],
			"to": [9.44964, 9.96656, 22.03844],
			"rotation": {"angle": 22.5, "axis": "z", "origin": [9.00908, 7.75169, 20.84197]},
			"faces": {
				"north": {"uv": [0, 0, 4, 4], "rotation": 270, "texture": "#1"},
				"east": {"uv": [0, 0, 4, 4], "rotation": 270, "texture": "#1"},
				"south": {"uv": [0, 0, 4, 4], "rotation": 270, "texture": "#1"},
				"west": {"uv": [0, 0, 4, 4], "rotation": 270, "texture": "#1"},
				"up": {"uv": [0, 0, 4, 4], "rotation": 270, "texture": "#1"},
				"down": {"uv": [0, 0, 4, 4], "rotation": 270, "texture": "#1"}
			}
		},
		{
			"from": [6.7942, 7.31112, 19.6455],
			"to": [7.53766, 8.19225, 22.03844],
			"rotation": {"angle": -45, "axis": "z", "origin": [9.00908, 7.75169, 20.84197]},
			"faces": {
				"north": {"uv": [0, 0, 4, 4], "texture": "#1"},
				"east": {"uv": [0, 0, 4, 4], "texture": "#1"},
				"south": {"uv": [0, 0, 4, 4], "texture": "#1"},
				"west": {"uv": [0, 0, 4, 4], "texture": "#1"},
				"up": {"uv": [0, 0, 4, 4], "texture": "#1"},
				"down": {"uv": [0, 0, 4, 4], "texture": "#1"}
			}
		},
		{
			"from": [6.7942, 7.31112, 19.6455],
			"to": [7.53766, 8.19225, 22.03844],
			"rotation": {"angle": -22.5, "axis": "z", "origin": [9.00908, 7.75169, 20.84197]},
			"faces": {
				"north": {"uv": [0, 0, 4, 4], "texture": "#1"},
				"east": {"uv": [0, 0, 4, 4], "texture": "#1"},
				"south": {"uv": [0, 0, 4, 4], "texture": "#1"},
				"west": {"uv": [0, 0, 4, 4], "texture": "#1"},
				"up": {"uv": [0, 0, 4, 4], "texture": "#1"},
				"down": {"uv": [0, 0, 4, 4], "texture": "#1"}
			}
		},
		{
			"from": [6.7942, 7.31112, 19.6455],
			"to": [7.53766, 8.19225, 22.03844],
			"rotation": {"angle": 0, "axis": "y", "origin": [9.00908, 7.75169, 20.84197]},
			"faces": {
				"north": {"uv": [0, 0, 4, 4], "texture": "#1"},
				"east": {"uv": [0, 0, 4, 4], "texture": "#1"},
				"south": {"uv": [0, 0, 4, 4], "texture": "#1"},
				"west": {"uv": [0, 0, 4, 4], "texture": "#1"},
				"up": {"uv": [0, 0, 4, 4], "texture": "#1"},
				"down": {"uv": [0, 0, 4, 4], "texture": "#1"}
			}
		},
		{
			"from": [6.7942, 7.31112, 19.6455],
			"to": [7.53766, 8.19225, 22.03844],
			"rotation": {"angle": 22.5, "axis": "z", "origin": [9.00908, 7.75169, 20.84197]},
			"faces": {
				"north": {"uv": [0, 0, 4, 4], "texture": "#1"},
				"east": {"uv": [0, 0, 4, 4], "texture": "#1"},
				"south": {"uv": [0, 0, 4, 4], "texture": "#1"},
				"west": {"uv": [0, 0, 4, 4], "texture": "#1"},
				"up": {"uv": [0, 0, 4, 4], "texture": "#1"},
				"down": {"uv": [0, 0, 4, 4], "texture": "#1"}
			}
		},
		{
			"from": [8.56851, 5.53681, 19.6455],
			"to": [9.44964, 6.28027, 22.03844],
			"rotation": {"angle": -45, "axis": "z", "origin": [9.00908, 7.75169, 20.84197]},
			"faces": {
				"north": {"uv": [0, 0, 4, 4], "rotation": 90, "texture": "#1"},
				"east": {"uv": [0, 0, 4, 4], "rotation": 90, "texture": "#1"},
				"south": {"uv": [0, 0, 4, 4], "rotation": 90, "texture": "#1"},
				"west": {"uv": [0, 0, 4, 4], "rotation": 90, "texture": "#1"},
				"up": {"uv": [0, 0, 4, 4], "rotation": 90, "texture": "#1"},
				"down": {"uv": [0, 0, 4, 4], "rotation": 90, "texture": "#1"}
			}
		},
		{
			"from": [8.56851, 5.53681, 19.6455],
			"to": [9.44964, 6.28027, 22.03844],
			"rotation": {"angle": 45, "axis": "z", "origin": [9.00908, 7.75169, 20.84197]},
			"faces": {
				"north": {"uv": [0, 0, 4, 4], "rotation": 90, "texture": "#1"},
				"east": {"uv": [0, 0, 4, 4], "rotation": 90, "texture": "#1"},
				"south": {"uv": [0, 0, 4, 4], "rotation": 90, "texture": "#1"},
				"west": {"uv": [0, 0, 4, 4], "rotation": 90, "texture": "#1"},
				"up": {"uv": [0, 0, 4, 4], "rotation": 90, "texture": "#1"},
				"down": {"uv": [0, 0, 4, 4], "rotation": 90, "texture": "#1"}
			}
		},
		{
			"from": [8.56851, 5.53681, 19.6455],
			"to": [9.44964, 6.28027, 22.03844],
			"rotation": {"angle": 22.5, "axis": "z", "origin": [9.00908, 7.75169, 20.84197]},
			"faces": {
				"north": {"uv": [0, 0, 4, 4], "rotation": 90, "texture": "#1"},
				"east": {"uv": [0, 0, 4, 4], "rotation": 90, "texture": "#1"},
				"south": {"uv": [0, 0, 4, 4], "rotation": 90, "texture": "#1"},
				"west": {"uv": [0, 0, 4, 4], "rotation": 90, "texture": "#1"},
				"up": {"uv": [0, 0, 4, 4], "rotation": 90, "texture": "#1"},
				"down": {"uv": [0, 0, 4, 4], "rotation": 90, "texture": "#1"}
			}
		},
		{
			"from": [8.56851, 5.53681, 19.6455],
			"to": [9.44964, 6.28027, 22.03844],
			"rotation": {"angle": 0, "axis": "y", "origin": [9.00908, 7.75169, 20.84197]},
			"faces": {
				"north": {"uv": [0, 0, 4, 4], "rotation": 90, "texture": "#1"},
				"east": {"uv": [0, 0, 4, 4], "rotation": 90, "texture": "#1"},
				"south": {"uv": [0, 0, 4, 4], "rotation": 90, "texture": "#1"},
				"west": {"uv": [0, 0, 4, 4], "rotation": 90, "texture": "#1"},
				"up": {"uv": [0, 0, 4, 4], "rotation": 90, "texture": "#1"},
				"down": {"uv": [0, 0, 4, 4], "rotation": 90, "texture": "#1"}
			}
		},
		{
			"from": [8.56851, 5.53681, 19.6455],
			"to": [9.44964, 6.28027, 22.03844],
			"rotation": {"angle": -22.5, "axis": "z", "origin": [9.00908, 7.75169, 20.84197]},
			"faces": {
				"north": {"uv": [0, 0, 4, 4], "rotation": 90, "texture": "#1"},
				"east": {"uv": [0, 0, 4, 4], "rotation": 90, "texture": "#1"},
				"south": {"uv": [0, 0, 4, 4], "rotation": 90, "texture": "#1"},
				"west": {"uv": [0, 0, 4, 4], "rotation": 90, "texture": "#1"},
				"up": {"uv": [0, 0, 4, 4], "rotation": 90, "texture": "#1"},
				"down": {"uv": [0, 0, 4, 4], "rotation": 90, "texture": "#1"}
			}
		},
		{
			"from": [8.20673, 7.16174, -4.95509],
			"to": [9.80673, 11.76174, -4.45509],
			"rotation": {"angle": 0, "axis": "y", "origin": [9.00685, 7.73999, 7.04491]},
			"faces": {
				"north": {"uv": [3, 9, 3, 9], "rotation": 270, "texture": "#2"},
				"east": {"uv": [3, 9, 3, 9], "rotation": 270, "texture": "#2"},
				"south": {"uv": [3, 9, 3, 9], "rotation": 270, "texture": "#2"},
				"west": {"uv": [3, 9, 3, 9], "rotation": 270, "texture": "#2"},
				"up": {"uv": [3, 9, 3, 9], "rotation": 270, "texture": "#2"},
				"down": {"uv": [3, 9, 3, 9], "rotation": 270, "texture": "#2"}
			}
		},
		{
			"from": [8.20674, 7.16192, -4.95509],
			"to": [9.80674, 11.76192, -4.45509],
			"rotation": {"angle": 22.5, "axis": "z", "origin": [9.00685, 7.73999, 7.04491]},
			"faces": {
				"north": {"uv": [3, 9, 3, 9], "rotation": 270, "texture": "#2"},
				"east": {"uv": [3, 9, 3, 9], "rotation": 270, "texture": "#2"},
				"south": {"uv": [3, 9, 3, 9], "rotation": 270, "texture": "#2"},
				"west": {"uv": [3, 9, 3, 9], "rotation": 270, "texture": "#2"},
				"up": {"uv": [3, 9, 3, 9], "rotation": 270, "texture": "#2"},
				"down": {"uv": [3, 9, 3, 9], "rotation": 270, "texture": "#2"}
			}
		},
		{
			"from": [4.98507, 6.9399, -4.95509],
			"to": [9.58507, 8.5399, -4.45509],
			"rotation": {"angle": -45, "axis": "z", "origin": [9.00685, 7.73999, 7.04491]},
			"faces": {
				"north": {"uv": [3, 9, 3, 9], "texture": "#2"},
				"east": {"uv": [3, 9, 3, 9], "texture": "#2"},
				"south": {"uv": [3, 9, 3, 9], "texture": "#2"},
				"west": {"uv": [3, 9, 3, 9], "texture": "#2"},
				"up": {"uv": [3, 9, 3, 9], "texture": "#2"},
				"down": {"uv": [3, 9, 3, 9], "texture": "#2"}
			}
		},
		{
			"from": [4.98514, 6.94006, -4.95509],
			"to": [9.58514, 8.54006, -4.45509],
			"rotation": {"angle": -22.5, "axis": "z", "origin": [9.00685, 7.73999, 7.04491]},
			"faces": {
				"north": {"uv": [3, 9, 3, 9], "texture": "#2"},
				"east": {"uv": [3, 9, 3, 9], "texture": "#2"},
				"south": {"uv": [3, 9, 3, 9], "texture": "#2"},
				"west": {"uv": [3, 9, 3, 9], "texture": "#2"},
				"up": {"uv": [3, 9, 3, 9], "texture": "#2"},
				"down": {"uv": [3, 9, 3, 9], "texture": "#2"}
			}
		},
		{
			"from": [8.20673, 3.71822, -4.95509],
			"to": [9.80673, 8.56822, -4.45509],
			"rotation": {"angle": 0, "axis": "y", "origin": [9.00685, 7.73999, 7.04491]},
			"faces": {
				"north": {"uv": [3, 9, 3, 9], "rotation": 90, "texture": "#2"},
				"east": {"uv": [3, 9, 3, 9], "rotation": 90, "texture": "#2"},
				"south": {"uv": [3, 9, 3, 9], "rotation": 90, "texture": "#2"},
				"west": {"uv": [3, 9, 3, 9], "rotation": 90, "texture": "#2"},
				"up": {"uv": [3, 9, 3, 9], "rotation": 90, "texture": "#2"},
				"down": {"uv": [3, 9, 3, 9], "rotation": 90, "texture": "#2"}
			}
		},
		{
			"from": [8.20683, 3.71814, -4.95509],
			"to": [9.80683, 8.56814, -4.45509],
			"rotation": {"angle": -22.5, "axis": "z", "origin": [9.00685, 7.73999, 7.04491]},
			"faces": {
				"north": {"uv": [3, 9, 3, 9], "rotation": 90, "texture": "#2"},
				"east": {"uv": [3, 9, 3, 9], "rotation": 90, "texture": "#2"},
				"south": {"uv": [3, 9, 3, 9], "rotation": 90, "texture": "#2"},
				"west": {"uv": [3, 9, 3, 9], "rotation": 90, "texture": "#2"},
				"up": {"uv": [3, 9, 3, 9], "rotation": 90, "texture": "#2"},
				"down": {"uv": [3, 9, 3, 9], "rotation": 90, "texture": "#2"}
			}
		},
		{
			"from": [4.98491, 6.94017, -4.95509],
			"to": [9.83491, 8.54017, -4.45509],
			"rotation": {"angle": 45, "axis": "z", "origin": [9.00685, 7.73999, 7.04491]},
			"faces": {
				"north": {"uv": [3, 9, 3, 9], "texture": "#2"},
				"east": {"uv": [3, 9, 3, 9], "texture": "#2"},
				"south": {"uv": [3, 9, 3, 9], "texture": "#2"},
				"west": {"uv": [3, 9, 3, 9], "texture": "#2"},
				"up": {"uv": [3, 9, 3, 9], "texture": "#2"},
				"down": {"uv": [3, 9, 3, 9], "texture": "#2"}
			}
		},
		{
			"from": [4.98509, 6.93993, -4.95509],
			"to": [9.83509, 8.53993, -4.45509],
			"rotation": {"angle": 22.5, "axis": "z", "origin": [9.00685, 7.73999, 7.04491]},
			"faces": {
				"north": {"uv": [3, 9, 3, 9], "texture": "#2"},
				"east": {"uv": [3, 9, 3, 9], "texture": "#2"},
				"south": {"uv": [3, 9, 3, 9], "texture": "#2"},
				"west": {"uv": [3, 9, 3, 9], "texture": "#2"},
				"up": {"uv": [3, 9, 3, 9], "texture": "#2"},
				"down": {"uv": [3, 9, 3, 9], "texture": "#2"}
			}
		},
		{
			"from": [8.20685, 3.71817, -4.95509],
			"to": [9.80685, 8.56817, -4.45509],
			"rotation": {"angle": 22.5, "axis": "z", "origin": [9.00685, 7.73999, 7.04491]},
			"faces": {
				"north": {"uv": [3, 9, 3, 9], "rotation": 90, "texture": "#2"},
				"east": {"uv": [3, 9, 3, 9], "rotation": 90, "texture": "#2"},
				"south": {"uv": [3, 9, 3, 9], "rotation": 90, "texture": "#2"},
				"west": {"uv": [3, 9, 3, 9], "rotation": 90, "texture": "#2"},
				"up": {"uv": [3, 9, 3, 9], "rotation": 90, "texture": "#2"},
				"down": {"uv": [3, 9, 3, 9], "rotation": 90, "texture": "#2"}
			}
		},
		{
			"from": [8.20699, 3.71809, -4.95509],
			"to": [9.80699, 8.56809, -4.45509],
			"rotation": {"angle": 45, "axis": "z", "origin": [9.00685, 7.73999, 7.04491]},
			"faces": {
				"north": {"uv": [3, 9, 3, 9], "rotation": 90, "texture": "#2"},
				"east": {"uv": [3, 9, 3, 9], "rotation": 90, "texture": "#2"},
				"south": {"uv": [3, 9, 3, 9], "rotation": 90, "texture": "#2"},
				"west": {"uv": [3, 9, 3, 9], "rotation": 90, "texture": "#2"},
				"up": {"uv": [3, 9, 3, 9], "rotation": 90, "texture": "#2"},
				"down": {"uv": [3, 9, 3, 9], "rotation": 90, "texture": "#2"}
			}
		},
		{
			"from": [8.42881, 6.93998, -4.95509],
			"to": [13.02881, 8.53998, -4.45509],
			"rotation": {"angle": 0, "axis": "y", "origin": [9.00685, 7.73999, 7.04491]},
			"faces": {
				"north": {"uv": [3, 9, 3, 9], "rotation": 180, "texture": "#2"},
				"east": {"uv": [3, 9, 3, 9], "rotation": 180, "texture": "#2"},
				"south": {"uv": [3, 9, 3, 9], "rotation": 180, "texture": "#2"},
				"west": {"uv": [3, 9, 3, 9], "rotation": 180, "texture": "#2"},
				"up": {"uv": [3, 9, 3, 9], "rotation": 180, "texture": "#2"},
				"down": {"uv": [3, 9, 3, 9], "rotation": 180, "texture": "#2"}
			}
		},
		{
			"from": [8.42891, 6.9399, -4.95509],
			"to": [13.02891, 8.5399, -4.45509],
			"rotation": {"angle": -22.5, "axis": "z", "origin": [9.00685, 7.73999, 7.04491]},
			"faces": {
				"north": {"uv": [3, 9, 3, 9], "rotation": 180, "texture": "#2"},
				"east": {"uv": [3, 9, 3, 9], "rotation": 180, "texture": "#2"},
				"south": {"uv": [3, 9, 3, 9], "rotation": 180, "texture": "#2"},
				"west": {"uv": [3, 9, 3, 9], "rotation": 180, "texture": "#2"},
				"up": {"uv": [3, 9, 3, 9], "rotation": 180, "texture": "#2"},
				"down": {"uv": [3, 9, 3, 9], "rotation": 180, "texture": "#2"}
			}
		},
		{
			"from": [8.42882, 6.94016, -4.95509],
			"to": [13.02882, 8.54016, -4.45509],
			"rotation": {"angle": 22.5, "axis": "z", "origin": [9.00685, 7.73999, 7.04491]},
			"faces": {
				"north": {"uv": [3, 9, 3, 9], "rotation": 180, "texture": "#2"},
				"east": {"uv": [3, 7, 5, 9], "rotation": 180, "texture": "#2"},
				"south": {"uv": [3, 9, 3, 9], "rotation": 180, "texture": "#2"},
				"west": {"uv": [3, 9, 3, 9], "rotation": 180, "texture": "#2"},
				"up": {"uv": [3, 9, 3, 9], "rotation": 180, "texture": "#2"},
				"down": {"uv": [3, 9, 3, 9], "rotation": 180, "texture": "#2"}
			}
		},
		{
			"from": [8.42867, 6.93991, -4.95509],
			"to": [13.02867, 8.53991, -4.45509],
			"rotation": {"angle": 45, "axis": "z", "origin": [9.00685, 7.73999, 7.04491]},
			"faces": {
				"north": {"uv": [3, 9, 3, 9], "rotation": 180, "texture": "#2"},
				"east": {"uv": [3, 9, 3, 9], "rotation": 180, "texture": "#2"},
				"south": {"uv": [3, 9, 3, 9], "rotation": 180, "texture": "#2"},
				"west": {"uv": [3, 9, 3, 9], "rotation": 180, "texture": "#2"},
				"up": {"uv": [3, 9, 3, 9], "rotation": 180, "texture": "#2"},
				"down": {"uv": [3, 9, 3, 9], "rotation": 180, "texture": "#2"}
			}
		},
		{
			"from": [8.20675, 10.1617, -4.95509],
			"to": [9.80675, 11.7617, -4.45509],
			"rotation": {"angle": -22.5, "axis": "z", "origin": [9.00685, 7.73999, 7.04491]},
			"faces": {
				"north": {"uv": [3, 9, 3, 9], "rotation": 270, "texture": "#2"},
				"east": {"uv": [3, 9, 3, 9], "rotation": 270, "texture": "#2"},
				"south": {"uv": [3, 9, 3, 9], "rotation": 270, "texture": "#2"},
				"west": {"uv": [3, 9, 3, 9], "rotation": 270, "texture": "#2"},
				"up": {"uv": [3, 9, 3, 9], "rotation": 270, "texture": "#2"},
				"down": {"uv": [3, 9, 3, 9], "rotation": 270, "texture": "#2"}
			}
		},
		{
			"from": [4.98497, 6.93998, -4.95509],
			"to": [9.83497, 8.53998, -4.45509],
			"rotation": {"angle": 0, "axis": "y", "origin": [9.00685, 7.73999, 7.04491]},
			"faces": {
				"north": {"uv": [3, 9, 3, 9], "texture": "#2"},
				"east": {"uv": [3, 9, 3, 9], "texture": "#2"},
				"south": {"uv": [3, 9, 3, 9], "texture": "#2"},
				"west": {"uv": [3, 9, 3, 9], "texture": "#2"},
				"up": {"uv": [3, 9, 3, 9], "texture": "#2"},
				"down": {"uv": [3, 9, 3, 9], "texture": "#2"}
			}
		},
		{
			"from": [8.29047, 7.23073, -4.45509],
			"to": [9.73303, 11.37809, -3.70509],
			"rotation": {"angle": 0, "axis": "y", "origin": [9.01186, 7.75208, 7.04491]},
			"faces": {
				"north": {"uv": [3, 9, 3, 9], "rotation": 270, "texture": "#2"},
				"east": {"uv": [3, 9, 3, 9], "rotation": 270, "texture": "#2"},
				"south": {"uv": [3, 9, 3, 9], "rotation": 270, "texture": "#2"},
				"west": {"uv": [3, 9, 3, 9], "rotation": 270, "texture": "#2"},
				"up": {"uv": [3, 9, 3, 9], "rotation": 270, "texture": "#2"},
				"down": {"uv": [3, 9, 3, 9], "rotation": 270, "texture": "#2"}
			}
		},
		{
			"from": [8.29048, 7.23089, -4.45509],
			"to": [9.73304, 11.37825, -3.70509],
			"rotation": {"angle": 22.5, "axis": "z", "origin": [9.01186, 7.75208, 7.04491]},
			"faces": {
				"north": {"uv": [3, 9, 3, 9], "rotation": 270, "texture": "#2"},
				"east": {"uv": [3, 9, 3, 9], "rotation": 270, "texture": "#2"},
				"south": {"uv": [3, 9, 3, 9], "rotation": 270, "texture": "#2"},
				"west": {"uv": [3, 9, 3, 9], "rotation": 270, "texture": "#2"},
				"up": {"uv": [3, 9, 3, 9], "rotation": 270, "texture": "#2"},
				"down": {"uv": [3, 9, 3, 9], "rotation": 270, "texture": "#2"}
			}
		},
		{
			"from": [5.38582, 7.03072, -4.45509],
			"to": [9.53318, 8.47328, -3.70509],
			"rotation": {"angle": -45, "axis": "z", "origin": [9.01186, 7.75208, 7.04491]},
			"faces": {
				"north": {"uv": [3, 9, 3, 9], "texture": "#2"},
				"east": {"uv": [3, 9, 3, 9], "texture": "#2"},
				"south": {"uv": [3, 9, 3, 9], "texture": "#2"},
				"west": {"uv": [3, 9, 3, 9], "texture": "#2"},
				"up": {"uv": [3, 9, 3, 9], "texture": "#2"},
				"down": {"uv": [3, 9, 3, 9], "texture": "#2"}
			}
		},
		{
			"from": [5.38589, 7.03087, -4.45509],
			"to": [9.53325, 8.47343, -3.70509],
			"rotation": {"angle": -22.5, "axis": "z", "origin": [9.01186, 7.75208, 7.04491]},
			"faces": {
				"north": {"uv": [3, 9, 3, 9], "texture": "#2"},
				"east": {"uv": [3, 9, 3, 9], "texture": "#2"},
				"south": {"uv": [3, 9, 3, 9], "texture": "#2"},
				"west": {"uv": [3, 9, 3, 9], "texture": "#2"},
				"up": {"uv": [3, 9, 3, 9], "texture": "#2"},
				"down": {"uv": [3, 9, 3, 9], "texture": "#2"}
			}
		},
		{
			"from": [8.29047, 4.12605, -4.45509],
			"to": [9.73303, 8.49881, -3.70509],
			"rotation": {"angle": 0, "axis": "y", "origin": [9.01186, 7.75208, 7.04491]},
			"faces": {
				"north": {"uv": [3, 9, 3, 9], "rotation": 90, "texture": "#2"},
				"east": {"uv": [3, 9, 3, 9], "rotation": 90, "texture": "#2"},
				"south": {"uv": [3, 9, 3, 9], "rotation": 90, "texture": "#2"},
				"west": {"uv": [3, 9, 3, 9], "rotation": 90, "texture": "#2"},
				"up": {"uv": [3, 9, 3, 9], "rotation": 90, "texture": "#2"},
				"down": {"uv": [3, 9, 3, 9], "rotation": 90, "texture": "#2"}
			}
		},
		{
			"from": [8.29056, 4.12598, -4.45509],
			"to": [9.73312, 8.49874, -3.70509],
			"rotation": {"angle": -22.5, "axis": "z", "origin": [9.01186, 7.75208, 7.04491]},
			"faces": {
				"north": {"uv": [3, 9, 3, 9], "rotation": 90, "texture": "#2"},
				"east": {"uv": [3, 9, 3, 9], "rotation": 90, "texture": "#2"},
				"south": {"uv": [3, 9, 3, 9], "rotation": 90, "texture": "#2"},
				"west": {"uv": [3, 9, 3, 9], "rotation": 90, "texture": "#2"},
				"up": {"uv": [3, 9, 3, 9], "rotation": 90, "texture": "#2"},
				"down": {"uv": [3, 9, 3, 9], "rotation": 90, "texture": "#2"}
			}
		},
		{
			"from": [5.38568, 7.03097, -4.45509],
			"to": [9.75844, 8.47353, -3.70509],
			"rotation": {"angle": 45, "axis": "z", "origin": [9.01186, 7.75208, 7.04491]},
			"faces": {
				"north": {"uv": [3, 9, 3, 9], "texture": "#2"},
				"east": {"uv": [3, 9, 3, 9], "texture": "#2"},
				"south": {"uv": [3, 9, 3, 9], "texture": "#2"},
				"west": {"uv": [3, 9, 3, 9], "texture": "#2"},
				"up": {"uv": [3, 9, 3, 9], "texture": "#2"},
				"down": {"uv": [3, 9, 3, 9], "texture": "#2"}
			}
		},
		{
			"from": [5.38584, 7.03075, -4.45509],
			"to": [9.7586, 8.47331, -3.70509],
			"rotation": {"angle": 22.5, "axis": "z", "origin": [9.01186, 7.75208, 7.04491]},
			"faces": {
				"north": {"uv": [3, 9, 3, 9], "texture": "#2"},
				"east": {"uv": [3, 9, 3, 9], "texture": "#2"},
				"south": {"uv": [3, 9, 3, 9], "texture": "#2"},
				"west": {"uv": [3, 9, 3, 9], "texture": "#2"},
				"up": {"uv": [3, 9, 3, 9], "texture": "#2"},
				"down": {"uv": [3, 9, 3, 9], "texture": "#2"}
			}
		},
		{
			"from": [8.29058, 4.12601, -4.45509],
			"to": [9.73314, 8.49877, -3.70509],
			"rotation": {"angle": 22.5, "axis": "z", "origin": [9.01186, 7.75208, 7.04491]},
			"faces": {
				"north": {"uv": [3, 9, 3, 9], "rotation": 90, "texture": "#2"},
				"east": {"uv": [3, 9, 3, 9], "rotation": 90, "texture": "#2"},
				"south": {"uv": [3, 9, 3, 9], "rotation": 90, "texture": "#2"},
				"west": {"uv": [3, 9, 3, 9], "rotation": 90, "texture": "#2"},
				"up": {"uv": [3, 9, 3, 9], "rotation": 90, "texture": "#2"},
				"down": {"uv": [3, 9, 3, 9], "rotation": 90, "texture": "#2"}
			}
		},
		{
			"from": [8.29071, 4.12594, -4.45509],
			"to": [9.73327, 8.4987, -3.70509],
			"rotation": {"angle": 45, "axis": "z", "origin": [9.01186, 7.75208, 7.04491]},
			"faces": {
				"north": {"uv": [3, 9, 3, 9], "rotation": 90, "texture": "#2"},
				"east": {"uv": [3, 9, 3, 9], "rotation": 90, "texture": "#2"},
				"south": {"uv": [3, 9, 3, 9], "rotation": 90, "texture": "#2"},
				"west": {"uv": [3, 9, 3, 9], "rotation": 90, "texture": "#2"},
				"up": {"uv": [3, 9, 3, 9], "rotation": 90, "texture": "#2"},
				"down": {"uv": [3, 9, 3, 9], "rotation": 90, "texture": "#2"}
			}
		},
		{
			"from": [8.4907, 7.03079, -4.45509],
			"to": [12.63806, 8.47335, -3.70509],
			"rotation": {"angle": 0, "axis": "y", "origin": [9.01186, 7.75208, 7.04491]},
			"faces": {
				"north": {"uv": [3, 9, 3, 9], "rotation": 180, "texture": "#2"},
				"east": {"uv": [3, 9, 3, 9], "rotation": 180, "texture": "#2"},
				"south": {"uv": [3, 9, 3, 9], "rotation": 180, "texture": "#2"},
				"west": {"uv": [3, 9, 3, 9], "rotation": 180, "texture": "#2"},
				"up": {"uv": [3, 9, 3, 9], "rotation": 180, "texture": "#2"},
				"down": {"uv": [3, 9, 3, 9], "rotation": 180, "texture": "#2"}
			}
		},
		{
			"from": [8.49079, 7.03072, -4.45509],
			"to": [12.63815, 8.47328, -3.70509],
			"rotation": {"angle": -22.5, "axis": "z", "origin": [9.01186, 7.75208, 7.04491]},
			"faces": {
				"north": {"uv": [3, 9, 3, 9], "rotation": 180, "texture": "#2"},
				"east": {"uv": [3, 9, 3, 9], "rotation": 180, "texture": "#2"},
				"south": {"uv": [3, 9, 3, 9], "rotation": 180, "texture": "#2"},
				"west": {"uv": [3, 9, 3, 9], "rotation": 180, "texture": "#2"},
				"up": {"uv": [3, 9, 3, 9], "rotation": 180, "texture": "#2"},
				"down": {"uv": [3, 9, 3, 9], "rotation": 180, "texture": "#2"}
			}
		},
		{
			"from": [8.49071, 7.03096, -4.45509],
			"to": [12.63807, 8.47352, -3.70509],
			"rotation": {"angle": 22.5, "axis": "z", "origin": [9.01186, 7.75208, 7.04491]},
			"faces": {
				"north": {"uv": [3, 9, 3, 9], "rotation": 180, "texture": "#2"},
				"east": {"uv": [3, 7, 5, 9], "rotation": 180, "texture": "#2"},
				"south": {"uv": [3, 9, 3, 9], "rotation": 180, "texture": "#2"},
				"west": {"uv": [3, 9, 3, 9], "rotation": 180, "texture": "#2"},
				"up": {"uv": [3, 9, 3, 9], "rotation": 180, "texture": "#2"},
				"down": {"uv": [3, 9, 3, 9], "rotation": 180, "texture": "#2"}
			}
		},
		{
			"from": [8.49057, 7.03073, -4.45509],
			"to": [12.63793, 8.47329, -3.70509],
			"rotation": {"angle": 45, "axis": "z", "origin": [9.01186, 7.75208, 7.04491]},
			"faces": {
				"north": {"uv": [3, 9, 3, 9], "rotation": 180, "texture": "#2"},
				"east": {"uv": [3, 9, 3, 9], "rotation": 180, "texture": "#2"},
				"south": {"uv": [3, 9, 3, 9], "rotation": 180, "texture": "#2"},
				"west": {"uv": [3, 9, 3, 9], "rotation": 180, "texture": "#2"},
				"up": {"uv": [3, 9, 3, 9], "rotation": 180, "texture": "#2"},
				"down": {"uv": [3, 9, 3, 9], "rotation": 180, "texture": "#2"}
			}
		},
		{
			"from": [8.29049, 9.9355, -4.45509],
			"to": [9.73305, 11.37806, -3.70509],
			"rotation": {"angle": -22.5, "axis": "z", "origin": [9.01186, 7.75208, 7.04491]},
			"faces": {
				"north": {"uv": [3, 9, 3, 9], "rotation": 270, "texture": "#2"},
				"east": {"uv": [3, 9, 3, 9], "rotation": 270, "texture": "#2"},
				"south": {"uv": [3, 9, 3, 9], "rotation": 270, "texture": "#2"},
				"west": {"uv": [3, 9, 3, 9], "rotation": 270, "texture": "#2"},
				"up": {"uv": [3, 9, 3, 9], "rotation": 270, "texture": "#2"},
				"down": {"uv": [3, 9, 3, 9], "rotation": 270, "texture": "#2"}
			}
		},
		{
			"from": [5.38573, 7.03079, -4.45509],
			"to": [9.75849, 8.47335, -3.70509],
			"rotation": {"angle": 0, "axis": "y", "origin": [9.01186, 7.75208, 7.04491]},
			"faces": {
				"north": {"uv": [3, 9, 3, 9], "texture": "#2"},
				"east": {"uv": [3, 9, 3, 9], "texture": "#2"},
				"south": {"uv": [3, 9, 3, 9], "texture": "#2"},
				"west": {"uv": [3, 9, 3, 9], "texture": "#2"},
				"up": {"uv": [3, 9, 3, 9], "texture": "#2"},
				"down": {"uv": [3, 9, 3, 9], "texture": "#2"}
			}
		}
	],
	"display": {
		"thirdperson_righthand": {
			"rotation": [0, -90, 0],
			"translation": [0.25, 0.25, 1],
			"scale": [0.08, 0.08, 0.08]
		},
		"thirdperson_lefthand": {
			"rotation": [0, -90, 0],
			"translation": [0.25, 0.25, 1],
			"scale": [0.08, 0.08, 0.08]
		},
		"firstperson_righthand": {
			"rotation": [0, -90, 0],
			"translation": [1.25, -5.25, 1.25],
			"scale": [0.08, 0.08, 0.08]
		},
		"firstperson_lefthand": {
			"rotation": [0, -90, 0],
			"translation": [1.25, -5.25, 1.25],
			"scale": [0.08, 0.08, 0.08]
		},
		"ground": {
			"rotation": [0, -90, 0],
			"translation": [0.5, 0.25, -0.25],
			"scale": [0.08, 0.08, 0.08]
		},
		"gui": {
			"rotation": [72, -136, -56],
			"translation": [1, -0.5, 0],
			"scale": [0.6, 0.6, 0.6]
		},
		"head": {
			"rotation": [0, -90, 0],
			"translation": [4, -23.25, 3.25],
			"scale": [0.08, 0.08, 0.08]
		},
		"fixed": {
			"rotation": [0, -107, 0],
			"translation": [1.25, -15.75, -3.75],
			"scale": [0.1, 0.1, 0.1]
		}
	}
}