{
	"credit": "Made with Blockbench",
	"texture_size": [32, 32],
	"textures": {
		"1": "./binocular_model"
	},
	"elements": [
		{
			"from": [7.55, 11.5, 7],
			"to": [9.55, 14.5, 9],
			"faces": {
				"north": {"uv": [4.5, 4.5, 5.5, 6], "texture": "#1"},
				"east": {"uv": [3, 5.5, 4, 7], "texture": "#1"},
				"south": {"uv": [5.5, 4.5, 6.5, 6], "texture": "#1"},
				"west": {"uv": [0, 6, 1, 7.5], "texture": "#1"},
				"up": {"uv": [8, 4, 7, 3], "texture": "#1"}
			}
		},
		{
			"from": [7.45, 9.1, 6.9],
			"to": [9.65, 11.6, 9.1],
			"faces": {
				"north": {"uv": [6, 3, 7, 4.25], "texture": "#1"},
				"east": {"uv": [4, 6, 5, 7.25], "texture": "#1"},
				"south": {"uv": [5, 6, 6, 7.25], "texture": "#1"},
				"west": {"uv": [6, 6, 7, 7.25], "texture": "#1"},
				"up": {"uv": [8, 7, 7, 6], "texture": "#1"}
			}
		},
		{
			"from": [5.7, 6.85, 7.15],
			"to": [7.2, 8.35, 8.15],
			"rotation": {"angle": 0, "axis": "y", "origin": [-0.075, 1.25, -0.25]},
			"faces": {
				"north": {"uv": [4, 7.5, 4.75, 8.25], "texture": "#1"},
				"south": {"uv": [7.5, 4, 8.25, 4.75], "texture": "#1"},
				"up": {"uv": [8.25, 6, 7.5, 5.5], "texture": "#1"},
				"down": {"uv": [6.75, 7.5, 6, 8], "texture": "#1"}
			}
		},
		{
			"from": [5.45, 10.1, 7.4],
			"to": [7.45, 11.6, 8.4],
			"rotation": {"angle": 0, "axis": "y", "origin": [0.775, 0.5, -0.25]},
			"faces": {
				"north": {"uv": [1, 7.5, 2, 8.25], "texture": "#1"},
				"south": {"uv": [2, 7.5, 3, 8.25], "texture": "#1"},
				"up": {"uv": [6, 8, 5, 7.5], "texture": "#1"},
				"down": {"uv": [8.5, 5, 7.5, 5.5], "texture": "#1"}
			}
		},
		{
			"from": [5.95, 11.35, 6.9],
			"to": [6.95, 11.85, 7.9],
			"faces": {
				"north": {"uv": [8, 0, 8.5, 0.25], "texture": "#1"},
				"east": {"uv": [8, 0.5, 8.5, 0.75], "texture": "#1"},
				"south": {"uv": [8, 1, 8.5, 1.25], "texture": "#1"},
				"west": {"uv": [8, 1.5, 8.5, 1.75], "texture": "#1"},
				"up": {"uv": [4.5, 6, 4, 5.5], "texture": "#1"},
				"down": {"uv": [7.5, 4, 7, 4.5], "texture": "#1"}
			}
		},
		{
			"from": [7.2, 5.4, 6.65],
			"to": [9.9, 9.1, 9.35],
			"faces": {
				"north": {"uv": [0, 0, 1.25, 1.75], "texture": "#1"},
				"east": {"uv": [1.5, 0, 2.75, 1.75], "texture": "#1"},
				"south": {"uv": [0, 2, 1.25, 3.75], "texture": "#1"},
				"west": {"uv": [1.5, 2, 2.75, 3.75], "texture": "#1"},
				"up": {"uv": [4.25, 5.25, 3, 4], "texture": "#1"},
				"down": {"uv": [5.75, 0, 4.5, 1.25], "texture": "#1"}
			}
		},
		{
			"from": [3.35, 11.5, 7],
			"to": [5.35, 14.5, 9],
			"faces": {
				"north": {"uv": [6, 0, 7, 1.5], "texture": "#1"},
				"east": {"uv": [1, 6, 2, 7.5], "texture": "#1"},
				"south": {"uv": [6, 1.5, 7, 3], "texture": "#1"},
				"west": {"uv": [2, 6, 3, 7.5], "texture": "#1"},
				"up": {"uv": [8, 8, 7, 7], "texture": "#1"}
			}
		},
		{
			"from": [3.25, 9.1, 6.9],
			"to": [5.45, 11.6, 9.1],
			"faces": {
				"north": {"uv": [6.5, 4.5, 7.5, 5.75], "texture": "#1"},
				"east": {"uv": [7, 0, 8, 1.25], "texture": "#1"},
				"south": {"uv": [7, 1.5, 8, 2.75], "texture": "#1"},
				"west": {"uv": [3, 7, 4, 8.25], "texture": "#1"},
				"up": {"uv": [1, 8.5, 0, 7.5], "texture": "#1"}
			}
		},
		{
			"from": [3, 5.4, 6.65],
			"to": [5.7, 9.1, 9.35],
			"faces": {
				"north": {"uv": [3, 0, 4.25, 1.75], "texture": "#1"},
				"east": {"uv": [3, 2, 4.25, 3.75], "texture": "#1"},
				"south": {"uv": [0, 4, 1.25, 5.75], "texture": "#1"},
				"west": {"uv": [1.5, 4, 2.75, 5.75], "texture": "#1"},
				"up": {"uv": [5.75, 2.75, 4.5, 1.5], "texture": "#1"},
				"down": {"uv": [5.75, 3, 4.5, 4.25], "texture": "#1"}
			}
		}
	],
	"gui_light": "front",
	"display": {
		"thirdperson_righthand": {
			"translation": [0, -2, 0]
		},
		"ground": {
			"rotation": [90, 0, 0]
		},
		"gui": {
			"rotation": [-67.5, 0, 45],
			"scale": [1.5, 1.5, 1.5]
		},
		"head": {
			"rotation": [90, 0, 0],
			"translation": [0, 0, -16],
			"scale": [1.6, 1.6, 1.6]
		},
		"fixed": {
			"translation": [0, 0, -1.5],
			"scale": [1.5, 1.5, 1.5]
		}
	}
}