{
	"credit": "Made with Blockbench",
	"texture_size": [32, 32],
	"textures": {
		"1": "./trench_binocular_model"
	},
	"elements": [
		{
			"from": [7.55, 11.5, 7],
			"to": [9.55, 14.5, 9],
			"faces": {
				"north": {"uv": [0, 10, 1, 11.5], "texture": "#1"},
				"east": {"uv": [1, 10, 2, 11.5], "texture": "#1"},
				"south": {"uv": [2, 10, 3, 11.5], "texture": "#1"},
				"west": {"uv": [3, 10, 4, 11.5], "texture": "#1"},
				"up": {"uv": [2, 12.5, 1, 11.5], "texture": "#1"}
			}
		},
		{
			"from": [7.45, 9.1, 6.9],
			"to": [9.65, 11.6, 9.1],
			"faces": {
				"north": {"uv": [5, 10.5, 6, 11.75], "texture": "#1"},
				"east": {"uv": [9, 10.5, 10, 11.75], "texture": "#1"},
				"south": {"uv": [10, 10.5, 11, 11.75], "texture": "#1"},
				"west": {"uv": [11, 0, 12, 1.25], "texture": "#1"},
				"up": {"uv": [3, 12.5, 2, 11.5], "texture": "#1"}
			}
		},
		{
			"from": [5.7, 6.85, 7.15],
			"to": [7.2, 8.35, 8.15],
			"rotation": {"angle": 0, "axis": "y", "origin": [-0.075, 1.25, -0.25]},
			"faces": {
				"north": {"uv": [7, 11.5, 7.75, 12.25], "texture": "#1"},
				"south": {"uv": [8, 11.5, 8.75, 12.25], "texture": "#1"},
				"up": {"uv": [12.75, 2.5, 12, 2], "texture": "#1"},
				"down": {"uv": [12.75, 2.5, 12, 3], "texture": "#1"}
			}
		},
		{
			"from": [5.45, 11.1, 8.35],
			"to": [7.45, 11.6, 8.85],
			"rotation": {"angle": 0, "axis": "y", "origin": [0.775, 0.5, -0.25]},
			"faces": {
				"north": {"uv": [12, 3, 13, 3.25], "texture": "#1"},
				"south": {"uv": [12, 3.5, 13, 3.75], "texture": "#1"},
				"up": {"uv": [5, 12.25, 4, 12], "texture": "#1"},
				"down": {"uv": [13, 4, 12, 4.25], "texture": "#1"}
			}
		},
		{
			"from": [6.2, 10.6, 7.85],
			"to": [6.7, 12.1, 9.35],
			"rotation": {"angle": 0, "axis": "z", "origin": [6.45, 11.6, 7.4]},
			"faces": {
				"north": {"uv": [6, 9, 6.25, 9.75], "texture": "#1"},
				"east": {"uv": [12, 0, 12.75, 0.75], "texture": "#1"},
				"south": {"uv": [12, 4.5, 12.25, 5.25], "texture": "#1"},
				"west": {"uv": [12, 1, 12.75, 1.75], "texture": "#1"},
				"up": {"uv": [5.25, 12.75, 5, 12], "texture": "#1"},
				"down": {"uv": [5.75, 12, 5.5, 12.75], "texture": "#1"}
			}
		},
		{
			"from": [6.95, 5.4, 6.65],
			"to": [9.65, 9.1, 9.35],
			"faces": {
				"north": {"uv": [0, 6, 1.25, 7.75], "texture": "#1"},
				"east": {"uv": [1.5, 6, 2.75, 7.75], "texture": "#1"},
				"south": {"uv": [3, 6, 4.25, 7.75], "texture": "#1"},
				"west": {"uv": [6.5, 0, 7.75, 1.75], "texture": "#1"},
				"up": {"uv": [5.75, 10.25, 4.5, 9], "texture": "#1"},
				"down": {"uv": [10.75, 0, 9.5, 1.25], "texture": "#1"}
			}
		},
		{
			"from": [3.35, 11.5, 7],
			"to": [5.35, 14.5, 9],
			"faces": {
				"north": {"uv": [6, 10, 7, 11.5], "texture": "#1"},
				"east": {"uv": [7, 10, 8, 11.5], "texture": "#1"},
				"south": {"uv": [8, 10, 9, 11.5], "texture": "#1"},
				"west": {"uv": [4, 10.5, 5, 12], "texture": "#1"},
				"up": {"uv": [4, 12.5, 3, 11.5], "texture": "#1"}
			}
		},
		{
			"from": [3.25, 9.1, 6.9],
			"to": [5.45, 11.6, 9.1],
			"faces": {
				"north": {"uv": [11, 1.5, 12, 2.75], "texture": "#1"},
				"east": {"uv": [11, 3, 12, 4.25], "texture": "#1"},
				"south": {"uv": [11, 4.5, 12, 5.75], "texture": "#1"},
				"west": {"uv": [11, 6, 12, 7.25], "texture": "#1"},
				"up": {"uv": [7, 12.5, 6, 11.5], "texture": "#1"}
			}
		},
		{
			"from": [3.25, 5.4, 6.65],
			"to": [5.95, 9.1, 9.35],
			"faces": {
				"north": {"uv": [6.5, 2, 7.75, 3.75], "texture": "#1"},
				"east": {"uv": [6.5, 4, 7.75, 5.75], "texture": "#1"},
				"south": {"uv": [6.5, 6, 7.75, 7.75], "texture": "#1"},
				"west": {"uv": [0, 8, 1.25, 9.75], "texture": "#1"},
				"up": {"uv": [10.75, 2.75, 9.5, 1.5], "texture": "#1"},
				"down": {"uv": [10.75, 3, 9.5, 4.25], "texture": "#1"}
			}
		},
		{
			"from": [7.2, 5.4, -5.25],
			"to": [9.9, 9.1, -2.55],
			"rotation": {"angle": 0, "axis": "y", "origin": [-0.05, 0.75, 0]},
			"faces": {
				"north": {"uv": [8, 0, 9.25, 1.75], "texture": "#1"},
				"east": {"uv": [1.5, 8, 2.75, 9.75], "texture": "#1"},
				"south": {"uv": [8, 2, 9.25, 3.75], "texture": "#1"},
				"west": {"uv": [3, 8, 4.25, 9.75], "texture": "#1"},
				"up": {"uv": [10.75, 5.75, 9.5, 4.5], "texture": "#1"},
				"down": {"uv": [10.75, 6, 9.5, 7.25], "texture": "#1"}
			}
		},
		{
			"from": [7.45, 5.85, -2.55],
			"to": [9.65, 8.35, 6.65],
			"rotation": {"angle": 0, "axis": "y", "origin": [-0.05, 0.75, 0]},
			"faces": {
				"north": {"uv": [11, 7.5, 12, 8.75], "texture": "#1"},
				"east": {"uv": [0, 0, 4.5, 1.25], "texture": "#1"},
				"south": {"uv": [11, 9, 12, 10.25], "texture": "#1"},
				"west": {"uv": [0, 1.5, 4.5, 2.75], "texture": "#1"},
				"up": {"uv": [5.5, 4.5, 4.5, 0], "texture": "#1"},
				"down": {"uv": [5.5, 4.5, 4.5, 9], "texture": "#1"}
			}
		},
		{
			"from": [3.25, 5.85, -2.55],
			"to": [5.45, 8.35, 6.65],
			"rotation": {"angle": 0, "axis": "y", "origin": [2.75, 1.5, 0]},
			"faces": {
				"north": {"uv": [11, 10.5, 12, 11.75], "texture": "#1"},
				"east": {"uv": [0, 3, 4.5, 4.25], "texture": "#1"},
				"south": {"uv": [0, 11.5, 1, 12.75], "texture": "#1"},
				"west": {"uv": [0, 4.5, 4.5, 5.75], "texture": "#1"},
				"up": {"uv": [6.5, 4.5, 5.5, 0], "texture": "#1"},
				"down": {"uv": [6.5, 4.5, 5.5, 9], "texture": "#1"}
			}
		},
		{
			"from": [3, 5.4, -5.25],
			"to": [5.7, 9.1, -2.55],
			"rotation": {"angle": 0, "axis": "y", "origin": [2.75, 1.5, 0]},
			"faces": {
				"north": {"uv": [8, 4, 9.25, 5.75], "texture": "#1"},
				"east": {"uv": [8, 6, 9.25, 7.75], "texture": "#1"},
				"south": {"uv": [6.5, 8, 7.75, 9.75], "texture": "#1"},
				"west": {"uv": [8, 8, 9.25, 9.75], "texture": "#1"},
				"up": {"uv": [10.75, 8.75, 9.5, 7.5], "texture": "#1"},
				"down": {"uv": [10.75, 9, 9.5, 10.25], "texture": "#1"}
			}
		}
	],
	"gui_light": "front",
	"display": {
		"thirdperson_righthand": {
			"translation": [0, -2, 0]
		},
		"ground": {
			"rotation": [90, 0, 0]
		},
		"gui": {
			"rotation": [-67.5, 0, 45],
			"scale": [1.5, 1.5, 1.5]
		},
		"head": {
			"rotation": [90, 0, 0],
			"translation": [0, 0, -16],
			"scale": [1.6, 1.6, 1.6]
		},
		"fixed": {
			"translation": [0, 0, -1.5],
			"scale": [1.5, 1.5, 1.5]
		}
	}
}