{
	"credit": "Made with Blockbench",
	"parent": "./gasser_0",
	"texture_size": [32, 32],
	"textures": {
		"1": "./gasser",
		"particle": "./gasser"
	},
	"elements": [
		{
			"from": [7.5, 12.75, -1.25],
			"to": [8.5, 13.75, 9.25],
			"rotation": {"angle": 0, "axis": "y", "origin": [-9.25, 2, -2]},
			"faces": {
				"north": {"uv": [1.75, 15, 2.75, 16], "texture": "#1"},
				"east": {"uv": [3, 0, 8.25, 0.5], "texture": "#1"},
				"west": {"uv": [3, 0.5, 8.25, 1], "texture": "#1"},
				"up": {"uv": [3.5, 6.25, 3, 1], "texture": "#1"},
				"down": {"uv": [0.5, 3.5, 0, 8.75], "texture": "#1"}
			}
		},
		{
			"from": [7.75, 12, 2.25],
			"to": [8.25, 12.5, 13.25],
			"rotation": {"angle": 0, "axis": "y", "origin": [-5.5, 2, -2]},
			"faces": {
				"east": {"uv": [8, 4, 13.5, 4.25], "texture": "#1"},
				"west": {"uv": [8.5, 0, 14, 0.25], "texture": "#1"},
				"up": {"uv": [0.75, 14, 0.5, 8.5], "texture": "#1"},
				"down": {"uv": [1.25, 8.5, 1, 14], "texture": "#1"}
			}
		},
		{
			"from": [7.75, 12, 2],
			"to": [8.25, 12.75, 2.25],
			"rotation": {"angle": 0, "axis": "y", "origin": [-5.5, 2, -2]},
			"faces": {
				"north": {"uv": [12, 5, 12.25, 5.5], "texture": "#1"},
				"east": {"uv": [5.5, 12, 5.75, 12.5], "texture": "#1"},
				"south": {"uv": [12, 5.5, 12.25, 6], "texture": "#1"},
				"west": {"uv": [6, 12, 6.25, 12.5], "texture": "#1"},
				"down": {"uv": [12.25, 11.5, 12, 11.75], "texture": "#1"}
			}
		},
		{
			"from": [7.375, 11.875, 6.75],
			"to": [8.625, 13.875, 8.75],
			"rotation": {"angle": 0, "axis": "y", "origin": [8.125, 2.13372, -2]},
			"faces": {
				"north": {"uv": [2.5, 10.5, 3.25, 11.5], "texture": "#1"},
				"east": {"uv": [10, 8, 11, 9], "texture": "#1"},
				"south": {"uv": [10.5, 3, 11.25, 4], "texture": "#1"},
				"west": {"uv": [9, 10, 10, 11], "texture": "#1"},
				"up": {"uv": [11.25, 5.5, 10.5, 4.5], "texture": "#1"},
				"down": {"uv": [7.25, 10.5, 6.5, 11.5], "texture": "#1"}
			}
		},
		{
			"from": [7.375, 9.5, 7.25],
			"to": [8.625, 10.75, 12.75],
			"rotation": {"angle": 0, "axis": "y", "origin": [8.125, 2.13372, -2]},
			"faces": {
				"north": {"uv": [4.5, 11, 5.25, 11.75], "texture": "#1"},
				"east": {"uv": [6.5, 4.5, 9.25, 5.25], "texture": "#1"},
				"west": {"uv": [4, 7, 6.75, 7.75], "texture": "#1"},
				"up": {"uv": [7.75, 8.25, 7, 5.5], "texture": "#1"},
				"down": {"uv": [8.75, 1, 8, 3.75], "texture": "#1"}
			}
		},
		{
			"from": [7.625, 10.75, 7.5],
			"to": [8.375, 12, 8.25],
			"rotation": {"angle": 0, "axis": "y", "origin": [8.125, 2.13372, -2]},
			"faces": {
				"north": {"uv": [3.5, 8.5, 4, 9.25], "texture": "#1"},
				"east": {"uv": [8, 11, 8.5, 11.75], "texture": "#1"},
				"south": {"uv": [8.5, 11, 9, 11.75], "texture": "#1"},
				"west": {"uv": [11, 8.5, 11.5, 9.25], "texture": "#1"}
			}
		},
		{
			"from": [7.175, 8.51998, 12.28406],
			"to": [8.825, 11.26998, 15.28406],
			"rotation": {"angle": 22.5, "axis": "x", "origin": [8, 9.26998, 14.53406]},
			"faces": {
				"north": {"uv": [9, 1.5, 9.75, 3], "texture": "#1"},
				"east": {"uv": [5, 2.5, 6.5, 4], "texture": "#1"},
				"south": {"uv": [9, 8.5, 9.75, 10], "texture": "#1"},
				"west": {"uv": [5, 4, 6.5, 5.5], "texture": "#1"},
				"up": {"uv": [4.25, 11, 3.5, 9.5], "texture": "#1"},
				"down": {"uv": [5.25, 9.5, 4.5, 11], "texture": "#1"}
			}
		},
		{
			"from": [7.625, 10.39937, 13.67398],
			"to": [8.375, 12.89937, 14.42398],
			"rotation": {"angle": 45, "axis": "x", "origin": [8, 11.85153, 14.371]},
			"faces": {
				"north": {"uv": [7.5, 1, 8, 2.25], "texture": "#1"},
				"east": {"uv": [0, 9, 0.5, 10.25], "texture": "#1"},
				"south": {"uv": [0, 10.5, 0.5, 11.75], "texture": "#1"},
				"west": {"uv": [7.5, 10.5, 8, 11.75], "texture": "#1"},
				"up": {"uv": [5, 7, 4.5, 6.5], "texture": "#1"}
			}
		},
		{
			"from": [7.75, 11.66508, 14.24586],
			"to": [8.25, 12.16508, 15.24586],
			"rotation": {"angle": 22.5, "axis": "x", "origin": [8, 11.85153, 14.371]},
			"faces": {
				"east": {"uv": [12, 6, 12.5, 6.25], "texture": "#1"},
				"south": {"uv": [12, 12, 12.25, 12.25], "texture": "#1"},
				"west": {"uv": [12, 6.5, 12.5, 6.75], "texture": "#1"},
				"up": {"uv": [12.25, 7.5, 12, 7], "texture": "#1"},
				"down": {"uv": [7.75, 12, 7.5, 12.5], "texture": "#1"}
			}
		},
		{
			"from": [7.2, 3.9494, 13.34771],
			"to": [8.8, 10.1994, 15.84771],
			"rotation": {"angle": -22.5, "axis": "x", "origin": [8, 10.4494, 14.49771]},
			"faces": {
				"north": {"uv": [0.5, 5, 1.25, 8.25], "texture": "#1"},
				"east": {"uv": [0, 0, 1.25, 3.25], "texture": "#1"},
				"south": {"uv": [1.5, 5, 2.25, 8.25], "texture": "#1"},
				"west": {"uv": [1.5, 0, 2.75, 3.25], "texture": "#1"},
				"up": {"uv": [10.75, 10.25, 10, 9], "texture": "#1"},
				"down": {"uv": [2.25, 10.5, 1.5, 11.75], "texture": "#1"}
			}
		},
		{
			"from": [7.15, 8.2494, 13.84771],
			"to": [8.85, 10.2494, 15.34771],
			"rotation": {"angle": -22.5, "axis": "x", "origin": [8, 10.4494, 14.49771]},
			"faces": {
				"north": {"uv": [10, 10.5, 10.75, 11.5], "texture": "#1"},
				"east": {"uv": [11, 0.5, 11.75, 1.5], "texture": "#1"},
				"south": {"uv": [11, 1.5, 11.75, 2.5], "texture": "#1"},
				"west": {"uv": [3.5, 11, 4.25, 12], "texture": "#1"},
				"up": {"uv": [6.25, 11.75, 5.5, 11], "texture": "#1"},
				"down": {"uv": [11.75, 5.5, 11, 6.25], "texture": "#1"}
			}
		},
		{
			"from": [7.65, 3.1994, 14.29771],
			"to": [8.4, 3.9494, 15.04771],
			"rotation": {"angle": -22.5, "axis": "x", "origin": [8, 10.4494, 14.49771]},
			"faces": {
				"north": {"uv": [8.5, 0.5, 9, 1], "texture": "#1"},
				"east": {"uv": [9.5, 8, 10, 8.5], "texture": "#1"},
				"south": {"uv": [10.5, 5.5, 11, 6], "texture": "#1"},
				"west": {"uv": [11.5, 4.5, 12, 5], "texture": "#1"},
				"down": {"uv": [12, 5, 11.5, 5.5], "texture": "#1"}
			}
		},
		{
			"from": [7.5, 13.85, 8],
			"to": [8.5, 14.35, 8.25],
			"rotation": {"angle": 0, "axis": "y", "origin": [-1, 2, -2]},
			"faces": {
				"north": {"uv": [12, 7.5, 12.5, 7.75], "texture": "#1"},
				"east": {"uv": [12.5, 0.5, 12.75, 0.75], "texture": "#1"},
				"south": {"uv": [8, 12, 8.5, 12.25], "texture": "#1"},
				"west": {"uv": [12.5, 1, 12.75, 1.25], "texture": "#1"},
				"up": {"uv": [12.5, 8.25, 12, 8], "texture": "#1"}
			}
		},
		{
			"from": [7.875, 13.75, -0.5],
			"to": [8.125, 14.25, 0],
			"rotation": {"angle": 0, "axis": "y", "origin": [-1.375, 2, -2]},
			"faces": {
				"north": {"uv": [12.5, 1.5, 12.75, 1.75], "texture": "#1"},
				"east": {"uv": [12.5, 2, 12.75, 2.25], "texture": "#1"},
				"south": {"uv": [12.5, 2.5, 12.75, 2.75], "texture": "#1"},
				"west": {"uv": [4.5, 12.5, 4.75, 12.75], "texture": "#1"},
				"up": {"uv": [5.25, 12.75, 5, 12.5], "texture": "#1"}
			}
		},
		{
			"from": [7.625, 8, 9.75],
			"to": [8.375, 9.5, 10.25],
			"rotation": {"angle": 0, "axis": "y", "origin": [-1.125, 2, -2]},
			"faces": {
				"north": {"uv": [9, 11, 9.5, 11.75], "texture": "#1"},
				"east": {"uv": [7, 11.5, 7.25, 12.25], "texture": "#1"},
				"south": {"uv": [9.5, 11, 10, 11.75], "texture": "#1"},
				"west": {"uv": [11.5, 8.5, 11.75, 9.25], "texture": "#1"},
				"down": {"uv": [9, 12, 8.5, 12.25], "texture": "#1"}
			}
		},
		{
			"from": [7.65, 7.87273, 12.683],
			"to": [8.35, 9.37273, 13.183],
			"rotation": {"angle": 22.5, "axis": "x", "origin": [8, 8.27273, 12.833]},
			"faces": {
				"north": {"uv": [10, 11.5, 10.25, 12.25], "texture": "#1"},
				"east": {"uv": [10.5, 11.5, 10.75, 12.25], "texture": "#1"},
				"south": {"uv": [11.5, 11, 11.75, 11.75], "texture": "#1"},
				"west": {"uv": [0, 12, 0.25, 12.75], "texture": "#1"}
			}
		},
		{
			"from": [7.75, 8.5, 11.25],
			"to": [8.25, 9.5, 11.75],
			"rotation": {"angle": 0, "axis": "y", "origin": [-1.25, 2, -2]},
			"faces": {
				"north": {"uv": [12, 8.5, 12.25, 9], "texture": "#1"},
				"east": {"uv": [9, 12, 9.25, 12.5], "texture": "#1"},
				"south": {"uv": [12, 9, 12.25, 9.5], "texture": "#1"},
				"west": {"uv": [9.5, 12, 9.75, 12.5], "texture": "#1"},
				"down": {"uv": [12.75, 5, 12.5, 5.25], "texture": "#1"}
			}
		},
		{
			"from": [7.75, 2.6, 16.55],
			"to": [8.25, 4.1, 18.05],
			"rotation": {"angle": 0, "axis": "y", "origin": [-1.25, 2, -2]},
			"faces": {
				"north": {"uv": [12, 0.5, 12.25, 1.25], "texture": "#1"},
				"east": {"uv": [11, 6.5, 11.75, 7.25], "texture": "#1"},
				"south": {"uv": [1.5, 12, 1.75, 12.75], "texture": "#1"},
				"west": {"uv": [11, 7.5, 11.75, 8.25], "texture": "#1"},
				"up": {"uv": [12.25, 2.25, 12, 1.5], "texture": "#1"},
				"down": {"uv": [2.25, 12, 2, 12.75], "texture": "#1"}
			}
		},
		{
			"from": [7.625, 7.5, 10],
			"to": [8.375, 8, 13],
			"rotation": {"angle": 0, "axis": "y", "origin": [-1.125, 2, -2]},
			"faces": {
				"north": {"uv": [12, 11, 12.5, 11.25], "texture": "#1"},
				"east": {"uv": [11, 2.5, 12.5, 2.75], "texture": "#1"},
				"south": {"uv": [11.5, 12, 12, 12.25], "texture": "#1"},
				"west": {"uv": [11, 9.5, 12.5, 9.75], "texture": "#1"},
				"up": {"uv": [3, 5, 2.5, 3.5], "texture": "#1"},
				"down": {"uv": [3, 5, 2.5, 6.5], "texture": "#1"}
			}
		},
		{
			"from": [7.34375, 10.93125, 8.805],
			"to": [8.65625, 13.81875, 12.48],
			"rotation": {"angle": 0, "axis": "z", "origin": [8, 11.875, 10.38]},
			"faces": {
				"north": {"uv": [9.5, 4.5, 10.25, 6], "texture": "#1"},
				"east": {"uv": [0.5, 3.5, 2.25, 5], "texture": "#1"},
				"south": {"uv": [5.5, 9.5, 6.25, 11], "texture": "#1"},
				"west": {"uv": [3.5, 1, 5.25, 2.5], "texture": "#1"},
				"up": {"uv": [2.25, 10.25, 1.5, 8.5], "texture": "#1"},
				"down": {"uv": [3.25, 8.5, 2.5, 10.25], "texture": "#1"}
			}
		},
		{
			"from": [6.55625, 11.71875, 8.805],
			"to": [9.44375, 13.03125, 12.48],
			"rotation": {"angle": 0, "axis": "z", "origin": [8, 11.875, 10.38]},
			"faces": {
				"north": {"uv": [9, 3, 10.5, 3.75], "texture": "#1"},
				"east": {"uv": [7, 8.5, 8.75, 9.25], "texture": "#1"},
				"south": {"uv": [9.5, 6, 11, 6.75], "texture": "#1"},
				"west": {"uv": [9, 0.5, 10.75, 1.25], "texture": "#1"},
				"up": {"uv": [5, 4.25, 3.5, 2.5], "texture": "#1"},
				"down": {"uv": [5, 4.5, 3.5, 6.25], "texture": "#1"}
			}
		},
		{
			"from": [6.81875, 11.19375, 8.77875],
			"to": [9.18125, 13.55625, 12.50625],
			"rotation": {"angle": 0, "axis": "z", "origin": [8, 11.875, 10.38]},
			"faces": {
				"north": {"uv": [0.125, 14.375, 1.625, 15.875], "texture": "#1"},
				"east": {"uv": [5.5, 1, 7.25, 2.25], "texture": "#1"},
				"south": {"uv": [5.5, 8, 6.75, 9.25], "texture": "#1"},
				"west": {"uv": [5, 5.5, 6.75, 6.75], "texture": "#1"},
				"up": {"uv": [3.75, 8.25, 2.5, 6.5], "texture": "#1"},
				"down": {"uv": [7.75, 2.5, 6.5, 4.25], "texture": "#1"}
			}
		},
		{
			"from": [7.34375, 10.93125, 12.7425],
			"to": [8.65625, 13.81875, 13.2675],
			"rotation": {"angle": 0, "axis": "z", "origin": [8, 11.875, 10.38]},
			"faces": {
				"north": {"uv": [8, 9.5, 8.75, 11], "texture": "#1"},
				"east": {"uv": [11, 11, 11.25, 12.5], "texture": "#1"},
				"south": {"uv": [10, 1.5, 10.75, 3], "texture": "#1"},
				"west": {"uv": [2.5, 11.5, 2.75, 13], "texture": "#1"},
				"up": {"uv": [5.25, 12.25, 4.5, 12], "texture": "#1"},
				"down": {"uv": [12.75, 4.5, 12, 4.75], "texture": "#1"}
			}
		},
		{
			"from": [6.81875, 11.19375, 12.71625],
			"to": [9.18125, 13.55625, 13.29375],
			"rotation": {"angle": 0, "axis": "z", "origin": [8, 11.875, 10.38]},
			"faces": {
				"north": {"uv": [8, 5.5, 9.25, 6.75], "texture": "#1"},
				"east": {"uv": [3, 11.5, 3.25, 12.75], "texture": "#1"},
				"south": {"uv": [8, 7, 9.25, 8.25], "texture": "#1"},
				"west": {"uv": [6.5, 11.5, 6.75, 12.75], "texture": "#1"},
				"up": {"uv": [12.75, 3.25, 11.5, 3], "texture": "#1"},
				"down": {"uv": [12.75, 3.5, 11.5, 3.75], "texture": "#1"}
			}
		},
		{
			"from": [6.55625, 11.71875, 12.7425],
			"to": [9.44375, 13.03125, 13.2675],
			"rotation": {"angle": 0, "axis": "z", "origin": [8, 11.875, 10.38]},
			"faces": {
				"north": {"uv": [6.5, 9.5, 8, 10.25], "texture": "#1"},
				"east": {"uv": [3.5, 12, 3.75, 12.75], "texture": "#1"},
				"south": {"uv": [9.5, 7, 11, 7.75], "texture": "#1"},
				"west": {"uv": [4, 12, 4.25, 12.75], "texture": "#1"},
				"up": {"uv": [12.5, 10.25, 11, 10], "texture": "#1"},
				"down": {"uv": [12.5, 10.5, 11, 10.75], "texture": "#1"}
			}
		}
	]
}