{
	"credit": "Made with Blockbench",
	"parent": "./lewis",
	"texture_size": [32, 32],
	"textures": {
		"1": "./lewis",
		"particle": "./lewis"
	},
	"elements": [
		{
			"from": [7, 7.85, 24],
			"to": [9, 10.35, 28],
			"rotation": {"angle": 0, "axis": "y", "origin": [-2.575, -0.63463, 20.65224]},
			"faces": {
				"east": {"uv": [8.5, 4.25, 9.5, 4.875], "texture": "#1"},
				"west": {"uv": [0, 8.75, 1, 9.375], "texture": "#1"},
				"up": {"uv": [1.5, 9.75, 1, 8.75], "texture": "#1"},
				"down": {"uv": [9.25, 7, 8.75, 8], "texture": "#1"}
			}
		},
		{
			"from": [7.025, 9.75, 21.5],
			"to": [8.975, 11.25, 26.25],
			"rotation": {"angle": 22.5, "axis": "x", "origin": [8, 11.6, 23.25]},
			"faces": {
				"east": {"uv": [7.25, 1.75, 8.5, 2.125], "texture": "#1"},
				"west": {"uv": [1.5, 9, 2.75, 9.375], "texture": "#1"},
				"up": {"uv": [8.25, 9.75, 7.75, 8.5], "texture": "#1"}
			}
		},
		{
			"from": [7, 8.35, 21.5],
			"to": [9, 10.85, 24],
			"rotation": {"angle": 0, "axis": "y", "origin": [-2.575, 0.36537, 20.65224]},
			"faces": {
				"east": {"uv": [9.25, 7.5, 9.875, 8.125], "texture": "#1"},
				"west": {"uv": [9.25, 8.25, 9.875, 8.875], "texture": "#1"},
				"up": {"uv": [10, 1.375, 9.5, 0.75], "texture": "#1"},
				"down": {"uv": [2, 9.5, 1.5, 10.125], "texture": "#1"}
			}
		},
		{
			"from": [7, 7.35, 28],
			"to": [9, 10.85, 32],
			"rotation": {"angle": 0, "axis": "y", "origin": [2.425, 0.36537, 20.65224]},
			"faces": {
				"east": {"uv": [7.25, 7.5, 8.25, 8.375], "texture": "#1"},
				"south": {"uv": [9, 5, 9.5, 5.875], "texture": "#1"},
				"west": {"uv": [7.75, 0, 8.75, 0.875], "texture": "#1"},
				"up": {"uv": [9.25, 9, 8.75, 8], "texture": "#1"}
			}
		},
		{
			"from": [7.5, 12, 20.5],
			"to": [8.5, 16, 21],
			"rotation": {"angle": 0, "axis": "y", "origin": [2.425, -0.23463, 20.65224]},
			"faces": {
				"north": {"uv": [0, 14.75, 0.375, 16], "texture": "#1"},
				"east": {"uv": [9.75, 9.5, 9.875, 10.5], "texture": "#1"},
				"south": {"uv": [0, 14.75, 0.375, 16], "texture": "#1"},
				"west": {"uv": [10, 0, 10.125, 1], "texture": "#1"},
				"up": {"uv": [10.5, 7.375, 10.25, 7.25], "texture": "#1"}
			}
		},
		{
			"from": [7.5, 12, 17.65],
			"to": [8.5, 12.5, 18.4],
			"rotation": {"angle": 0, "axis": "y", "origin": [2.425, -0.23463, 20.65224]},
			"faces": {
				"north": {"uv": [10.25, 7.5, 10.5, 7.625], "texture": "#1"},
				"east": {"uv": [7.75, 10.25, 8, 10.375], "texture": "#1"},
				"south": {"uv": [10.25, 7.75, 10.5, 7.875], "texture": "#1"},
				"west": {"uv": [8, 10.25, 8.25, 10.375], "texture": "#1"},
				"up": {"uv": [2.5, 6.75, 2.25, 6.5], "texture": "#1"}
			}
		},
		{
			"from": [6.9, 8.75, 7],
			"to": [8.4, 11.75, 9],
			"rotation": {"angle": 22.5, "axis": "z", "origin": [6, 9, 7.75]},
			"faces": {
				"north": {"uv": [9.5, 4, 9.875, 4.75], "texture": "#1"},
				"south": {"uv": [9.5, 4.75, 9.875, 5.5], "texture": "#1"},
				"west": {"uv": [8.25, 9.25, 8.75, 10], "texture": "#1"}
			}
		},
		{
			"from": [7.5, 12.5, -9.5],
			"to": [8.5, 13.25, -9],
			"rotation": {"angle": 0, "axis": "y", "origin": [2.425, -0.23463, 20.65224]},
			"faces": {
				"north": {"uv": [8, 7.25, 8.25, 7.5], "texture": "#1"},
				"south": {"uv": [8.5, 1.75, 8.75, 2], "texture": "#1"},
				"up": {"uv": [10.5, 8.125, 10.25, 8], "texture": "#1"}
			}
		},
		{
			"from": [8.5, 12.5, -9.5],
			"to": [8.75, 14.25, -9],
			"rotation": {"angle": 0, "axis": "y", "origin": [2.425, -0.23463, 20.65224]},
			"faces": {
				"north": {"uv": [7.5, 10, 7.625, 10.5], "texture": "#1"},
				"east": {"uv": [10, 7.5, 10.125, 8], "texture": "#1"},
				"south": {"uv": [10, 8, 10.125, 8.5], "texture": "#1"},
				"west": {"uv": [8.25, 10, 8.375, 10.5], "texture": "#1"},
				"up": {"uv": [0.625, 10.625, 0.5, 10.5], "texture": "#1"}
			}
		},
		{
			"from": [7.75, 13.25, -9.5],
			"to": [8.25, 13.75, -9],
			"rotation": {"angle": 0, "axis": "y", "origin": [3.425, -0.23463, 20.65224]},
			"faces": {
				"north": {"uv": [10.5, 0.5, 10.625, 0.625], "texture": "#1"},
				"east": {"uv": [0.75, 10.5, 0.875, 10.625], "texture": "#1"},
				"south": {"uv": [1, 10.5, 1.125, 10.625], "texture": "#1"},
				"west": {"uv": [1.25, 10.5, 1.375, 10.625], "texture": "#1"},
				"up": {"uv": [1.625, 10.625, 1.5, 10.5], "texture": "#1"}
			}
		},
		{
			"from": [7.25, 12.5, -9.5],
			"to": [7.5, 14.25, -9],
			"rotation": {"angle": 0, "axis": "y", "origin": [2.425, -0.23463, 20.65224]},
			"faces": {
				"north": {"uv": [8.5, 10, 8.625, 10.5], "texture": "#1"},
				"east": {"uv": [10, 8.5, 10.125, 9], "texture": "#1"},
				"south": {"uv": [8.75, 10, 8.875, 10.5], "texture": "#1"},
				"west": {"uv": [9, 10, 9.125, 10.5], "texture": "#1"},
				"up": {"uv": [1.875, 10.625, 1.75, 10.5], "texture": "#1"}
			}
		},
		{
			"from": [7, 6.35, 29],
			"to": [9, 7.35, 32],
			"rotation": {"angle": 0, "axis": "y", "origin": [2.425, 0.36537, 20.65224]},
			"faces": {
				"north": {"uv": [7.5, 6.25, 8, 6.5], "texture": "#1"},
				"east": {"uv": [4, 2.25, 4.75, 2.5], "texture": "#1"},
				"south": {"uv": [8.5, 5, 9, 5.25], "texture": "#1"},
				"west": {"uv": [1.5, 6.5, 2.25, 6.75], "texture": "#1"},
				"down": {"uv": [0.5, 9.5, 0, 10.25], "texture": "#1"}
			}
		},
		{
			"from": [7, 7.35, 26],
			"to": [9, 7.85, 28],
			"rotation": {"angle": 0, "axis": "y", "origin": [2.425, -0.63463, 20.65224]},
			"faces": {
				"north": {"uv": [9.25, 10, 9.75, 10.125], "texture": "#1"},
				"east": {"uv": [10, 9.5, 10.5, 9.625], "texture": "#1"},
				"west": {"uv": [10, 9.75, 10.5, 9.875], "texture": "#1"},
				"down": {"uv": [10, 5.5, 9.5, 6], "texture": "#1"}
			}
		},
		{
			"from": [7, 6.85, 27],
			"to": [9, 7.35, 29],
			"rotation": {"angle": 0, "axis": "y", "origin": [2.425, -0.63463, 20.65224]},
			"faces": {
				"north": {"uv": [10, 10, 10.5, 10.125], "texture": "#1"},
				"east": {"uv": [0, 10.25, 0.5, 10.375], "texture": "#1"},
				"west": {"uv": [10.25, 0, 10.75, 0.125], "texture": "#1"},
				"down": {"uv": [10, 6, 9.5, 6.5], "texture": "#1"}
			}
		},
		{
			"from": [7.025, 9.3045, 26.93306],
			"to": [8.975, 10.3045, 28.43306],
			"rotation": {"angle": -45, "axis": "x", "origin": [8, 10.0545, 27.55806]},
			"faces": {
				"east": {"uv": [9, 6, 9.375, 6.25], "texture": "#1"},
				"west": {"uv": [2, 10, 2.375, 10.25], "texture": "#1"},
				"up": {"uv": [6.5, 10.125, 6, 9.75], "texture": "#1"}
			}
		},
		{
			"from": [6.75, 8.25, 15.25],
			"to": [9.25, 12, 21.75],
			"rotation": {"angle": 0, "axis": "y", "origin": [7, 0.5, 22.5]},
			"faces": {
				"north": {"uv": [8.75, 0, 9.375, 1], "texture": "#1"},
				"east": {"uv": [5.75, 4.25, 7.375, 5.25], "texture": "#1"},
				"south": {"uv": [8.75, 1, 9.375, 2], "texture": "#1"},
				"west": {"uv": [6, 0, 7.625, 1], "texture": "#1"},
				"up": {"uv": [6.375, 9.125, 5.75, 7.5], "texture": "#1"},
				"down": {"uv": [7.125, 7.5, 6.5, 9.125], "texture": "#1"}
			}
		},
		{
			"from": [6.75, 8.25, 6.25],
			"to": [9.25, 11.5, 15.25],
			"rotation": {"angle": 0, "axis": "y", "origin": [7, 0.5, 22.5]},
			"faces": {
				"east": {"uv": [2.5, 2.5, 4.75, 3.375], "texture": "#1"},
				"west": {"uv": [2.5, 3.5, 4.75, 4.375], "texture": "#1"},
				"up": {"uv": [0.625, 8.75, 0, 6.5], "texture": "#1"},
				"down": {"uv": [1.375, 6.5, 0.75, 8.75], "texture": "#1"}
			}
		},
		{
			"from": [7.25, 6.25, 10.5],
			"to": [8.75, 8.25, 13],
			"rotation": {"angle": 0, "axis": "y", "origin": [7, -0.75, 23.25]},
			"faces": {
				"north": {"uv": [6.5, 9.75, 6.875, 10.25], "texture": "#1"},
				"east": {"uv": [9.5, 1.5, 10.125, 2], "texture": "#1"},
				"south": {"uv": [7.75, 9.75, 8.125, 10.25], "texture": "#1"},
				"west": {"uv": [2, 9.5, 2.625, 10], "texture": "#1"},
				"down": {"uv": [5.375, 9.75, 5, 10.375], "texture": "#1"}
			}
		},
		{
			"from": [7.25, 7.25, 9],
			"to": [8.75, 8.25, 10],
			"rotation": {"angle": 0, "axis": "y", "origin": [7, -0.75, 23.25]},
			"faces": {
				"north": {"uv": [2.5, 10, 2.875, 10.25], "texture": "#1"},
				"east": {"uv": [9.25, 4, 9.5, 4.25], "texture": "#1"},
				"south": {"uv": [10, 4, 10.375, 4.25], "texture": "#1"},
				"west": {"uv": [10.25, 0.25, 10.5, 0.5], "texture": "#1"},
				"down": {"uv": [10.375, 4.25, 10, 4.5], "texture": "#1"}
			}
		},
		{
			"from": [9.25, 8.5, 18.75],
			"to": [9.75, 9.5, 19.75],
			"rotation": {"angle": 0, "axis": "y", "origin": [7, -0.75, 23.25]},
			"faces": {
				"north": {"uv": [10.25, 8.25, 10.375, 8.5], "texture": "#1"},
				"east": {"uv": [0.5, 10.25, 0.75, 10.5], "texture": "#1"},
				"south": {"uv": [10.25, 8.5, 10.375, 8.75], "texture": "#1"},
				"up": {"uv": [10.375, 9, 10.25, 8.75], "texture": "#1"},
				"down": {"uv": [10.375, 9, 10.25, 9.25], "texture": "#1"}
			}
		},
		{
			"from": [7.5, 10.75, 29.25],
			"to": [8.5, 11.25, 30.25],
			"rotation": {"angle": 0, "axis": "y", "origin": [5.75, -0.75, 23.25]},
			"faces": {
				"north": {"uv": [9.25, 10.25, 9.5, 10.375], "texture": "#1"},
				"east": {"uv": [10.25, 9.25, 10.5, 9.375], "texture": "#1"},
				"south": {"uv": [9.5, 10.25, 9.75, 10.375], "texture": "#1"},
				"west": {"uv": [10, 10.25, 10.25, 10.375], "texture": "#1"},
				"up": {"uv": [10.5, 0.75, 10.25, 0.5], "texture": "#1"}
			}
		},
		{
			"from": [12.95429, -3.66372, -7.5],
			"to": [14.95429, -3.16372, -5.5],
			"rotation": {"angle": 0, "axis": "z", "origin": [13.95429, -3.16372, -6.5]},
			"faces": {
				"north": {"uv": [0.75, 10.25, 1.25, 10.375], "texture": "#1"},
				"east": {"uv": [10.25, 0.75, 10.75, 0.875], "texture": "#1"},
				"south": {"uv": [1.25, 10.25, 1.75, 10.375], "texture": "#1"},
				"west": {"uv": [10.25, 1.5, 10.75, 1.625], "texture": "#1"},
				"up": {"uv": [10, 7, 9.5, 6.5], "texture": "#1"},
				"down": {"uv": [9.25, 9.5, 8.75, 10], "texture": "#1"}
			}
		},
		{
			"from": [7.75, -4.5, -6.975],
			"to": [8.75, 7.5, -6.025],
			"rotation": {"angle": 22.5, "axis": "z", "origin": [8.25, 9, -6.5]},
			"faces": {
				"north": {"uv": [3, 6.75, 3.25, 9.75], "texture": "#1"},
				"east": {"uv": [3.25, 6.75, 3.5, 9.75], "texture": "#1"},
				"south": {"uv": [3.5, 7.75, 3.75, 10.75], "texture": "#1"},
				"west": {"uv": [3.75, 7.75, 4, 10.75], "texture": "#1"}
			}
		},
		{
			"from": [7.25, -4.5, -6.975],
			"to": [8.25, 7.5, -6.025],
			"rotation": {"angle": -22.5, "axis": "z", "origin": [7.75, 9, -6.5]},
			"faces": {
				"north": {"uv": [4, 7.75, 4.25, 10.75], "texture": "#1"},
				"east": {"uv": [4.25, 7.75, 4.5, 10.75], "texture": "#1"},
				"south": {"uv": [4.5, 7.75, 4.75, 10.75], "texture": "#1"},
				"west": {"uv": [4.75, 7.75, 5, 10.75], "texture": "#1"}
			}
		},
		{
			"from": [1.04571, -3.66372, -7.5],
			"to": [3.04571, -3.16372, -5.5],
			"rotation": {"angle": 0, "axis": "z", "origin": [2.04571, -3.16372, -6.5]},
			"faces": {
				"north": {"uv": [1.75, 10.25, 2.25, 10.375], "texture": "#1"},
				"east": {"uv": [10.25, 1.75, 10.75, 1.875], "texture": "#1"},
				"south": {"uv": [10.25, 2, 10.75, 2.125], "texture": "#1"},
				"west": {"uv": [2.25, 10.25, 2.75, 10.375], "texture": "#1"},
				"up": {"uv": [9.75, 10, 9.25, 9.5], "texture": "#1"},
				"down": {"uv": [1.5, 9.75, 1, 10.25], "texture": "#1"}
			}
		},
		{
			"from": [6.5, 7, -7],
			"to": [9.5, 7.5, -6],
			"rotation": {"angle": 0, "axis": "y", "origin": [7, -1.75, 25.25]},
			"faces": {
				"north": {"uv": [10, 4.5, 10.75, 4.625], "texture": "#1"},
				"east": {"uv": [10.25, 10.25, 10.5, 10.375], "texture": "#1"},
				"south": {"uv": [10, 4.75, 10.75, 4.875], "texture": "#1"},
				"west": {"uv": [0, 10.5, 0.25, 10.625], "texture": "#1"},
				"up": {"uv": [7.5, 6.5, 6.75, 6.25], "texture": "#1"},
				"down": {"uv": [9.25, 2, 8.5, 2.25], "texture": "#1"}
			}
		},
		{
			"from": [8.5, 7.5, -7],
			"to": [9.5, 8.5, -6],
			"rotation": {"angle": 0, "axis": "y", "origin": [7, -1.75, 25.25]},
			"faces": {
				"north": {"uv": [10.25, 2.25, 10.5, 2.5], "texture": "#1"},
				"east": {"uv": [10.25, 2.5, 10.5, 2.75], "texture": "#1"},
				"south": {"uv": [2.75, 10.25, 3, 10.5], "texture": "#1"},
				"west": {"uv": [10.25, 2.75, 10.5, 3], "texture": "#1"}
			}
		},
		{
			"from": [6.5, 7.5, -7],
			"to": [7.5, 8.5, -6],
			"rotation": {"angle": 0, "axis": "y", "origin": [7, -1.75, 25.25]},
			"faces": {
				"north": {"uv": [3, 10.25, 3.25, 10.5], "texture": "#1"},
				"east": {"uv": [10.25, 3, 10.5, 3.25], "texture": "#1"},
				"south": {"uv": [3.25, 10.25, 3.5, 10.5], "texture": "#1"},
				"west": {"uv": [10.25, 3.25, 10.5, 3.5], "texture": "#1"}
			}
		},
		{
			"from": [6.125, 8.5, -10.75],
			"to": [9.875, 12.25, -9.75],
			"rotation": {"angle": 0, "axis": "y", "origin": [6.875, -1, 22.5]},
			"faces": {
				"north": {"uv": [7.5, 4.25, 8.5, 5.25], "texture": "#1"},
				"east": {"uv": [2.75, 9, 3, 10], "texture": "#1"},
				"west": {"uv": [7, 9.25, 7.25, 10.25], "texture": "#1"},
				"up": {"uv": [5.75, 4.5, 4.75, 4.25], "texture": "#1"},
				"down": {"uv": [6.75, 5.25, 5.75, 5.5], "texture": "#1"}
			}
		},
		{
			"from": [5.875, 8.25, -9.75],
			"to": [10.125, 12.5, 6.25],
			"rotation": {"angle": 0, "axis": "y", "origin": [6.875, -1, 22.5]},
			"faces": {
				"north": {"uv": [6, 1, 7.125, 2.125], "texture": "#1"},
				"east": {"uv": [0, 0, 4, 1.125], "texture": "#1"},
				"south": {"uv": [4.5, 6.5, 5.625, 7.625], "texture": "#1"},
				"west": {"uv": [0, 1.25, 4, 2.375], "texture": "#1"},
				"up": {"uv": [1.125, 6.5, 0, 2.5], "texture": "#1"},
				"down": {"uv": [2.375, 2.5, 1.25, 6.5], "texture": "#1"}
			}
		},
		{
			"from": [6.5, 9, -16],
			"to": [9.5, 12, -10.75],
			"rotation": {"angle": 0, "axis": "y", "origin": [7, -1, 22.5]},
			"faces": {
				"north": {"uv": [8.75, 6.25, 9.5, 7], "texture": "#1"},
				"east": {"uv": [1.5, 6.75, 2.875, 7.5], "texture": "#1"},
				"west": {"uv": [7.25, 1, 8.625, 1.75], "texture": "#1"},
				"up": {"uv": [2.25, 8.875, 1.5, 7.5], "texture": "#1"},
				"down": {"uv": [3, 7.5, 2.25, 8.875], "texture": "#1"}
			}
		},
		{
			"from": [3.75, 11.525, 9],
			"to": [12.25, 13.525, 12.5],
			"rotation": {"angle": 0, "axis": "y", "origin": [8, 12.525, 10.75]},
			"faces": {
				"north": {"uv": [6.75, 5.75, 8.875, 6.25], "texture": "#1"},
				"east": {"uv": [9.25, 2.5, 10.125, 3], "texture": "#1"},
				"south": {"uv": [7, 2.25, 9.125, 2.75], "texture": "#1"},
				"west": {"uv": [9.25, 3, 10.125, 3.5], "texture": "#1"},
				"up": {"uv": [5.625, 5.375, 3.5, 4.5], "texture": "#1"},
				"down": {"uv": [6.875, 2.25, 4.75, 3.125], "texture": "#1"}
			}
		},
		{
			"from": [6.25, 11.525, 6.5],
			"to": [9.75, 13.525, 15],
			"rotation": {"angle": 0, "axis": "y", "origin": [8, 12.525, 10.75]},
			"faces": {
				"north": {"uv": [8.75, 9, 9.625, 9.5], "texture": "#1"},
				"east": {"uv": [5.75, 6.5, 7.875, 7], "texture": "#1"},
				"south": {"uv": [9.25, 2, 10.125, 2.5], "texture": "#1"},
				"west": {"uv": [6.75, 5.25, 8.875, 5.75], "texture": "#1"},
				"up": {"uv": [4.875, 2.125, 4, 0], "texture": "#1"},
				"down": {"uv": [3.375, 4.5, 2.5, 6.625], "texture": "#1"}
			}
		},
		{
			"from": [3.75, 11.55, 8.98223],
			"to": [12.24264, 13.5, 12.51777],
			"rotation": {"angle": -45, "axis": "y", "origin": [8, 12.525, 10.75]},
			"faces": {
				"north": {"uv": [7, 3.75, 9.125, 4.25], "texture": "#1"},
				"east": {"uv": [6, 9.25, 6.875, 9.75], "texture": "#1"},
				"south": {"uv": [5.75, 7, 7.875, 7.5], "texture": "#1"},
				"west": {"uv": [9.25, 7, 10.125, 7.5], "texture": "#1"},
				"up": {"uv": [6.875, 4.125, 4.75, 3.25], "texture": "#1"},
				"down": {"uv": [6.625, 5.5, 4.5, 6.375], "texture": "#1"}
			}
		},
		{
			"from": [6.23223, 11.55, 6.50736],
			"to": [9.76777, 13.5, 15],
			"rotation": {"angle": -45, "axis": "y", "origin": [8, 12.525, 10.75]},
			"faces": {
				"north": {"uv": [9.25, 3.5, 10.125, 4], "texture": "#1"},
				"east": {"uv": [7, 2.75, 9.125, 3.25], "texture": "#1"},
				"south": {"uv": [5, 9.25, 5.875, 9.75], "texture": "#1"},
				"west": {"uv": [7, 3.25, 9.125, 3.75], "texture": "#1"},
				"up": {"uv": [5.875, 2.125, 5, 0], "texture": "#1"},
				"down": {"uv": [4.375, 5.5, 3.5, 7.625], "texture": "#1"}
			}
		},
		{
			"from": [7, 3.25, 18.25],
			"to": [9, 8.75, 20.25],
			"rotation": {"angle": -22.5, "axis": "x", "origin": [8, 4.5, 18.25]},
			"faces": {
				"north": {"uv": [5, 7.75, 5.5, 9.125], "texture": "#1"},
				"east": {"uv": [8.25, 6.25, 8.75, 7.625], "texture": "#1"},
				"south": {"uv": [8.25, 7.75, 8.75, 9.125], "texture": "#1"},
				"west": {"uv": [7.25, 8.5, 7.75, 9.875], "texture": "#1"},
				"down": {"uv": [3.5, 9.75, 3, 10.25], "texture": "#1"}
			}
		},
		{
			"from": [7, 2.75, 17.25],
			"to": [9, 3.25, 20.25],
			"rotation": {"angle": -22.5, "axis": "x", "origin": [8, 4.5, 18.25]},
			"faces": {
				"north": {"uv": [10.25, 3.5, 10.75, 3.625], "texture": "#1"},
				"east": {"uv": [10, 5, 10.75, 5.125], "texture": "#1"},
				"south": {"uv": [10.25, 3.75, 10.75, 3.875], "texture": "#1"},
				"west": {"uv": [10, 5.25, 10.75, 5.375], "texture": "#1"},
				"up": {"uv": [10, 0.75, 9.5, 0], "texture": "#1"},
				"down": {"uv": [1, 9.5, 0.5, 10.25], "texture": "#1"}
			}
		},
		{
			"from": [7.05, 5.25, 18.5],
			"to": [8.95, 6.75, 19],
			"rotation": {"angle": 45, "axis": "x", "origin": [8, 6.75, 21.25]},
			"faces": {
				"east": {"uv": [10.25, 5.75, 10.375, 6.125], "texture": "#1"},
				"south": {"uv": [9.75, 9, 10.25, 9.375], "texture": "#1"},
				"west": {"uv": [6, 10.25, 6.125, 10.625], "texture": "#1"}
			}
		},
		{
			"from": [7.5, 6.75, 16.75],
			"to": [8.5, 8.25, 17.75],
			"rotation": {"angle": 0, "axis": "y", "origin": [9, 1.5, 22.5]},
			"faces": {
				"north": {"uv": [5.5, 8.75, 5.75, 9.125], "texture": "#1"},
				"east": {"uv": [10, 5.5, 10.25, 5.875], "texture": "#1"},
				"west": {"uv": [10, 6, 10.25, 6.375], "texture": "#1"},
				"down": {"uv": [10.5, 5.5, 10.25, 5.75], "texture": "#1"}
			}
		},
		{
			"from": [7.75, 7, 15.45],
			"to": [8.25, 8.5, 15.95],
			"rotation": {"angle": 0, "axis": "y", "origin": [7.25, 1.75, 24]},
			"faces": {
				"north": {"uv": [6.25, 10.25, 6.375, 10.625], "texture": "#1"},
				"east": {"uv": [10.25, 6.25, 10.375, 6.625], "texture": "#1"},
				"south": {"uv": [6.5, 10.25, 6.625, 10.625], "texture": "#1"},
				"west": {"uv": [6.75, 10.25, 6.875, 10.625], "texture": "#1"},
				"down": {"uv": [2.125, 10.5, 2, 10.625], "texture": "#1"}
			}
		},
		{
			"from": [7.5, 6.25, 14],
			"to": [8.5, 6.75, 17.5],
			"rotation": {"angle": 0, "axis": "y", "origin": [9, 1.75, 24]},
			"faces": {
				"north": {"uv": [0.25, 10.5, 0.5, 10.625], "texture": "#1"},
				"east": {"uv": [10, 1, 10.875, 1.125], "texture": "#1"},
				"west": {"uv": [10, 1.25, 10.875, 1.375], "texture": "#1"},
				"up": {"uv": [5.75, 10.625, 5.5, 9.75], "texture": "#1"},
				"down": {"uv": [6, 9.75, 5.75, 10.625], "texture": "#1"}
			}
		},
		{
			"from": [7.5, 6.75, 13.75],
			"to": [8.5, 8.25, 14.25],
			"rotation": {"angle": 0, "axis": "y", "origin": [9, 1.75, 24]},
			"faces": {
				"north": {"uv": [10, 6.5, 10.25, 6.875], "texture": "#1"},
				"east": {"uv": [10.25, 6.75, 10.375, 7.125], "texture": "#1"},
				"south": {"uv": [7.25, 10, 7.5, 10.375], "texture": "#1"},
				"west": {"uv": [7, 10.25, 7.125, 10.625], "texture": "#1"},
				"down": {"uv": [10.75, 0.25, 10.5, 0.375], "texture": "#1"}
			}
		}
	],
	"display": {
		"thirdperson_righthand": {
			"rotation": [0, -15, 0],
			"translation": [-1.5, -1.15, -4.75],
			"scale": [0.8, 0.8, 0.65]
		},
		"firstperson_righthand": {
			"rotation": [4, -18.5, 7],
			"translation": [11.25, 2, -5.85],
			"scale": [1, 1, 0.9]
		}
	}
}