{
	"parent": "minecraft:item/handheld_rod",
	"textures": {
		"layer0": "item/jigsaw"
	},
	"overrides": [
		{ "predicate": { "custom_model_data": 191316612 }, "model": "item/simple_guns/bullets/flamethrower"},
		{ "predicate": { "custom_model_data": 1913161147 }, "model": "item/simple_guns/bullets/ak47"},
		{ "predicate": { "custom_model_data": 1913161393 }, "model": "item/simple_guns/bullets/pistol"},
		{ "predicate": { "custom_model_data": 1913161512 }, "model": "item/simple_guns/bullets/missile_launcher"},
		{ "predicate": { "custom_model_data": 1913161774 }, "model": "item/simple_guns/bullets/sniper"},
		{ "predicate": { "custom_model_data": 1913161987 }, "model": "item/simple_guns/bullets/shotgun"},
		{ "predicate": { "custom_model_data": 1913167184 }, "model": "item/simple_guns/grenade"}
	]
}