{
	"credit": "Made with Blockbench",
	"textures": {
		"1": "item/totem_of_undying_back",
		"particle": "item/totem_of_undying_back",
		"layer0": "item/totem_of_undying"
	},
	"elements": [
		{
			"from": [0, 0, 7.95],
			"to": [16, 16, 8.05],
			"rotation": {"angle": 0, "axis": "y", "origin": [8.00017, 8, 14.85]},
			"faces": {
				"north": {"uv": [0, 0, 16, 16], "texture": "#1"},
				"south": {"uv": [0, 0, 16, 16], "texture": "#layer0"}
			}
		}
	],
	"display": {
		"thirdperson_righthand": {
			"rotation": [-9, -19, -18],
			"translation": [0, 2.5, -0.5],
			"scale": [0.5, 0.5, 0.5]
		},
		"thirdperson_lefthand": {
			"rotation": [-2, 151, 0],
			"translation": [0, 3, 0.5],
			"scale": [0.5, 0.5, 0.5]
		},
		"firstperson_righthand": {
			"rotation": [-8, -44, 6],
			"translation": [1.38, 3, -1.62],
			"scale": [0.5, 0.55, 0.68]
		},
		"firstperson_lefthand": {
			"rotation": [-3, 154, -4],
			"translation": [1.38, 2.75, -1.87],
			"scale": [0.5, 0.55, 0.68]
		},
		"ground": {
			"translation": [0, 2, 0],
			"scale": [0.5, 0.5, 0.5]
		},
		"head": {
			"rotation": [0, 180, 0],
			"translation": [0, 13, 7]
		},
		"fixed": {
			"rotation": [0, 180, 0]
		}
	}
}