{
	"credit": "Made with Blockbench",
	"textures": {
		"1": "block/gray_concrete",
		"6": "simple_guns/spas",
		"particle": "block/gray_concrete"
	},
	"elements": [
		{
			"from": [7.625, 7.4, -9.9],
			"to": [8.375, 8.15, 0.1],
			"faces": {
				"north": {"uv": [12, 14, 12.375, 14.375], "texture": "#6"},
				"east": {"uv": [8, 15, 14.5, 15.375], "texture": "#6"},
				"south": {"uv": [0, 0, 0.375, 0.375], "texture": "#6"},
				"west": {"uv": [8, 14, 14.5, 14.375], "texture": "#6"},
				"up": {"uv": [8, 15, 14.5, 15.375], "rotation": 90, "texture": "#6"},
				"down": {"uv": [8, 15, 14.5, 15.375], "rotation": 90, "texture": "#6"}
			}
		},
		{
			"from": [7.6875, 8.775, -9.9],
			"to": [8.3125, 9.4, 16.85],
			"faces": {
				"north": {"uv": [0, 0, 0.375, 0.375], "texture": "#6"},
				"east": {"uv": [8, 13, 14.5, 13.375], "texture": "#6"},
				"south": {"uv": [0, 0, 0.375, 0.375], "texture": "#6"},
				"west": {"uv": [8, 15, 14.5, 15.375], "texture": "#6"},
				"up": {"uv": [8, 15, 14.5, 15.375], "rotation": 90, "texture": "#6"},
				"down": {"uv": [8, 15, 14.5, 15.375], "rotation": 90, "texture": "#6"}
			}
		},
		{
			"from": [7.5625, 8.65, -10.275],
			"to": [8.4375, 9.525, -8.775],
			"faces": {
				"north": {"uv": [14, 14, 14.375, 14.375], "texture": "#6"},
				"east": {"uv": [11, 14, 11.75, 14.375], "texture": "#6"},
				"south": {"uv": [12, 13, 12.375, 13.375], "texture": "#6"},
				"west": {"uv": [10, 14, 10.75, 14.375], "texture": "#6"},
				"up": {"uv": [12, 14, 12.375, 14.75], "texture": "#6"},
				"down": {"uv": [10, 14, 10.375, 14.75], "texture": "#6"}
			}
		},
		{
			"from": [7.9375, 9.4, -7.9],
			"to": [8.0625, 10.30625, -7.525],
			"faces": {
				"north": {"uv": [14, 14, 14.375, 14.375], "texture": "#6"},
				"east": {"uv": [11, 14, 11.75, 14.375], "texture": "#6"},
				"south": {"uv": [12, 13, 12.375, 13.375], "texture": "#6"},
				"west": {"uv": [10, 14, 10.75, 14.375], "texture": "#6"},
				"up": {"uv": [12, 14, 12.375, 14.75], "texture": "#6"},
				"down": {"uv": [10, 14, 10.375, 14.75], "texture": "#6"}
			}
		},
		{
			"from": [7.96875, 8.80625, -8.05625],
			"to": [8.03125, 10.18125, -7.68125],
			"rotation": {"angle": 22.5, "axis": "x", "origin": [8, 9.8375, -7.7125]},
			"faces": {
				"north": {"uv": [14, 14, 14.375, 14.375], "texture": "#6"},
				"east": {"uv": [11, 14, 11.75, 14.375], "texture": "#6"},
				"south": {"uv": [12, 13, 12.375, 13.375], "texture": "#6"},
				"west": {"uv": [10, 14, 10.75, 14.375], "texture": "#6"},
				"up": {"uv": [12, 14, 12.375, 14.75], "texture": "#6"},
				"down": {"uv": [10, 14, 10.375, 14.75], "texture": "#6"}
			}
		},
		{
			"from": [7.5, 7.275, -2.15],
			"to": [8.5, 8.275, 0.35],
			"faces": {
				"north": {"uv": [12, 14, 12.375, 14.375], "texture": "#6"},
				"east": {"uv": [12, 14, 13.25, 14.5], "texture": "#6"},
				"south": {"uv": [0, 0, 0.375, 0.375], "texture": "#6"},
				"west": {"uv": [12, 14, 13.25, 14.5], "texture": "#6"},
				"up": {"uv": [12, 13, 12.5, 14.25], "texture": "#6"},
				"down": {"uv": [12, 13, 12.5, 14.25], "texture": "#6"}
			}
		},
		{
			"from": [7.25, 7.025, 0.1],
			"to": [8.75, 9.15, 17.35],
			"faces": {
				"north": {"uv": [12, 14, 12.375, 14.375], "texture": "#6"},
				"east": {"uv": [6, 7.5, 15.5, 8.438], "texture": "#6"},
				"south": {"uv": [5.5, 5.5, 5.875, 5.875], "texture": "#6"},
				"west": {"uv": [2, 4.25, 11.5, 5.188], "texture": "#6"},
				"up": {"uv": [2, 4.25, 11.5, 5.188], "rotation": 90, "texture": "#6"},
				"down": {"uv": [0, 0, 0.75, 9.5], "texture": "#6"}
			}
		},
		{
			"from": [7.25, 9.15, 0.1],
			"to": [8.75, 9.775, 17.35],
			"faces": {
				"north": {"uv": [12, 14, 12.375, 14.375], "texture": "#6"},
				"east": {"uv": [16, 10.1, 3, 10.725], "texture": "#6"},
				"south": {"uv": [0, 0, 0.375, 0.375], "texture": "#6"},
				"west": {"uv": [3, 10.1, 16, 10.725], "texture": "#6"},
				"up": {"uv": [3, 9, 14, 10.625], "rotation": 90, "texture": "#6"},
				"down": {"uv": [0, 0, 0.75, 9.5], "texture": "#6"}
			}
		},
		{
			"from": [7.25, 9.775, 11.4125],
			"to": [8.75, 10.3375, 17.35],
			"faces": {
				"north": {"uv": [5, 3.5, 6.5, 4.063], "texture": "#6"},
				"east": {"uv": [3.5, 2.5, 9.5, 3.125], "texture": "#6"},
				"south": {"uv": [0, 0, 0.375, 0.375], "texture": "#6"},
				"west": {"uv": [7.75, 8.25, 13.688, 8.813], "texture": "#6"},
				"up": {"uv": [13, 3, 14, 7.25], "texture": "#6"},
				"down": {"uv": [0, 0, 0.75, 9.5], "texture": "#6"}
			}
		},
		{
			"from": [7.125, 6.4625, 0.0375],
			"to": [8.875, 7.0875, 5.975],
			"faces": {
				"north": {"uv": [5, 3.5, 6.5, 4.063], "texture": "#1"},
				"east": {"uv": [3.75, 1.5, 9.75, 2.125], "texture": "#1"},
				"south": {"uv": [10, 13.75, 10.75, 14.5], "texture": "#1"},
				"west": {"uv": [4, 5.25, 10, 5.875], "texture": "#1"},
				"up": {"uv": [0, 0, 1, 4.25], "texture": "#6"},
				"down": {"uv": [0, 0, 1.75, 5.9375], "texture": "#1"}
			}
		},
		{
			"from": [7.125, 6.9, 5.20938],
			"to": [8.875, 7.0875, 11.89688],
			"faces": {
				"north": {"uv": [5, 3.5, 6.5, 4.063], "texture": "#6"},
				"east": {"uv": [0, 0, 6, 0.625], "texture": "#1"},
				"south": {"uv": [10, 13.75, 10.75, 14.5], "texture": "#1"},
				"west": {"uv": [0, 0, 6, 0.625], "texture": "#1"},
				"up": {"uv": [0, 0, 1, 4.25], "texture": "#6"},
				"down": {"uv": [0, 0, 1.5, 5.1875], "texture": "#1"}
			}
		},
		{
			"from": [7.11785, 6.93133, 0.04457],
			"to": [7.30535, 8.68133, 11.88832],
			"faces": {
				"north": {"uv": [5, 3.5, 6.5, 4.063], "rotation": 90, "texture": "#1"},
				"east": {"uv": [0, 0, 1.5, 5.1875], "rotation": 270, "texture": "#6"},
				"south": {"uv": [10, 13.75, 10.75, 14.5], "texture": "#1"},
				"west": {"uv": [4.75, 6.5, 15.094, 8.25], "texture": "#1"},
				"up": {"uv": [0, 0, 6, 0.625], "rotation": 270, "texture": "#1"},
				"down": {"uv": [0, 0, 6, 0.625], "rotation": 270, "texture": "#1"}
			}
		},
		{
			"from": [8.69465, 6.93133, 0.04457],
			"to": [8.88215, 8.68133, 11.88832],
			"faces": {
				"north": {"uv": [5, 4.063, 6.5, 3.5], "rotation": 90, "texture": "#6"},
				"east": {"uv": [4.75, 6.5, 15.094, 8.25], "texture": "#1"},
				"south": {"uv": [10, 13.75, 10.75, 14.5], "texture": "#1"},
				"west": {"uv": [0, 5.1875, 1.5, 0], "rotation": 270, "texture": "#6"},
				"up": {"uv": [0, 0.625, 6, 0], "rotation": 270, "texture": "#1"},
				"down": {"uv": [0, 0.625, 6, 0], "rotation": 270, "texture": "#1"}
			}
		},
		{
			"from": [7.14063, 6.68125, 11.2875],
			"to": [8.85938, 7.0875, 11.86563],
			"faces": {
				"north": {"uv": [7.5, 6, 9.25, 6.407], "texture": "#1"},
				"east": {"uv": [7.75, 7, 8.328, 7.407], "texture": "#1"},
				"south": {"uv": [10.75, 7.5, 12.469, 7.907], "texture": "#1"},
				"west": {"uv": [0, 0, 0.57813, 0.40625], "texture": "#1"},
				"up": {"uv": [0, 0, 1, 4.25], "texture": "#6"},
				"down": {"uv": [12.75, 7.75, 14.469, 8.328], "texture": "#1"}
			}
		},
		{
			"from": [7.3125, 7.15, 17.35],
			"to": [8.6875, 9.775, 25.0375],
			"faces": {
				"north": {"uv": [12, 14, 12.375, 14.375], "texture": "#6"},
				"east": {"uv": [11, 14, 15.688, 15.625], "texture": "#6"},
				"south": {"uv": [5.5, 5.5, 5.875, 5.875], "texture": "#6"},
				"west": {"uv": [11, 14, 15.688, 15.625], "texture": "#6"},
				"up": {"uv": [8, 15, 15.688, 16], "rotation": 90, "texture": "#6"},
				"down": {"uv": [8, 15, 15.688, 16], "rotation": 90, "texture": "#6"}
			}
		},
		{
			"from": [7.5625, 9.7125, 17.35],
			"to": [8.4375, 10.025, 25.0375],
			"faces": {
				"north": {"uv": [12, 14, 12.375, 14.375], "texture": "#6"},
				"east": {"uv": [8, 14, 15.688, 16], "texture": "#6"},
				"south": {"uv": [5.5, 5.5, 5.875, 5.875], "texture": "#6"},
				"west": {"uv": [8, 14, 15.688, 16], "texture": "#6"},
				"up": {"uv": [8, 15, 15.688, 16], "rotation": 90, "texture": "#6"},
				"down": {"uv": [8, 15, 15.688, 16], "rotation": 90, "texture": "#6"}
			}
		},
		{
			"from": [7.14063, 10.10313, 17.35],
			"to": [7.48438, 10.41563, 25.0375],
			"rotation": {"angle": 45, "axis": "z", "origin": [8, 10.3125, 21]},
			"faces": {
				"north": {"uv": [12, 14, 12.375, 14.375], "texture": "#6"},
				"east": {"uv": [8, 14, 15.688, 16], "texture": "#6"},
				"south": {"uv": [5.5, 5.5, 5.875, 5.875], "texture": "#6"},
				"west": {"uv": [8, 14, 15.688, 16], "texture": "#6"},
				"up": {"uv": [8, 15, 15.688, 16], "rotation": 90, "texture": "#6"},
				"down": {"uv": [8, 15, 15.688, 16], "rotation": 90, "texture": "#6"}
			}
		},
		{
			"from": [8.51563, 10.10313, 17.35],
			"to": [8.85938, 10.41563, 25.0375],
			"rotation": {"angle": -45, "axis": "z", "origin": [8, 10.3125, 21]},
			"faces": {
				"north": {"uv": [12.375, 14, 12, 14.375], "texture": "#6"},
				"east": {"uv": [15.688, 14, 8, 16], "texture": "#6"},
				"south": {"uv": [5.875, 5.5, 5.5, 5.875], "texture": "#6"},
				"west": {"uv": [15.688, 14, 8, 16], "texture": "#6"},
				"up": {"uv": [8, 16, 15.688, 15], "rotation": 90, "texture": "#6"},
				"down": {"uv": [8, 16, 15.688, 15], "rotation": 90, "texture": "#6"}
			}
		},
		{
			"from": [7.25, 10.15, 20.2875],
			"to": [8.75, 10.275, 23.1625],
			"rotation": {"angle": 22.5, "axis": "x", "origin": [8, 10, 22]},
			"faces": {
				"north": {"uv": [5, 3.5, 6.5, 4.063], "texture": "#6"},
				"east": {"uv": [3.5, 2.5, 9.5, 3.125], "texture": "#6"},
				"south": {"uv": [0, 0, 0.375, 0.375], "texture": "#6"},
				"west": {"uv": [7.75, 8.25, 13.688, 8.813], "texture": "#6"},
				"up": {"uv": [7, 4, 8.5, 6.875], "texture": "#6"},
				"down": {"uv": [0, 0, 0.75, 9.5], "texture": "#6"}
			}
		},
		{
			"from": [7.1875, 10.15, 20.2875],
			"to": [7.25, 11.15, 25.1625],
			"rotation": {"angle": 22.5, "axis": "x", "origin": [8, 10, 22]},
			"faces": {
				"north": {"uv": [5, 3.5, 6.5, 4.063], "texture": "#6"},
				"east": {"uv": [3.5, 2.5, 9.5, 3.125], "texture": "#6"},
				"south": {"uv": [0, 0, 0.375, 0.375], "texture": "#6"},
				"west": {"uv": [11, 3, 15.875, 4], "texture": "#6"},
				"up": {"uv": [13, 3, 14, 7.25], "texture": "#6"},
				"down": {"uv": [0, 0, 0.75, 9.5], "texture": "#6"}
			}
		},
		{
			"from": [8.75, 10.15, 20.2875],
			"to": [8.8125, 11.15, 25.1625],
			"rotation": {"angle": 22.5, "axis": "x", "origin": [8, 10, 22]},
			"faces": {
				"north": {"uv": [6.5, 3.5, 5, 4.063], "texture": "#6"},
				"east": {"uv": [11, 4, 15.875, 5], "texture": "#6"},
				"south": {"uv": [0.375, 0, 0, 0.375], "texture": "#6"},
				"west": {"uv": [9, 5, 13.875, 6], "texture": "#6"},
				"up": {"uv": [14, 3, 13, 7.25], "texture": "#6"},
				"down": {"uv": [0.75, 0, 0, 9.5], "texture": "#6"}
			}
		},
		{
			"from": [7.25, 10.775, 14.4125],
			"to": [8.75, 10.9, 20.5375],
			"faces": {
				"north": {"uv": [5, 3.5, 6.5, 4.063], "texture": "#6"},
				"east": {"uv": [3.5, 2.5, 9.5, 3.125], "texture": "#6"},
				"south": {"uv": [0, 0, 0.375, 0.375], "texture": "#6"},
				"west": {"uv": [7.75, 8.25, 13.688, 8.813], "texture": "#6"},
				"up": {"uv": [14, 1, 15.5, 3.875], "texture": "#6"},
				"down": {"uv": [0, 0, 0.75, 9.5], "texture": "#6"}
			}
		},
		{
			"from": [8.73438, 10.775, 14.45938],
			"to": [8.78125, 11.7125, 20.86563],
			"faces": {
				"north": {"uv": [6.5, 3.5, 5, 4.063], "texture": "#6"},
				"east": {"uv": [9, 0, 15.407, 0.938], "texture": "#6"},
				"south": {"uv": [0.375, 0, 0, 0.375], "texture": "#6"},
				"west": {"uv": [9, 0, 15.407, 0.938], "texture": "#6"},
				"up": {"uv": [14, 3, 13, 7.25], "texture": "#6"},
				"down": {"uv": [0.75, 0, 0, 9.5], "texture": "#6"}
			}
		},
		{
			"from": [7.21875, 10.775, 14.45938],
			"to": [7.26563, 11.7125, 20.86563],
			"faces": {
				"north": {"uv": [5, 3.5, 6.5, 4.063], "texture": "#6"},
				"east": {"uv": [9, 0, 15.407, 0.938], "texture": "#6"},
				"south": {"uv": [0, 0, 0.375, 0.375], "texture": "#6"},
				"west": {"uv": [9, 0, 15.407, 0.938], "texture": "#6"},
				"up": {"uv": [13, 3, 14, 7.25], "texture": "#6"},
				"down": {"uv": [0, 0, 0.75, 9.5], "texture": "#6"}
			}
		},
		{
			"from": [7.25, 10.525, 9.9125],
			"to": [8.75, 11.7125, 14.475],
			"faces": {
				"north": {"uv": [6, 4, 7.5, 5.188], "texture": "#6"},
				"east": {"uv": [6, 4, 10.563, 5.188], "texture": "#6"},
				"south": {"uv": [6, 4, 7.5, 5.188], "texture": "#6"},
				"west": {"uv": [9, 2, 13.563, 3.188], "texture": "#6"},
				"up": {"uv": [13, 3, 14, 7.25], "texture": "#6"},
				"down": {"uv": [13, 3, 14, 7.25], "texture": "#6"}
			}
		},
		{
			"from": [7.29688, 6.74375, 24.49063],
			"to": [8.71875, 9.72813, 26.50625],
			"rotation": {"angle": 22.5, "axis": "x", "origin": [8, 8.5, 25.5]},
			"faces": {
				"north": {"uv": [12, 14, 12.375, 14.375], "texture": "#6"},
				"east": {"uv": [13, 13, 15.063, 15.625], "texture": "#6"},
				"south": {"uv": [14, 13, 15.422, 15.985], "texture": "#6"},
				"west": {"uv": [13, 13, 15.063, 15.625], "texture": "#6"},
				"up": {"uv": [13, 13, 15.063, 15.625], "texture": "#6"},
				"down": {"uv": [8, 15, 15.688, 16], "rotation": 90, "texture": "#6"}
			}
		},
		{
			"from": [7.17188, 10.025, 24.975],
			"to": [8.84375, 11.275, 26.225],
			"rotation": {"angle": 22.5, "axis": "x", "origin": [8, 10, 22]},
			"faces": {
				"north": {"uv": [5, 3.5, 6.5, 4.063], "texture": "#6"},
				"east": {"uv": [4, 5, 5.25, 6.25], "texture": "#6"},
				"south": {"uv": [0, 0, 0.375, 0.375], "texture": "#6"},
				"west": {"uv": [4, 5, 5.25, 6.25], "texture": "#6"},
				"up": {"uv": [9, 5, 10.672, 6.25], "texture": "#6"},
				"down": {"uv": [0, 0, 0.75, 9.5], "texture": "#6"}
			}
		},
		{
			"from": [7.60938, 4.18125, 23.61563],
			"to": [8.40625, 7.91563, 25.00625],
			"rotation": {"angle": -22.5, "axis": "x", "origin": [8, 8.5, 25.5]},
			"faces": {
				"north": {"uv": [13, 13, 15.063, 15.625], "texture": "#6"},
				"east": {"uv": [13, 13, 15.063, 15.625], "texture": "#6"},
				"south": {"uv": [15, 12, 15.796, 15.735], "texture": "#6"},
				"west": {"uv": [13, 13, 15.063, 15.625], "texture": "#6"},
				"up": {"uv": [13, 13, 15.063, 15.625], "texture": "#6"},
				"down": {"uv": [8, 15, 15.688, 16], "rotation": 90, "texture": "#6"}
			}
		},
		{
			"from": [7.89063, 6.18125, 23.7875],
			"to": [8.10938, 7.2125, 24.17813],
			"faces": {
				"north": {"uv": [7.5, 6, 9.25, 6.407], "texture": "#1"},
				"east": {"uv": [7.75, 7, 8.328, 7.407], "texture": "#1"},
				"south": {"uv": [10.75, 7.5, 12.469, 7.907], "texture": "#1"},
				"west": {"uv": [0, 0, 0.57813, 0.40625], "texture": "#1"},
				"up": {"uv": [0, 0, 1, 4.25], "texture": "#6"},
				"down": {"uv": [12.75, 7.75, 14.469, 8.328], "texture": "#1"}
			}
		},
		{
			"from": [7.76563, 5.86875, 23.0375],
			"to": [8.23438, 5.9625, 24.92813],
			"faces": {
				"north": {"uv": [7.5, 6, 9.25, 6.407], "texture": "#1"},
				"east": {"uv": [7.75, 7, 8.328, 7.407], "texture": "#1"},
				"south": {"uv": [10.75, 7.5, 12.469, 7.907], "texture": "#1"},
				"west": {"uv": [0, 0, 0.57813, 0.40625], "texture": "#1"},
				"up": {"uv": [0, 0, 0.46875, 1.14063], "texture": "#1"},
				"down": {"uv": [12.75, 7.75, 14.469, 8.328], "texture": "#1"}
			}
		},
		{
			"from": [7.76563, 6.65, 21.33438],
			"to": [8.23438, 6.74375, 22.83438],
			"rotation": {"angle": 45, "axis": "x", "origin": [8, 6, 22]},
			"faces": {
				"north": {"uv": [7.5, 6, 9.25, 6.407], "texture": "#1"},
				"east": {"uv": [7.75, 7, 8.328, 7.407], "texture": "#1"},
				"south": {"uv": [10.75, 7.5, 12.469, 7.907], "texture": "#1"},
				"west": {"uv": [0, 0, 0.57813, 0.40625], "texture": "#1"},
				"up": {"uv": [0, 0, 0.46875, 1.14063], "texture": "#1"},
				"down": {"uv": [12.75, 7.75, 14.469, 8.328], "texture": "#1"}
			}
		},
		{
			"from": [7.76563, 6.4625, 21.20938],
			"to": [8.23438, 7.24375, 22.52188],
			"faces": {
				"north": {"uv": [7.5, 6, 9.25, 6.407], "texture": "#1"},
				"east": {"uv": [7.75, 7, 8.328, 7.407], "texture": "#1"},
				"south": {"uv": [10.75, 7.5, 12.469, 7.907], "texture": "#1"},
				"west": {"uv": [0, 0, 0.57813, 0.40625], "texture": "#1"},
				"up": {"uv": [0, 0, 0.46875, 1.14063], "texture": "#1"},
				"down": {"uv": [12.75, 7.75, 14.469, 8.328], "texture": "#1"}
			}
		},
		{
			"from": [8.23438, 8.8375, 17.64688],
			"to": [8.70313, 9.74375, 20.64688],
			"faces": {
				"north": {"uv": [7.5, 6, 9.25, 6.407], "texture": "#1"},
				"east": {"uv": [7.75, 7, 8.328, 7.407], "texture": "#1"},
				"south": {"uv": [10.75, 7.5, 12.469, 7.907], "texture": "#1"},
				"west": {"uv": [0, 0, 0.57813, 0.40625], "texture": "#1"},
				"up": {"uv": [0, 0, 0.46875, 1.14063], "texture": "#1"},
				"down": {"uv": [12.75, 7.75, 14.469, 8.328], "texture": "#1"}
			}
		},
		{
			"from": [8.57813, 8.8375, 18.20938],
			"to": [9.29688, 9.24375, 18.33438],
			"faces": {
				"north": {"uv": [7.5, 6, 9.25, 6.407], "texture": "#1"},
				"east": {"uv": [7.75, 7, 8.328, 7.407], "texture": "#1"},
				"south": {"uv": [10.75, 7.5, 12.469, 7.907], "texture": "#1"},
				"west": {"uv": [0, 0, 0.57813, 0.40625], "texture": "#1"},
				"up": {"uv": [0, 0, 0.46875, 1.14063], "texture": "#1"},
				"down": {"uv": [12.75, 7.75, 14.469, 8.328], "texture": "#1"}
			}
		}
	],
	"display": {
		"thirdperson_righthand": {
			"rotation": [2, 4, 0],
			"translation": [-0.75, 0.75, -5],
			"scale": [0.625, 0.5, 0.5]
		},
		"thirdperson_lefthand": {
			"rotation": [2, 4, 0],
			"translation": [-0.75, 0.75, -5],
			"scale": [0.625, 0.5, 0.5]
		},
		"firstperson_righthand": {
			"rotation": [12, -1, 0],
			"translation": [-4.5, 7.5, -0.5],
			"scale": [0.625, 0.5, 0.5]
		},
		"firstperson_lefthand": {
			"rotation": [12, -1, 0],
			"translation": [-4.5, 7.5, -0.5],
			"scale": [0.625, 0.5, 0.5]
		},
		"ground": {
			"rotation": [0, 0, 90],
			"translation": [0, -0.5, 0],
			"scale": [0.625, 0.5, 0.5]
		},
		"gui": {
			"rotation": [60, 45, -45],
			"translation": [-0.5, 0.75, 0],
			"scale": [0.7, 0.7, 0.7]
		},
		"head": {
			"rotation": [90, -40, 90],
			"translation": [3, -12, 4],
			"scale": [0.875, 0.7, 0.7]
		},
		"fixed": {
			"rotation": [110, 0, 90],
			"translation": [0, 1.25, -4.5],
			"scale": [1.125, 1, 1]
		}
	}
}