{
	"credit": "Made with Blockbench",
	"parent": "./lee",
	"texture_size": [32, 32],
	"textures": {
		"1": "./lee",
		"particle": "./lee"
	},
	"elements": [
		{
			"from": [7, 6, 3.5],
			"to": [9, 8, 11.5],
			"rotation": {"angle": 0, "axis": "y", "origin": [3.5, -0.25, 26.5]},
			"faces": {
				"north": {"uv": [11.5, 11.5, 12.5, 12.5], "texture": "#1"},
				"east": {"uv": [4, 2, 8, 3], "texture": "#1"},
				"south": {"uv": [0, 12, 1, 13], "texture": "#1"},
				"west": {"uv": [4, 3, 8, 4], "texture": "#1"},
				"up": {"uv": [5, 8, 4, 4], "texture": "#1"},
				"down": {"uv": [1, 5, 0, 9], "texture": "#1"}
			}
		},
		{
			"from": [7.25, 7.75, -6],
			"to": [8.75, 8.25, 2.5],
			"rotation": {"angle": 0, "axis": "y", "origin": [10.25, -0.25, 26.5]},
			"faces": {
				"north": {"uv": [6.5, 13.5, 7.25, 13.75], "texture": "#1"},
				"east": {"uv": [11.5, 1, 15.75, 1.25], "texture": "#1"},
				"west": {"uv": [11.5, 11, 15.75, 11.25], "texture": "#1"},
				"up": {"uv": [6.75, 10.25, 6, 6], "texture": "#1"}
			}
		},
		{
			"from": [7.25, 6.25, -7.5],
			"to": [8.75, 8.25, -6],
			"rotation": {"angle": 0, "axis": "y", "origin": [7.75, -0.25, 26.5]},
			"faces": {
				"north": {"uv": [0, 14.75, 1, 16], "texture": "#1"},
				"east": {"uv": [12.5, 3, 13.25, 4], "texture": "#1"},
				"south": {"uv": [4.5, 12.5, 5.25, 13.5], "texture": "#1"},
				"west": {"uv": [9.5, 12.5, 10.25, 13.5], "texture": "#1"},
				"up": {"uv": [12.25, 13.25, 11.5, 12.5], "texture": "#1"},
				"down": {"uv": [13.25, 11.5, 12.5, 12.25], "texture": "#1"}
			}
		},
		{
			"from": [7.75, 6.25, -8],
			"to": [8.25, 6.75, -7.5],
			"rotation": {"angle": 0, "axis": "y", "origin": [8.25, -0.25, 26.5]},
			"faces": {
				"north": {"uv": [14, 9, 14.25, 9.25], "texture": "#1"},
				"east": {"uv": [9.5, 14, 9.75, 14.25], "texture": "#1"},
				"west": {"uv": [10, 14, 10.25, 14.25], "texture": "#1"},
				"up": {"uv": [14.25, 10.25, 14, 10], "texture": "#1"},
				"down": {"uv": [10.75, 14, 10.5, 14.25], "texture": "#1"}
			}
		},
		{
			"from": [7.75, 5.75, -4.5],
			"to": [8.25, 6.25, -4],
			"rotation": {"angle": 0, "axis": "y", "origin": [8.25, -0.25, 26.5]},
			"faces": {
				"north": {"uv": [1.5, 14.5, 1.75, 14.75], "texture": "#1"},
				"east": {"uv": [14.5, 1.5, 14.75, 1.75], "texture": "#1"},
				"south": {"uv": [2, 14.5, 2.25, 14.75], "texture": "#1"},
				"west": {"uv": [2.5, 14.5, 2.75, 14.75], "texture": "#1"},
				"down": {"uv": [14.75, 2.5, 14.5, 2.75], "texture": "#1"}
			}
		},
		{
			"from": [6.875, 7.1, 18.75],
			"to": [9.125, 8.85, 19.75],
			"rotation": {"angle": 22.5, "axis": "x", "origin": [7.875, 8.25, 15.75]},
			"faces": {
				"north": {"uv": [11.5, 0, 12.75, 1], "texture": "#1"},
				"east": {"uv": [1, 13, 1.5, 14], "texture": "#1"},
				"south": {"uv": [11.5, 8.5, 12.75, 9.5], "texture": "#1"},
				"west": {"uv": [1.5, 13, 2, 14], "texture": "#1"},
				"up": {"uv": [7.75, 2, 6.5, 1.5], "texture": "#1"},
				"down": {"uv": [10.75, 7, 9.5, 7.5], "texture": "#1"}
			}
		},
		{
			"from": [7.25, 7.5, 15.5],
			"to": [8.75, 8.5, 16],
			"rotation": {"angle": 0, "axis": "y", "origin": [7.75, -0.25, 26.5]},
			"faces": {
				"north": {"uv": [13, 5.5, 13.75, 6], "texture": "#1"},
				"east": {"uv": [14, 1.5, 14.25, 2], "texture": "#1"},
				"south": {"uv": [13, 6, 13.75, 6.5], "texture": "#1"},
				"west": {"uv": [2, 14, 2.25, 14.5], "texture": "#1"},
				"up": {"uv": [8.25, 13.75, 7.5, 13.5], "texture": "#1"}
			}
		},
		{
			"from": [7, 6, 11.5],
			"to": [9, 7.5, 19],
			"rotation": {"angle": 0, "axis": "y", "origin": [2.5, -0.25, 26.5]},
			"faces": {
				"east": {"uv": [7, 7.5, 10.75, 8.25], "texture": "#1"},
				"west": {"uv": [8, 1.5, 11.75, 2.25], "texture": "#1"},
				"up": {"uv": [2, 8.75, 1, 5], "texture": "#1"},
				"down": {"uv": [6, 4, 5, 7.75], "texture": "#1"}
			}
		},
		{
			"from": [7, 6.25, -6],
			"to": [9, 7.75, 3.5],
			"rotation": {"angle": 0, "axis": "y", "origin": [11.5, -0.25, 26.5]},
			"faces": {
				"north": {"uv": [3.5, 12, 4.5, 12.75], "texture": "#1"},
				"east": {"uv": [6, 4, 10.75, 4.75], "texture": "#1"},
				"west": {"uv": [6, 5, 10.75, 5.75], "texture": "#1"},
				"up": {"uv": [1, 4.75, 0, 0], "texture": "#1"},
				"down": {"uv": [2, 0, 1, 4.75], "texture": "#1"}
			}
		},
		{
			"from": [7.375, 7.35, 16.75],
			"to": [8.625, 8.35, 18.75],
			"rotation": {"angle": 0, "axis": "y", "origin": [7.875, -0.25, 29.5]},
			"faces": {
				"north": {"uv": [6.5, 13, 7.25, 13.5], "texture": "#1"},
				"east": {"uv": [10, 3.5, 11, 4], "texture": "#1"},
				"south": {"uv": [13, 6.5, 13.75, 7], "texture": "#1"},
				"west": {"uv": [13, 1.5, 14, 2], "texture": "#1"},
				"up": {"uv": [13.25, 10.5, 12.5, 9.5], "texture": "#1"},
				"down": {"uv": [11.25, 12.5, 10.5, 13.5], "texture": "#1"}
			}
		},
		{
			"from": [7.25, 7.25, 12],
			"to": [8.75, 7.75, 15.5],
			"rotation": {"angle": 0, "axis": "y", "origin": [7.75, -0.25, 26.5]},
			"faces": {
				"north": {"uv": [9.5, 13.5, 10.25, 13.75], "texture": "#1"},
				"east": {"uv": [13, 2, 14.75, 2.25], "texture": "#1"},
				"south": {"uv": [13.5, 9.5, 14.25, 9.75], "texture": "#1"},
				"west": {"uv": [13, 4.5, 14.75, 4.75], "texture": "#1"},
				"up": {"uv": [9.25, 12.75, 8.5, 11], "texture": "#1"}
			}
		},
		{
			"from": [7.75, 7.5, 12.5],
			"to": [8.25, 8, 15],
			"rotation": {"angle": 0, "axis": "y", "origin": [7.75, -0.25, 29.5]},
			"faces": {
				"north": {"uv": [14, 13.5, 14.25, 13.75], "texture": "#1"},
				"east": {"uv": [13, 8, 14.25, 8.25], "texture": "#1"},
				"west": {"uv": [13, 8.5, 14.25, 8.75], "texture": "#1"},
				"up": {"uv": [9.25, 14.25, 9, 13], "texture": "#1"}
			}
		},
		{
			"from": [7.25, 7.75, 2.5],
			"to": [8.75, 8.25, 8],
			"rotation": {"angle": 0, "axis": "y", "origin": [7.5, -0.25, 26.5]},
			"faces": {
				"east": {"uv": [12.5, 4, 15.25, 4.25], "texture": "#1"},
				"west": {"uv": [12.5, 10.5, 15.25, 10.75], "texture": "#1"},
				"up": {"uv": [0.75, 11.75, 0, 9], "texture": "#1"}
			}
		},
		{
			"from": [7.25, 7.5, 8],
			"to": [8.75, 8.5, 12],
			"rotation": {"angle": 0, "axis": "y", "origin": [7.75, -0.25, 26.5]},
			"faces": {
				"east": {"uv": [8, 3.5, 10, 4], "texture": "#1"},
				"south": {"uv": [13, 7, 13.75, 7.5], "texture": "#1"},
				"west": {"uv": [12, 2.5, 14, 3], "texture": "#1"},
				"up": {"uv": [7.25, 13, 6.5, 11], "texture": "#1"},
				"down": {"uv": [8.25, 11, 7.5, 13], "texture": "#1"}
			}
		},
		{
			"from": [7.05, 3.79243, 25.93431],
			"to": [8.95, 6.54243, 28.93431],
			"rotation": {"angle": 0, "axis": "y", "origin": [2.5, 2.24243, 23.58431]},
			"faces": {
				"north": {"uv": [11, 4.5, 12, 5.75], "texture": "#1"},
				"east": {"uv": [9, 0, 10.5, 1.25], "texture": "#1"},
				"south": {"uv": [11, 7, 12, 8.25], "texture": "#1"},
				"west": {"uv": [9, 8.5, 10.5, 9.75], "texture": "#1"},
				"up": {"uv": [11.5, 1.5, 10.5, 0], "texture": "#1"},
				"down": {"uv": [6.5, 10.5, 5.5, 12], "texture": "#1"}
			}
		},
		{
			"from": [7, 2.22074, 18.49962],
			"to": [9, 3.72074, 23.49962],
			"rotation": {"angle": 22.5, "axis": "x", "origin": [8, 3.59574, 27.99962]},
			"faces": {
				"north": {"uv": [12, 4.5, 13, 5.25], "texture": "#1"},
				"east": {"uv": [9.5, 6, 12, 6.75], "texture": "#1"},
				"south": {"uv": [5.5, 12, 6.5, 12.75], "texture": "#1"},
				"west": {"uv": [9, 10, 11.5, 10.75], "texture": "#1"},
				"up": {"uv": [6, 10.5, 5, 8], "texture": "#1"},
				"down": {"uv": [3, 8.5, 2, 11], "texture": "#1"}
			}
		},
		{
			"from": [7.05, 3.89243, 20.93431],
			"to": [8.95, 6.64243, 25.93431],
			"rotation": {"angle": 0, "axis": "y", "origin": [8.55, 5.29243, 22.93431]},
			"faces": {
				"north": {"uv": [9.5, 11, 10.5, 12.25], "texture": "#1"},
				"east": {"uv": [6.5, 0, 9, 1.25], "texture": "#1"},
				"south": {"uv": [10.5, 11, 11.5, 12.25], "texture": "#1"},
				"west": {"uv": [7, 6, 9.5, 7.25], "texture": "#1"},
				"up": {"uv": [8, 11, 7, 8.5], "texture": "#1"},
				"down": {"uv": [9, 8.5, 8, 11], "texture": "#1"}
			}
		},
		{
			"from": [7.05, 2.64243, 28.93431],
			"to": [8.95, 6.39243, 31.93431],
			"rotation": {"angle": 0, "axis": "y", "origin": [9, 2.64243, 23.93431]},
			"faces": {
				"north": {"uv": [3.5, 10, 4.5, 11.75], "texture": "#1"},
				"east": {"uv": [2, 6.5, 3.5, 8.25], "texture": "#1"},
				"south": {"uv": [4.5, 10.5, 5.5, 12.25], "texture": "#1"},
				"west": {"uv": [3.5, 8, 5, 9.75], "texture": "#1"},
				"up": {"uv": [11.5, 10, 10.5, 8.5], "texture": "#1"}
			}
		},
		{
			"from": [7, 2.22074, 23.49962],
			"to": [9, 4.22074, 32],
			"rotation": {"angle": 22.5, "axis": "x", "origin": [3, 3.59574, 27.99962]},
			"faces": {
				"north": {"uv": [1.5, 12, 2.5, 13], "texture": "#1"},
				"east": {"uv": [2, 0, 6.25, 1], "texture": "#1"},
				"south": {"uv": [12, 1.5, 13, 2.5], "texture": "#1"},
				"west": {"uv": [2, 1, 6.25, 2], "texture": "#1"},
				"up": {"uv": [3, 6.25, 2, 2], "texture": "#1"},
				"down": {"uv": [4, 2, 3, 6.25], "texture": "#1"}
			}
		},
		{
			"from": [7.5, 7.25, 12],
			"to": [8.5, 8.25, 20],
			"rotation": {"angle": 0, "axis": "y", "origin": [8.5, -0.25, 27]},
			"faces": {
				"north": {"uv": [4.5, 10, 5, 10.5], "texture": "#1"},
				"east": {"uv": [8, 2.5, 12, 3], "texture": "#1"},
				"south": {"uv": [1.5, 10.5, 2, 11], "texture": "#1"},
				"west": {"uv": [8, 3, 12, 3.5], "texture": "#1"},
				"up": {"uv": [3.5, 12.5, 3, 8.5], "texture": "#1"},
				"down": {"uv": [1.5, 9, 1, 13], "texture": "#1"}
			}
		},
		{
			"from": [9.11612, 8.53033, 19],
			"to": [10.11612, 9.03033, 19.5],
			"rotation": {"angle": -45, "axis": "z", "origin": [8.11612, 8.78033, 19.25]},
			"faces": {
				"north": {"uv": [2.5, 14, 3, 14.25], "texture": "#1"},
				"east": {"uv": [14, 11.5, 14.25, 11.75], "texture": "#1"},
				"south": {"uv": [14, 2.5, 14.5, 2.75], "texture": "#1"},
				"west": {"uv": [12, 14, 12.25, 14.25], "texture": "#1"},
				"up": {"uv": [3.5, 14.25, 3, 14], "texture": "#1"},
				"down": {"uv": [14.5, 3, 14, 3.25], "texture": "#1"}
			}
		},
		{
			"from": [10.11612, 8.38033, 18.85],
			"to": [10.86612, 9.13033, 19.6],
			"rotation": {"angle": -45, "axis": "z", "origin": [8.11612, 8.78033, 19.25]},
			"faces": {
				"north": {"uv": [6.5, 10.5, 7, 11], "texture": "#1"},
				"east": {"uv": [2.5, 12, 3, 12.5], "texture": "#1"},
				"south": {"uv": [12, 3, 12.5, 3.5], "texture": "#1"},
				"west": {"uv": [13, 13, 13.5, 13.5], "texture": "#1"},
				"up": {"uv": [14, 0.5, 13.5, 0], "texture": "#1"},
				"down": {"uv": [14, 0.5, 13.5, 1], "texture": "#1"}
			}
		},
		{
			"from": [8.5, 7.75, 19],
			"to": [9, 8.25, 19.5],
			"rotation": {"angle": 0, "axis": "z", "origin": [6.5, 8, 19.25]},
			"faces": {
				"north": {"uv": [14, 12, 14.25, 12.25], "texture": "#1"},
				"east": {"uv": [12.5, 14, 12.75, 14.25], "texture": "#1"},
				"south": {"uv": [14, 12.5, 14.25, 12.75], "texture": "#1"},
				"west": {"uv": [13, 14, 13.25, 14.25], "texture": "#1"},
				"up": {"uv": [14.25, 13.25, 14, 13], "texture": "#1"},
				"down": {"uv": [13.75, 14, 13.5, 14.25], "texture": "#1"}
			}
		},
		{
			"from": [7.3, 4.25, 14.5],
			"to": [8.7, 6.25, 15.5],
			"rotation": {"angle": 0, "axis": "y", "origin": [7.2, -0.25, 26]},
			"faces": {
				"east": {"uv": [13, 0, 13.5, 1], "texture": "#1"},
				"south": {"uv": [12, 5.5, 12.75, 6.5], "texture": "#1"},
				"west": {"uv": [0.5, 13, 1, 14], "texture": "#1"},
				"down": {"uv": [13.75, 5, 13, 5.5], "texture": "#1"}
			}
		},
		{
			"from": [7.25, 4.37474, 11.87291],
			"to": [8.75, 6.37474, 14.87291],
			"rotation": {"angle": 22.5, "axis": "x", "origin": [11.25, 5.24974, 14.37291]},
			"faces": {
				"north": {"uv": [12, 6.5, 12.75, 7.5], "texture": "#1"},
				"east": {"uv": [1.5, 11, 3, 12], "texture": "#1"},
				"south": {"uv": [12, 7.5, 12.75, 8.5], "texture": "#1"},
				"west": {"uv": [11, 3.5, 12.5, 4.5], "texture": "#1"},
				"down": {"uv": [12.25, 9.5, 11.5, 11], "texture": "#1"}
			}
		},
		{
			"from": [7.3, 5.39805, 11.72836],
			"to": [8.7, 6.39805, 12.22836],
			"rotation": {"angle": 0, "axis": "y", "origin": [7.7, -0.35195, 26.47836]},
			"faces": {
				"north": {"uv": [5.5, 13, 6.25, 13.5], "texture": "#1"},
				"east": {"uv": [12.5, 13.5, 12.75, 14], "texture": "#1"},
				"west": {"uv": [13, 13.5, 13.25, 14], "texture": "#1"}
			}
		},
		{
			"from": [8.5, 8.25, -7.25],
			"to": [8.75, 8.75, -6.25],
			"rotation": {"angle": 0, "axis": "y", "origin": [8, -0.25, 26.5]},
			"faces": {
				"north": {"uv": [8, 14, 8.25, 14.25], "texture": "#1"},
				"east": {"uv": [13.5, 13, 14, 13.25], "texture": "#1"},
				"south": {"uv": [8.5, 14, 8.75, 14.25], "texture": "#1"},
				"west": {"uv": [13.5, 13.5, 14, 13.75], "texture": "#1"},
				"up": {"uv": [0.25, 14.5, 0, 14], "texture": "#1"},
				"down": {"uv": [14.25, 0, 14, 0.5], "texture": "#1"}
			}
		},
		{
			"from": [7.25, 8.25, -7.25],
			"to": [7.5, 8.75, -6.25],
			"rotation": {"angle": 0, "axis": "y", "origin": [8, -0.25, 26.5]},
			"faces": {
				"north": {"uv": [11, 14, 11.25, 14.25], "texture": "#1"},
				"east": {"uv": [0.5, 14, 1, 14.25], "texture": "#1"},
				"south": {"uv": [11.5, 14, 11.75, 14.25], "texture": "#1"},
				"west": {"uv": [14, 0.5, 14.5, 0.75], "texture": "#1"},
				"up": {"uv": [1.25, 14.5, 1, 14], "texture": "#1"},
				"down": {"uv": [1.75, 14, 1.5, 14.5], "texture": "#1"}
			}
		},
		{
			"from": [7.125, 8, 7],
			"to": [7.375, 9, 8],
			"rotation": {"angle": 0, "axis": "y", "origin": [8.775, -0.25, 26.5]},
			"faces": {
				"north": {"uv": [3.5, 14, 3.75, 14.5], "texture": "#1"},
				"east": {"uv": [2.5, 13.5, 3, 14], "texture": "#1"},
				"south": {"uv": [14, 3.5, 14.25, 4], "texture": "#1"},
				"west": {"uv": [3, 13.5, 3.5, 14], "texture": "#1"},
				"up": {"uv": [4.25, 14.5, 4, 14], "texture": "#1"},
				"down": {"uv": [14.25, 5, 14, 5.5], "texture": "#1"}
			}
		},
		{
			"from": [8.625, 8, 7],
			"to": [8.875, 9, 8],
			"rotation": {"angle": 0, "axis": "y", "origin": [7.275, -0.25, 26.5]},
			"faces": {
				"north": {"uv": [14, 5.5, 14.25, 6], "texture": "#1"},
				"east": {"uv": [13.5, 3, 14, 3.5], "texture": "#1"},
				"south": {"uv": [14, 6, 14.25, 6.5], "texture": "#1"},
				"west": {"uv": [13.5, 3.5, 14, 4], "texture": "#1"},
				"up": {"uv": [6.75, 14.5, 6.5, 14], "texture": "#1"},
				"down": {"uv": [14.25, 6.5, 14, 7], "texture": "#1"}
			}
		},
		{
			"from": [7.5, 7.75, 4.5],
			"to": [8.5, 8.25, 7.5],
			"rotation": {"angle": -22.5, "axis": "x", "origin": [8.25, 9, 5.75]},
			"faces": {
				"north": {"uv": [7, 14, 7.5, 14.25], "texture": "#1"},
				"east": {"uv": [7.5, 13, 9, 13.25], "texture": "#1"},
				"south": {"uv": [14, 7, 14.5, 7.25], "texture": "#1"},
				"west": {"uv": [13, 7.5, 14.5, 7.75], "texture": "#1"},
				"up": {"uv": [4, 8, 3.5, 6.5], "texture": "#1"},
				"down": {"uv": [2, 9, 1.5, 10.5], "texture": "#1"}
			}
		},
		{
			"from": [7.875, 8.25, -7],
			"to": [8.125, 8.5, -6.5],
			"rotation": {"angle": 0, "axis": "y", "origin": [8.375, -0.25, 26.5]},
			"faces": {
				"north": {"uv": [14, 14, 14.25, 14.25], "texture": "#1"},
				"east": {"uv": [0, 14.5, 0.25, 14.75], "texture": "#1"},
				"south": {"uv": [14.5, 0, 14.75, 0.25], "texture": "#1"},
				"west": {"uv": [0.5, 14.5, 0.75, 14.75], "texture": "#1"},
				"up": {"uv": [14.75, 0.75, 14.5, 0.5], "texture": "#1"},
				"down": {"uv": [1.25, 14.5, 1, 14.75], "texture": "#1"}
			}
		},
		{
			"from": [7.5, 4.75, 15.5],
			"to": [8.5, 6, 16],
			"rotation": {"angle": 0, "axis": "y", "origin": [7.5, -0.25, 26]},
			"faces": {
				"east": {"uv": [4.5, 13.5, 4.75, 14.25], "texture": "#1"},
				"south": {"uv": [2, 13, 2.5, 13.75], "texture": "#1"},
				"west": {"uv": [5, 13.5, 5.25, 14.25], "texture": "#1"},
				"down": {"uv": [9, 13.5, 8.5, 13.75], "texture": "#1"}
			}
		},
		{
			"from": [7.5, 4.75, 18],
			"to": [8.5, 6, 18.5],
			"rotation": {"angle": 0, "axis": "y", "origin": [7.5, -0.25, 26]},
			"faces": {
				"north": {"uv": [3.5, 13, 4, 13.75], "texture": "#1"},
				"east": {"uv": [5.5, 13.5, 5.75, 14.25], "texture": "#1"},
				"south": {"uv": [4, 13, 4.5, 13.75], "texture": "#1"},
				"west": {"uv": [6, 13.5, 6.25, 14.25], "texture": "#1"},
				"down": {"uv": [14, 10, 13.5, 10.25], "texture": "#1"}
			}
		},
		{
			"from": [7.75, 5.25, 17.25],
			"to": [8.25, 6.25, 17.5],
			"rotation": {"angle": -22.5, "axis": "x", "origin": [8, 5.625, 17.375]},
			"faces": {
				"north": {"uv": [10.5, 13.5, 10.75, 14], "texture": "#1"},
				"east": {"uv": [11, 13.5, 11.25, 14], "texture": "#1"},
				"south": {"uv": [11.5, 13.5, 11.75, 14], "texture": "#1"},
				"west": {"uv": [13.5, 11.5, 13.75, 12], "texture": "#1"},
				"down": {"uv": [7.75, 14, 7.5, 14.25], "texture": "#1"}
			}
		},
		{
			"from": [7.5, 4.25, 16],
			"to": [8.5, 4.75, 18],
			"rotation": {"angle": 0, "axis": "y", "origin": [7.5, -0.25, 26]},
			"faces": {
				"north": {"uv": [12, 13.5, 12.5, 13.75], "texture": "#1"},
				"east": {"uv": [13, 9, 14, 9.25], "texture": "#1"},
				"south": {"uv": [13.5, 12, 14, 12.25], "texture": "#1"},
				"west": {"uv": [13, 12.5, 14, 12.75], "texture": "#1"},
				"up": {"uv": [13, 13.5, 12.5, 12.5], "texture": "#1"},
				"down": {"uv": [0.5, 13, 0, 14], "texture": "#1"}
			}
		}
	],
	"display": {
		"thirdperson_righthand": {
			"rotation": [0, -14, 0],
			"translation": [-1, 1.6, -6],
			"scale": [0.8, 0.8, 0.65]
		},
		"firstperson_righthand": {
			"rotation": [0, -15.5, 0],
			"translation": [9, 6.5, -6.75]
		}
	}
}